書名,曲名,演唱歌手,冊別,頁別,備註
最新排行(簡譜)：最新單曲,間距,en,161,002,
最新排行(簡譜)：最新單曲,怪情歌,林宥嘉,161,004,
最新排行(簡譜)：最新單曲,數到十,曾沛慈,161,006,
最新排行(簡譜)：最新單曲,一薪二用,宋鹽球,161,008,
最新排行(簡譜)：最新單曲,五福臨門,李晴,161,010,電視劇《百味人生》三立八點檔片頭金曲
最新排行(簡譜)：最新單曲,卡農 in Love,蔡佩軒,161,012,
最新排行(簡譜)：最新單曲,過了幾天,郭家瑋,161,014,
最新排行(簡譜)：最新單曲,後來遇見他,胡66,161,016,
最新排行(簡譜)：最新單曲,你挺我我挺你,良一/彬朝/梓華,161,018,
最新排行(簡譜)：最新單曲,你是我這輩子最想愛的呀,五堅情,161,020,
最新排行(簡譜)：最新單曲,誰,曲肖冰,161,022,
最新排行(簡譜)：最新單曲,認輸,張震嶽,161,024,
最新排行(簡譜)：最新單曲,拌拌咧,李竺芯,161,026,
最新排行(簡譜)：最新單曲,用力活著,張茜,161,028,
最新排行(簡譜)：最新單曲,灰色軌跡,Beyond,161,030,電影《天若有情》插曲
最新排行(簡譜)：最新單曲,我喜歡你,洪安妮,161,032,
最新排行(簡譜)：最新單曲,這麼多年,陳華,161,034,電視劇《我想和你在一起》插曲
最新排行(簡譜)：最新單曲,帶我去找夜生活,告五人,161,036,
最新排行(簡譜)：最新單曲,我對自己開了一槍,佛跳牆 戴佩妮,161,040,
最新排行(簡譜)：最新單曲,沒有理想的人不傷心,新褲子,161,042,
最新排行(簡譜)：最新單曲,沒出息(烟嗓版),仲南,161,046,
最新排行(簡譜)：最新單曲,馬,福祿壽,161,048,
最新排行(簡譜)：最新單曲,野人,孟維來,161,050,
最新排行(簡譜)：最新單曲,聽說,叢銘君,161,052,
最新排行(簡譜)：最新單曲,沒出息(正式完整版),王搏/王蓉,161,054,
最新排行(簡譜)：最新單曲,一萬次悲傷,逃跑計劃,161,056,
最新排行(簡譜)：最新單曲,出現又離開,梁博,161,058,
最新排行(簡譜)：最新單曲,你要跳舞嗎,新褲子,161,062,
最新排行(簡譜)：最新單曲,壞壞惹人愛,信樂團/戴愛玲,161,064,
最新排行(簡譜)：最新單曲,我想要擁有你,小男孩樂團,161,066,Netflix影集《影后》插曲
最新排行(簡譜)：最新單曲,土坡上的狗尾草,盧潤澤,161,068,
最新排行(簡譜)：最新單曲,我們到底算什麼,徐暐翔,161,070,
最新排行(簡譜)：最新單曲,伊的身邊已經有別人,許富凱,161,072,
最新排行(簡譜)：最新單曲,阿刁,張韶涵,161,074,
最新排行(簡譜)：最新單曲,座位,于冬然,161,078,
最新排行(簡譜)：最新單曲,善後,馬師傅,161,080,
最新排行(簡譜)：最新單曲,茶花開了,王睿卓,161,082,
最新排行(簡譜)：最新單曲,親愛的你啊,任素汐,161,084,
最新排行(簡譜)：最新單曲,天使借的溫柔,艾薇,161,086,
最新排行(簡譜)：最新單曲,若無你我欲去佗位,黃奇斌,161,088,電影《96分鐘》主題曲
最新排行(簡譜)：最新單曲,太多,陳冠蒲,160,002,
最新排行(簡譜)：最新單曲,啟程,2016全國高中生大合唱,160,004,
最新排行(簡譜)：最新單曲,追夢人,鳳飛飛,160,007,
最新排行(簡譜)：最新單曲,心甜甜,洪榮宏/胡曉芳,160,009,
最新排行(簡譜)：最新單曲,三生石頂,洪榮宏,160,011,
最新排行(簡譜)：最新單曲,渡我不渡她,夏婉安,160,013,
最新排行(簡譜)：最新單曲,想念你想我,周興哲,160,015,電視劇《冬至》片頭曲
最新排行(簡譜)：最新單曲,夢中想起你,洪榮宏,160,017,
最新排行(簡譜)：最新單曲,你答應我的事,陳墨一,160,019,
最新排行(簡譜)：最新單曲,瀘沽湖2021,麻園詩人,160,021,
最新排行(簡譜)：最新單曲,騙,張碧晨,159,043,電影《如果聲音不記得》插曲
最新排行(簡譜)：最新單曲,青花,周傳雄,159,045,
最新排行(簡譜)：最新單曲,火車站,朱德寶/方千玉,159,047,
最新排行(簡譜)：最新單曲,淒美地,郭頂,159,049,
最新排行(簡譜)：最新單曲,我不該哭,動力火車,159,051,
最新排行(簡譜)：最新單曲,我喜歡你,芒果醬,159,054,
最新排行(簡譜)：最新單曲,生命的情火,洪榮宏/張瀞云,159,056,
最新排行(簡譜)：最新單曲,紅色高跟鞋,蔡健雅,159,058,電影《愛情左右》主題曲
最新排行(簡譜)：最新單曲,可是她叫我寶A,陳零九/文慧如,159,060,
最新排行(簡譜)：最新單曲,不要慌太陽下山有月光,GooGoo,159,062,
最新排行(簡譜)：最新單曲,我願意,許志豪,159,064,
最新排行(簡譜)：最新單曲,抱著你,縱貫線,159,066,
最新排行(簡譜)：最新單曲,已讀不回,許志豪,159,068,
最新排行(簡譜)：最新單曲,愛情倒退,許紹洋,159,070,
最新排行(簡譜)：最新單曲,APT.,ROSE/BrunoMars,159,072,
最新排行(簡譜)：最新單曲,預言,打擾一下,159,074,
最新排行(簡譜)：最新單曲,早點回家,菲道爾,159,076,
最新排行(簡譜)：最新單曲,捨不得的時刻,陳華,159,078,
最新排行(簡譜)：最新單曲,手機錢包鑰匙菸,美秀集團/盧廣仲,159,080,
最新排行(簡譜)：最新單曲,能遇見，就很不錯了,菲道爾,159,082,
最新排行(簡譜)：最新單曲,必巡,曾瑋中,158,002,三立戲劇《含笑食堂》片尾曲
最新排行(簡譜)：最新單曲,按怎,方馨,158,004,台視戲劇《追分成功》主題曲
最新排行(簡譜)：最新單曲,風箏,十五所高中同學合唱,158,006,
最新排行(簡譜)：最新單曲,我會等,承桓,158,010,
最新排行(簡譜)：最新單曲,從今以後,陳韋任,158,012,
最新排行(簡譜)：最新單曲,從心出發,方馨/柯叔元/米可白/亮曦/林玉書/蕭景鴻/吳嘉隆,158,014,台視戲劇《追分成功》片頭曲
最新排行(簡譜)：最新單曲,記得很清楚,林小珂,158,016,
最新排行(簡譜)：最新單曲,離別開出花,就是南方凱,158,018,
最新排行(簡譜)：最新單曲,癡心無名氏,艾薇,158,020,
最新排行(簡譜)：最新單曲,想和你看五月的晚霞,陳華,158,022,
最新排行(簡譜)：最新單曲,有些,顏人中,158,024,
最新排行(簡譜)：最新單曲,認錯,優客李林,158,026,
最新排行(簡譜)：最新單曲,安和橋,宋冬野,158,029,
最新排行(簡譜)：最新單曲,聖誕星,周杰倫/楊瑞代,158,031,
最新排行(簡譜)：最新單曲,萱草花,張小斐,158,033,電影《你好，李煥英》主題曲
最新排行(簡譜)：最新單曲,一生所愛,盧冠廷,158,035,電影《齊天大聖西遊記》插曲
最新排行(簡譜)：最新單曲,洘流賰沙,黃春美/許志豪,158,037,三立八點檔《天道》片尾曲
最新排行(簡譜)：最新單曲,祝你順風,黃春美,158,039,三立七點檔《親家》片尾曲
最新排行(簡譜)：最新單曲,媽媽的話,Zyboy忠宇,158,041,
最新排行(簡譜)：最新單曲,我曾遇到一束光,葉斯淳,158,043,
最新排行(簡譜)：最新單曲,我記得,趙雷,158,045,
最新排行(簡譜)：最新單曲,新造的人,鄭宜農,158,048,電影《周處除三害》插曲
最新排行(簡譜)：最新單曲,姑娘別哭泣,柯柯柯啊,158,050,
最新排行(簡譜)：最新單曲,青蘋果樂園,小虎隊,158,052,
最新排行(簡譜)：最新單曲,我不配你要的,PAX,158,055,
最新排行(簡譜)：最新單曲,分手的那一夜,黃春美/鄭進一,158,057,
最新排行(簡譜)：最新單曲,妳是我的唯一,巫啟賢,158,059,
最新排行(簡譜)：最新單曲,思念親像一條河,伍佰,158,061,
最新排行(簡譜)：最新單曲,愛情結局我決定,黃春美,158,063,三立超級紅人榜金曲MV
最新排行(簡譜)：最新單曲,這是你期盼的長大嗎,張齊山,158,066,
最新排行(簡譜)：最新單曲,十全十美,蔡秋鳳,139,030,電視劇《雨夜花》片頭曲
最新排行(簡譜)：最新單曲,半醉人生,蔡秋鳳,139,032,電視劇《甘味人生》片頭曲
最新排行(簡譜)：最新單曲,舊曆十五,詹雅雯,139,034,
最新排行(簡譜)：最新單曲,雙雙對對,陳雷/甲子慧,139,036,
最新排行(簡譜)：最新單曲,媽媽不免驚,蔡秋鳳,139,038,
最新排行(簡譜)：最新單曲,唱乎甲己來聽,秀蘭瑪雅,139,040,
最新排行(簡譜)：最新單曲,愛情敢會當參詳,許富凱,139,042,電視劇《春花望露》片頭曲
最新排行(簡譜)：最新單曲,ALL WITH YOU,太妍,139,044,電視劇《月之戀人-步步驚心：麗》OST
最新排行(簡譜)：最新單曲,雲畫的月光,Gummy,139,046,電視劇《雲畫的月光》OST
最新排行(簡譜)：最新單曲,深情的說再見,成始璄,139,048,電視劇《雲畫的月光》OST
最新排行(簡譜)：最新單曲,"想念,因為想念",Beige,139,050,電視劇《雲畫的月光》OST
最新排行(簡譜)：最新單曲,以你為名的世界,尹美萊,139,052,電視劇《藍色海洋的傳說》OST
最新排行(簡譜)：最新單曲,單,楊丞琳,139,054,
最新排行(簡譜)：最新單曲,山丘,李宗盛,139,056,
最新排行(簡譜)：最新單曲,不說,李榮浩,139,060,電影《從你的全世界路過》路過版主題曲
最新排行(簡譜)：最新單曲,敗將,陳勢安,139,062,
最新排行(簡譜)：最新單曲,觀眾,楊丞琳,139,064,
最新排行(簡譜)：最新單曲,任意門,五月天,139,066,
最新排行(簡譜)：最新單曲,南山南,張磊,139,070,
最新排行(簡譜)：最新單曲,喜歡你,Beyond,139,072,
最新排行(簡譜)：最新單曲,不再猶豫,Beyond,139,074,
最新排行(簡譜)：最新單曲,北京北京,汪峰,139,078,
最新排行(簡譜)：最新單曲,真的愛你,Beyond,139,081,
最新排行(簡譜)：最新單曲,永遠都在,S.H.E,139,084,
最新排行(簡譜)：最新單曲,好愛好散,陳勢安,139,088,
最新排行(簡譜)：最新單曲,你啊你啊,魏如萱,139,090,
最新排行(簡譜)：最新單曲,別再撐了,安心亞,139,092,
最新排行(簡譜)：最新單曲,"明天,你好",牛奶咖啡,139,094,
最新排行(簡譜)：最新單曲,帥到分手,周湯豪,139,096,電視劇《飛魚高校生》片頭曲
最新排行(簡譜)：最新單曲,練習愛情,陳勢安,139,098,
最新排行(簡譜)：最新單曲,回憶那麼傷,孫子涵,139,100,電視劇《羋月傳》片頭/片尾曲
最新排行(簡譜)：最新單曲,最好的一天,五月天,139,102,
最新排行(簡譜)：最新單曲,我要你過得好,車志立,139,106,
最新排行(簡譜)：最新單曲,大王叫我來巡山,趙英俊,139,108,電影《萬萬沒想到 西遊篇》片尾曲
最新排行(簡譜)：最新單曲,夜空中最亮的星,鄧紫棋,139,110,
最新排行(簡譜)：最新單曲,終於結束的起點,五月天,139,112,
最新排行(簡譜)：最新單曲,每一個玩音樂的人,謝和弦(A.CHORD)/玖壹壹/陳零九,139,115,
最新排行(簡譜)：最新單曲,讓我留在你身邊,陳奕迅,139,118,電影《擺渡人》主題曲
最新排行(簡譜)：最新單曲,你的愛是什麼形狀,蔣卓嘉,139,120,電視劇《飛魚高校生》插曲
最新排行(簡譜)：最新單曲,你說那C和弦就是,五月天,139,122,
最新排行(簡譜)：最新單曲,原來我也可以幸福,黃美珍,139,124,
最新排行(簡譜)：最新單曲,好朋友,陳百潭/葉諾帆/林俊吉,138,010,
最新排行(簡譜)：最新單曲,你的名,黃文星,138,012,
最新排行(簡譜)：最新單曲,孤鸞命,陳百潭/鳳娘,138,014,
最新排行(簡譜)：最新單曲,問流星,陳百潭,138,016,
最新排行(簡譜)：最新單曲,滴答滴,秀蘭瑪雅,138,018,電視劇《白鷺鷥的願望》片頭曲
最新排行(簡譜)：最新單曲,幸福乾杯,陳百潭/鳳娘,138,020,
最新排行(簡譜)：最新單曲,嫁給我吧,玖壹壹,138,022,
最新排行(簡譜)：最新單曲,越走越勇,黃文星,138,024,
最新排行(簡譜)：最新單曲,癡情拿鐵,葉諾帆,138,026,
最新排行(簡譜)：最新單曲,來去趴踢,玖壹壹/黃明志,138,028,
最新排行(簡譜)：最新單曲,好酒好兄弟,黃文星,138,031,
最新排行(簡譜)：最新單曲,明天再擱來,玖壹壹,138,034,
最新排行(簡譜)：最新單曲,頑固,五月天,138,037,
最新排行(簡譜)：最新單曲,你甘攏袂不甘,謝和弦(A.CHORD),138,040,
最新排行(簡譜)：最新單曲,This Is Love,周興哲,138,042,
最新排行(簡譜)：最新單曲,野子,蘇運瑩,138,044,選秀節目《現場Live版本》
最新排行(簡譜)：最新單曲,轉眼,五月天,138,046,
最新排行(簡譜)：最新單曲,好可惜,莊心妍,138,050,
最新排行(簡譜)：最新單曲,年輪說,楊丞琳,138,052,植劇場《荼靡》片頭曲
最新排行(簡譜)：最新單曲,滿天星,李玉璽,138,054,電視劇《狼王子》片尾曲
最新排行(簡譜)：最新單曲,暴風雪,李佳薇,138,056,
最新排行(簡譜)：最新單曲,以後以後,林芯儀,138,058,電視劇【我和我的十七歲】片尾曲
最新排行(簡譜)：最新單曲,半句再見,孫燕姿,138,060,電影《六弄咖啡館》主題曲
最新排行(簡譜)：最新單曲,如果再見,韋禮安,138,062,電影《極樂宿舍》主題曲
最新排行(簡譜)：最新單曲,告白氣球,周杰倫,138,064,
最新排行(簡譜)：最新單曲,寂寞無害,艾怡良,138,066,電視劇《拜託了媽媽》片頭曲
最新排行(簡譜)：最新單曲,愛情廢柴,周杰倫,138,068,
最新排行(簡譜)：最新單曲,當你老了,莫文蔚,138,070,
最新排行(簡譜)：最新單曲,我愛過你,周興哲,138,072,電視劇《左耳》宣傳曲*3頁
最新排行(簡譜)：最新單曲,說走就走,周杰倫,138,075,
最新排行(簡譜)：最新單曲,餘波盪漾,田馥甄,138,078,電視劇《飛魚高校生》片尾曲*3頁
最新排行(簡譜)：最新單曲,後來的我們,五月天,138,081,
最新排行(簡譜)：最新單曲,吻得太逼真,張敬軒,138,084,
最新排行(簡譜)：最新單曲,我過得很好,莊心妍,138,086,
最新排行(簡譜)：最新單曲,都是你害的,畢書盡(Bii),138,088,電視劇《我的極品男友》片尾曲
最新排行(簡譜)：最新單曲,謝謝妳愛我,謝和弦(A.CHORD),138,090,
最新排行(簡譜)：最新單曲,在沒有你以後,謝和弦(A.CHORD),138,092,
最新排行(簡譜)：最新單曲,第一個想到你,韋禮安,138,094,電視劇《後菜鳥的燦爛時代》片尾曲*3頁
最新排行(簡譜)：最新單曲,愛情教會我們的事,周興哲,138,097,
最新排行(簡譜)：最新單曲,走著走著就散了,莊心妍,138,100,
最新排行(簡譜)：最新單曲,我不是你該愛的那個人,曾沛慈,138,102,電視劇《終極一班4》片尾曲
最新排行(簡譜)：最新單曲,好好(想把你寫成一首歌),五月天,138,104,
最新排行(簡譜)：最新單曲,青春,丁姵均,137,010,電視劇《春花望露》片頭曲
最新排行(簡譜)：最新單曲,最愛的人,李千娜/王大文,137,012,
最新排行(簡譜)：最新單曲,愛的情火,陳雷/甲子慧,137,014,電視劇《甘味人生》片頭曲
最新排行(簡譜)：最新單曲,回來我身邊,玖壹壹,137,016,
最新排行(簡譜)：最新單曲,甜蜜的責任,蔡佳麟/丁姵均,137,020,
最新排行(簡譜)：最新單曲,嘻哈庄腳情,玖壹壹,137,022,
最新排行(簡譜)：最新單曲,今夜又擱想起你,楊宗憲,137,024,
最新排行(簡譜)：最新單曲,Talk Love (말해 뭐해),K.Will,137,030,電視劇《太陽的後裔》OST
最新排行(簡譜)：最新單曲,不該,周杰倫/aMEI,137,040,
最新排行(簡譜)：最新單曲,空城,楊坤,137,042,
最新排行(簡譜)：最新單曲,看淡,田馥甄,137,044,電視劇《一把青》片頭曲
最新排行(簡譜)：最新單曲,鍊愛,李佳薇,137,046,韓劇《她很漂亮》《我的女兒琴四月》《羋月傳》片尾曲
最新排行(簡譜)：最新單曲,一點點,周杰倫,137,048,
最新排行(簡譜)：最新單曲,下輩子,玖壹壹,137,050,
最新排行(簡譜)：最新單曲,我的路,玖壹壹,137,052,
最新排行(簡譜)：最新單曲,紅顏舊,劉濤,137,054,電視劇《瑯琊榜》插曲
最新排行(簡譜)：最新單曲,風起時,胡歌,137,056,電視劇《琅琊榜》主題曲
最新排行(簡譜)：最新單曲,說實話,李千娜,137,058,
最新排行(簡譜)：最新單曲,下個街角,蕭煌奇,137,060,
最新排行(簡譜)：最新單曲,大雨將至,徐佳瑩,137,062,電視劇【女醫明妃傳】主題曲
最新排行(簡譜)：最新單曲,天真有邪,林宥嘉,137,064,
最新排行(簡譜)：最新單曲,光輝歲月,Beyond,137,066,
最新排行(簡譜)：最新單曲,好喜歡你,LuLu黃路梓茵,137,068,
最新排行(簡譜)：最新單曲,你好不好,周興哲,137,070,電視劇《遺憾拼圖》片尾曲*3頁
最新排行(簡譜)：最新單曲,道聽塗說,林芯儀,137,073,
最新排行(簡譜)：最新單曲,西海情歌,刀郎,137,076,
最新排行(簡譜)：最新單曲,幸福太短,A-Lin,137,078,電視劇《奇妙的時光之旅》片尾曲
最新排行(簡譜)：最新單曲,爸爸媽媽,李榮浩,137,080,
最新排行(簡譜)：最新單曲,派對動物,五月天,137,082,
最新排行(簡譜)：最新單曲,死心了沒有,蕭煌奇,137,086,
最新排行(簡譜)：最新單曲,是我不夠好,李毓芬,137,090,電視劇《第二次20歲》片尾曲
最新排行(簡譜)：最新單曲,想戀一個愛,丁噹,137,092,電視劇《大人情歌》片頭曲
最新排行(簡譜)：最新單曲,忘了如何遺忘,郭靜,137,094,電視劇《聶小倩》片尾曲
最新排行(簡譜)：最新單曲,假如愛有天意,李健,137,096,
最新排行(簡譜)：最新單曲,這是最後一次,謝和弦(A.CHORD),137,099,
最新排行(簡譜)：最新單曲,只是不夠愛自己,丁噹,137,102,電視劇《雲中歌》片尾曲
最新排行(簡譜)：最新單曲,如果我們不曾相遇,五月天,137,104,
最新排行(簡譜)：最新單曲,勇敢,五月天,136,010,
最新排行(簡譜)：最新單曲,團圓,孫淑媚,136,012,電視劇《甘味人生》主題曲
最新排行(簡譜)：最新單曲,小飛俠,黃妃,136,014,
最新排行(簡譜)：最新單曲,飛仔麟,蔡佳麟,136,016,
最新排行(簡譜)：最新單曲,唱乎爽,黃妃,136,018,電視劇《魚干女》插曲*3頁
最新排行(簡譜)：最新單曲,9453,玖壹壹,136,022,
最新排行(簡譜)：最新單曲,思念的人,鳳娘,136,024,
最新排行(簡譜)：最新單曲,無字天書,黃妃,136,026,
最新排行(簡譜)：最新單曲,走過好味道,王識賢,136,028,電視劇《走過好味道》片頭曲
最新排行(簡譜)：最新單曲,飛入你心底,黃妃,136,030,
最新排行(簡譜)：最新單曲,懷念你媽媽,陳雷,136,032,
最新排行(簡譜)：最新單曲,癡情玫瑰花,Under Lover/玖壹壹,136,034,
最新排行(簡譜)：最新單曲,You Raise Me Up,Josh Groban,136,038,
最新排行(簡譜)：最新單曲,默,那英,136,040,電影《何以笙簫默》插曲
最新排行(簡譜)：最新單曲,讓,蕭煌奇,136,042,
最新排行(簡譜)：最新單曲,幸福特調,羅志祥/裴秀智,136,045,
最新排行(簡譜)：最新單曲,父親,筷子兄弟,136,048,
最新排行(簡譜)：最新單曲,再見,鄧紫棋,136,050,
最新排行(簡譜)：最新單曲,安靜,朱俐靜/陳勢安,136,052,電視劇《愛上哥們》插曲
最新排行(簡譜)：最新單曲,底線,溫嵐,136,054,電視劇《愛上哥們》插曲
最新排行(簡譜)：最新單曲,兜圈,林宥嘉,136,056,電視劇《必娶女人》片尾曲
最新排行(簡譜)：最新單曲,也可以,閻奕格,136,058,電影《追婚日記》插曲
最新排行(簡譜)：最新單曲,心時代,畢書盡(Bii)/陳勢安/陳彥允/李玉璽,136,060,
最新排行(簡譜)：最新單曲,我不要,Popu Lady,136,064,電視劇《戀愛鄰距離》片尾曲
最新排行(簡譜)：最新單曲,致命傷,羅志祥,136,066,
最新排行(簡譜)：最新單曲,壞脾氣,吳汶芳,136,068,電視劇《星座愛情 牡羊女》片尾曲
最新排行(簡譜)：最新單曲,關鍵詞,林俊傑,136,070,《Horae  Beaute》韓媞形象主題曲
最新排行(簡譜)：最新單曲,飆高音,黃明志,136,072,
最新排行(簡譜)：最新單曲,可以的話,梁靜茹,136,074,電視劇《料理高校生》插曲
最新排行(簡譜)：最新單曲,泰國情哥,黃明志,136,076,
最新排行(簡譜)：最新單曲,下雨的夜晚,蘇打綠,136,078,
最新排行(簡譜)：最新單曲,怎麼還不愛,楊凱琳/余楓,136,080,電視劇《 料理高校生》片尾曲
最新排行(簡譜)：最新單曲,原來你都在,丁噹,136,082,《三商美邦人壽》2015年形象主題曲
最新排行(簡譜)：最新單曲,逆時光的浪,畢書盡(Bii),136,084,
最新排行(簡譜)：最新單曲,痛快的哀艷,蘇打綠,136,086,
最新排行(簡譜)：最新單曲,很久很久以後,范瑋琪,136,090,
最新排行(簡譜)：最新單曲,為自己而自己,周蕙,136,092,
最新排行(簡譜)：最新單曲,遠在眼前的你,王心凌,136,094,
最新排行(簡譜)：最新單曲,不為誰而作的歌,林俊傑,136,096,
最新排行(簡譜)：最新單曲,只要有你的地方,林俊傑,136,098,電影《消失的愛人》主題曲
最新排行(簡譜)：最新單曲,如果我們再相遇,王笠人,136,100,電視劇《致，第三者》片頭曲
最新排行(簡譜)：最新單曲,如果我變成一首歌,林宥嘉,136,102,電影《杜拉拉追婚記》主題曲
最新排行(簡譜)：最新單曲,我不知道愛是什麼,艾怡良,136,104,電視劇《十六個夏天》插曲
最新排行(簡譜)：最新單曲,我心中尚未崩壞的地方,五月天,136,106,
最新排行(簡譜)：最新單曲,甘願,謝和弦(A.CHORD),135,010,
最新排行(簡譜)：最新單曲,春梅,袁詠琳,135,014,電視劇《春梅》片尾曲
最新排行(簡譜)：最新單曲,天頂星,秀蘭瑪雅,135,016,
最新排行(簡譜)：最新單曲,台北台北,謝和弦(A.CHORD),135,018,
最新排行(簡譜)：最新單曲,甘味人生,陳百潭,135,020,電視劇《甘味人生》片尾曲
最新排行(簡譜)：最新單曲,你不愛我,玖壹壹,135,022,
最新排行(簡譜)：最新單曲,今生的願望,曹雅雯/許富凱,135,024,
最新排行(簡譜)：最新單曲,打拼一定贏,葉諾帆,135,026,
最新排行(簡譜)：最新單曲,再會中港路,玖壹壹,135,028,
最新排行(簡譜)：最新單曲,幸福的溫度,江蕙,135,030,
最新排行(簡譜)：最新單曲,越唱越大聲,葉懷佩,135,032,電視劇《春梅》片頭曲
最新排行(簡譜)：最新單曲,你是我的玫瑰,葉諾帆,135,034,
最新排行(簡譜)：最新單曲,你是我的寶貝,秀蘭瑪雅/邵大倫,135,036,
最新排行(簡譜)：最新單曲,Love More,畢書盡(Bii),135,038,電視劇《料理高校生》插曲
最新排行(簡譜)：最新單曲,Something,嚴爵,135,040,
最新排行(簡譜)：最新單曲,女孩,韋禮安,135,042,《2015韋禮安 台北小巨蛋演唱會》主題曲
最新排行(簡譜)：最新單曲,生生,林俊傑,135,046,
最新排行(簡譜)：最新單曲,刺蝟,林昕陽,135,048,電視劇《皮諾丘》片頭曲
最新排行(簡譜)：最新單曲,風聲,黃曉明,135,050,電影《風聲》主題曲
最新排行(簡譜)：最新單曲,預告,蔣卓嘉,135,052,電視劇《他看她的第2眼》片頭曲
最新排行(簡譜)：最新單曲,輕輕,嚴爵/peace,135,054,
最新排行(簡譜)：最新單曲,大齡女子,彭佳慧,135,057,
最新排行(簡譜)：最新單曲,小幸運,田馥甄,135,060,電影《我的少女時代》主題曲
最新排行(簡譜)：最新單曲,那你呢,宇宙人,135,062,《美國棉年度代言曲》
最新排行(簡譜)：最新單曲,妳說他,Popu Lady,135,066,電影《我的少女時代》插曲
最新排行(簡譜)：最新單曲,一無所懼,戴愛玲,135,068,電視劇《好想談戀愛》插曲/電影《美人情園》中文主題曲
最新排行(簡譜)：最新單曲,忘記擁抱,A-Lin,135,070,電影《234說愛你》主題曲
最新排行(簡譜)：最新單曲,我們青春,李玉璽,135,073,電影《我的少女時代》插曲/電視劇《料理高校生》片頭曲
最新排行(簡譜)：最新單曲,我不離開,戴愛玲/A-Lin,135,076,
最新排行(簡譜)：最新單曲,命中注定,A-Lin/孫楠,135,078,電影《命中注定》主題曲
最新排行(簡譜)：最新單曲,放下旅行,李玉璽,135,080,電視劇《再說一次我願意》片尾曲
最新排行(簡譜)：最新單曲,浪費眼淚,ELLA,135,082,
最新排行(簡譜)：最新單曲,盛夏光年,五月天,135,084,
最新排行(簡譜)：最新單曲,你不是真正的快樂,鄧紫棋,135,087,
最新排行(簡譜)：最新單曲,你曾是少年,S.H.E,135,090,電影《少年班》主題曲
最新排行(簡譜)：最新單曲,別說沒愛過,韋禮安,135,092,
最新排行(簡譜)：最新單曲,孤獨的總和,吳汶芳,135,094,電視劇《愛的生存之道》插曲
最新排行(簡譜)：最新單曲,突然好想你,徐佳瑩,135,096,
最新排行(簡譜)：最新單曲,當時的我們,BY2,135,098,
最新排行(簡譜)：最新單曲,女孩你知道嗎,謝和弦(A.CHORD),135,100,
最新排行(簡譜)：最新單曲,愛不需要裝乖,謝和弦(A.CHORD)/王詩安,135,102,
最新排行(簡譜)：最新單曲,其實你已經知道,王大文,135,104,
最新排行(簡譜)：最新單曲,下輩子別再做女人,戴安娜,135,106,
最新排行(簡譜)：最新單曲,一個人還是想著一個人,曾沛慈,135,108,
最新排行(簡譜)：最新單曲,最愛,甲子慧,134,010,電視劇《世間情》片頭曲
最新排行(簡譜)：最新單曲,媽媽,孫淑媚,134,012,電視劇《阿母》主題曲
最新排行(簡譜)：最新單曲,露水,李婭莎,134,014,電視劇《珍珠人生》片尾曲
最新排行(簡譜)：最新單曲,手中花,孫淑媚,134,016,電視劇《阿母》片尾曲
最新排行(簡譜)：最新單曲,七老八十,江蕙,134,018,
最新排行(簡譜)：最新單曲,我沒置這,黃文星,134,020,
最新排行(簡譜)：最新單曲,想你的歌,黃文星,134,022,
最新排行(簡譜)：最新單曲,心愛的Honey,丁姵均,134,024,
最新排行(簡譜)：最新單曲,癡情的男子漢,玖壹壹,134,026,
最新排行(簡譜)：最新單曲,空,汪小敏,134,028,電視劇《聽見幸福》片尾曲
最新排行(簡譜)：最新單曲,Checkmate,林俊傑/鄭容和,134,030,
最新排行(簡譜)：最新單曲,千秋,孫楠,134,033,電視劇《武媚娘傳奇》片頭曲*1頁
最新排行(簡譜)：最新單曲,打鐵,玖壹壹,134,034,
最新排行(簡譜)：最新單曲,冷火,信,134,037,
最新排行(簡譜)：最新單曲,可惜,郭靜,134,040,電視劇《星座愛情獅子女》片尾曲
最新排行(簡譜)：最新單曲,自拍,李榮浩,134,042,
最新排行(簡譜)：最新單曲,李白,李榮浩,134,044,
最新排行(簡譜)：最新單曲,細數,余荃斌,134,046,電視劇《天使的反擊》片尾曲
最新排行(簡譜)：最新單曲,落俗,李榮浩,134,048,
最新排行(簡譜)：最新單曲,彩虹,五月天,134,050,
最新排行(簡譜)：最新單曲,不將就,李榮浩,134,053,電影《何以笙簫默》片尾曲*3頁
最新排行(簡譜)：最新單曲,多年後,曾沛慈,134,056,
最新排行(簡譜)：最新單曲,你的愛,王力宏,134,058,
最新排行(簡譜)：最新單曲,春天裡,汪峰,134,060,
最新排行(簡譜)：最新單曲,無字碑,張靚穎,134,062,電視劇《武媚娘傳奇》片尾曲
最新排行(簡譜)：最新單曲,罪惡感,A-Lin,134,064,電視劇《布穀鳥之窩》片尾曲
最新排行(簡譜)：最新單曲,小雞嗶嗶,小雞嗶嗶,134,066,
最新排行(簡譜)：最新單曲,母系社會,AMIT,134,068,
最新排行(簡譜)：最新單曲,你好可愛,吳克群/宋智孝,134,070,
最新排行(簡譜)：最新單曲,我遇見你,家家,134,072,演唱會《飛Wind beneath my wings》主題曲
最新排行(簡譜)：最新單曲,信愛成癮,ELLA,134,074,電視劇《皮諾丘》片尾曲
最新排行(簡譜)：最新單曲,浪漫血液,林俊傑,134,076,
最新排行(簡譜)：最新單曲,搖勒搖勒,八三夭,134,078,
最新排行(簡譜)：最新單曲,反正我信了,信,134,080,
最新排行(簡譜)：最新單曲,我怎麼哭了,八三夭,134,082,
最新排行(簡譜)：最新單曲,我們都沒錯,劉品言,134,084,電視劇《離婚好嗎》片尾曲
最新排行(簡譜)：最新單曲,刺蝟的擁抱,袁詠琳,134,086,電視劇《來自星星的你》片尾曲
最新排行(簡譜)：最新單曲,敢為天下先,張靚穎,134,088,電視劇《武媚娘傳奇》插曲
最新排行(簡譜)：最新單曲,替我照顧她,胡夏,134,090,電視劇《好想談戀愛》片尾曲/電影《我是女王》主題曲
最新排行(簡譜)：最新單曲,3.1415,任家萱,134,092,《 LUDEYA 》 廣告曲
最新排行(簡譜)：最新單曲,你是我的星球,吳克群,134,094,
最新排行(簡譜)：最新單曲,那些愛過的事,光良,134,097,
最新排行(簡譜)：最新單曲,青春修煉手冊,TFboys,134,100,
最新排行(簡譜)：最新單曲,多遠都要在一起,鄧紫棋,134,102,
最新排行(簡譜)：最新單曲,聽見下雨的聲音,周杰倫,134,104,
最新排行(簡譜)：最新單曲,不會痛的不叫愛情,吳克群,134,106,
最新排行(簡譜)：最新單曲,如果你還在就好了,信,134,108,
最新排行(簡譜)：最新單曲,雨水,曾心梅,133,010,電視劇《世間情》片尾曲
最新排行(簡譜)：最新單曲,哭吧,柯以敏,133,012,電視劇《鳥來伯與十三姨》片頭曲
最新排行(簡譜)：最新單曲,北極星,詹雅雯,133,014,
最新排行(簡譜)：最新單曲,三碗豬腳,張文綺,133,016,
最新排行(簡譜)：最新單曲,青春的夢,秀蘭瑪雅,133,018,
最新排行(簡譜)：最新單曲,思念的歌,秀蘭瑪雅,133,020,
最新排行(簡譜)：最新單曲,無惜代價,秀蘭瑪雅,133,022,
最新排行(簡譜)：最新單曲,醉心探戈,秀蘭瑪雅/黃文星,133,024,
最新排行(簡譜)：最新單曲,一人水一項,任家萱/蕭煌奇,133,028,陽光基金會 X 全聯「零錢捐」公益廣告曲*4頁
最新排行(簡譜)：最新單曲,姻緣天註定,郭婷筠/蔡佳麟,133,032,
最新排行(簡譜)：最新單曲,贏是咱的名,陳百潭,133,034,
最新排行(簡譜)：最新單曲,歡喜來恰恰,金四喜,133,036,
最新排行(簡譜)：最新單曲,不搭,李榮浩,133,038,電視劇《不要戀愛要結婚》《奇皇后》片尾曲《戀愛的發現》片頭曲
最新排行(簡譜)：最新單曲,新宿,安心亞,133,040,電視劇《妹妹》片尾曲
最新排行(簡譜)：最新單曲,濃妝,朱俐靜,133,042,
最新排行(簡譜)：最新單曲,點水,楊丞琳,133,044,
最新排行(簡譜)：最新單曲,PLAY我呸,蔡依林,133,046,
最新排行(簡譜)：最新單曲,九號球,五月天,133,048,電影《逆轉勝》主題曲
最新排行(簡譜)：最新單曲,小蘋果,筷子兄弟,133,050,電視劇《老男孩猛龍過江》宣傳曲
最新排行(簡譜)：最新單曲,飛高高,張惠妹,133,052,
最新排行(簡譜)：最新單曲,偷偷的,魔幻力量,133,054,電視劇《幸福兌換卷》插曲
最新排行(簡譜)：最新單曲,將軍令,五月天,133,056,電影《黃飛鴻》主題曲
最新排行(簡譜)：最新單曲,手寫的從前,周杰倫,133,059,
最新排行(簡譜)：最新單曲,一起老去,薛凱琪/楊子姍/陳意涵,133,062,電影《閨密》主題曲
最新排行(簡譜)：最新單曲,分開以後,Fuying&Sam,133,064,
最新排行(簡譜)：最新單曲,天涯過客,周杰倫,133,066,
最新排行(簡譜)：最新單曲,我要夏天,周杰倫/楊代瑞,133,068,
最新排行(簡譜)：最新單曲,時間煮雨,郁可唯,133,070,電影《小時代》宣傳曲
最新排行(簡譜)：最新單曲,浪漫來襲,蕭亞軒,133,072,電視劇《16個夏天》主題曲
最新排行(簡譜)：最新單曲,第三人稱,蔡依林,133,074,
最新排行(簡譜)：最新單曲,喜劇之王,李榮浩,133,076,
最新排行(簡譜)：最新單曲,下一次擁抱,朱俐靜,133,078,電視劇《再說一次我願意》插曲
最新排行(簡譜)：最新單曲,手心的薔薇,林俊傑/鄧紫棋,133,080,
最新排行(簡譜)：最新單曲,可惜沒如果,林俊傑,133,082,
最新排行(簡譜)：最新單曲,失憶的金魚,楊丞琳,133,084,
最新排行(簡譜)：最新單曲,用餘生去愛,張學友,133,086,
最新排行(簡譜)：最新單曲,愛．這件事情,傅又宣,133,088,電視劇《愛在異鄉》《愛上恢單女》片頭曲
最新排行(簡譜)：最新單曲,算什麼男人,周杰倫,133,090,
最新排行(簡譜)：最新單曲,鞋子特大號,周杰倫,133,092,
最新排行(簡譜)：最新單曲,聽爸爸的話,周杰倫,133,094,
最新排行(簡譜)：最新單曲,愛其實很殘忍,梁文音,133,096,
最新排行(簡譜)：最新單曲,住在心裡的過客,梁文音,133,098,
最新排行(簡譜)：最新單曲,時間都去哪兒了,王錚亮,133,100,
最新排行(簡譜)：最新單曲,不過失去了一點點,曾沛慈,133,102,電視劇《終極惡女》《命中注定我愛你》《惡作劇2吻》片尾曲
最新排行(簡譜)：最新單曲,有一種勇氣叫放棄,丁噹,133,106,電視劇《風中奇緣》片尾曲
最新排行(簡譜)：最新單曲,可不可以你也剛好喜歡我,FS(Fuying & Sam),133,108,
最新排行(簡譜)：最新單曲,思念,曹雅雯/許富凱,132,010,
最新排行(簡譜)：最新單曲,水水水,黃妃,132,012,
最新排行(簡譜)：最新單曲,越頭看,王尚宏,132,016,
最新排行(簡譜)：最新單曲,銀角仔,蕭煌奇,132,018,
最新排行(簡譜)：最新單曲,七股戀情,方順吉/魏嘉榆,132,020,電視劇《戲說台灣》片頭曲
最新排行(簡譜)：最新單曲,鹽山之戀,方順吉/魏嘉榆,132,022,電視劇《戲說台灣》片頭曲
最新排行(簡譜)：最新單曲,彼眠紅的花,江惠儀,132,024,電視劇《雨後驕陽》片頭曲
最新排行(簡譜)：最新單曲,熱情燒滾滾,王尚宏,132,026,
最新排行(簡譜)：最新單曲,阮的故鄉高雄,高雄音樂人,132,028,
最新排行(簡譜)：最新單曲,The Day,Zia,132,030,電視劇《奇皇后》OST
最新排行(簡譜)：最新單曲,風聲 (바람결 balamgyeol),朴完奎,132,032,電視劇《奇皇后》OST
最新排行(簡譜)：最新單曲,淚街 (눈물길 nunmulgil),輝星,132,034,電視劇《擁抱太陽的月亮》OST
最新排行(簡譜)：最新單曲,墨紙 (먹지 meogji),藝聲,132,036,電視劇《那年冬天，風在吹》OST
最新排行(簡譜)：最新單曲,我愛你 (사랑합니다 salanghabnida),金俊秀,132,038,電視劇《奇皇后》OST
最新排行(簡譜)：最新單曲,致蝴蝶 (나비에게 nabiege),池昌旭,132,040,電視劇《奇皇后》OST
最新排行(簡譜)：最新單曲,愛情風 (사랑 바람 salang balam),Wax,132,044,電視劇《奇皇后》OST
最新排行(簡譜)：最新單曲,但願不是 (아니기를 anigileul),李基燦,132,046,
最新排行(簡譜)：最新單曲,美麗的你 (아름다운 그대여 aleumdaun geudaeyeo),朴相民,132,048,電視劇《你真漂亮》OST
最新排行(簡譜)：最新單曲,荊棘的愛 (가시사랑 gasisalang),4MEN,132,050,電視劇《奇皇后》OST
最新排行(簡譜)：最新單曲,過了很久 (한참 지나서 hancam jinaseo),白智英,132,052,電視劇《屋塔房王世子》OST
最新排行(簡譜)：最新單曲,為你保留的空位 (너를 위한 빈자리 neoleul wihan binjali),朴有天,132,054,電視劇《雷普利小姐》OST
最新排行(簡譜)：最新單曲,Baby Boy,王心凌,132,056,
最新排行(簡譜)：最新單曲,三月,張惠妹,132,058,
最新排行(簡譜)：最新單曲,打呼,潘瑋柏/楊丞琳,132,060,電視劇《媽咪的男朋友》片頭曲*3頁
最新排行(簡譜)：最新單曲,甩開,丁噹,132,064,電視劇《A咖的路》插曲 / 電視劇《錯嫁》片頭曲
最新排行(簡譜)：最新單曲,缺口,庾澄慶,132,066,電影《等一個人咖啡》主題曲
最新排行(簡譜)：最新單曲,模特,李榮浩,132,068,
最新排行(簡譜)：最新單曲,賠償,鍾汶,132,070,電視劇《奇皇后》OST
最新排行(簡譜)：最新單曲,愛存在,王詩安,132,072,電視劇《終極X宿舍》片尾曲
最新排行(簡譜)：最新單曲,你還好嗎,邱鋒澤,132,074,電視劇《奇皇后》片頭曲
最新排行(簡譜)：最新單曲,敢愛敢當,丁噹,132,076,
最新排行(簡譜)：最新單曲,等一個人,林芯儀,132,078,電影《等一個人咖啡之思螢》主題曲
最新排行(簡譜)：最新單曲,想你的夜,關喆,132,080,
最新排行(簡譜)：最新單曲,隨時都在,品  冠,132,082,電視劇《喜歡。一個人》片尾曲
最新排行(簡譜)：最新單曲,1000個太陽,林昕陽,132,084,
最新排行(簡譜)：最新單曲,不解釋親吻,蕭亞軒,132,086,
最新排行(簡譜)：最新單曲,再見陌生人,羅志祥,132,090,電視劇《深圳合租記》片尾曲
最新排行(簡譜)：最新單曲,忍不住想念,李佳薇,132,092,電視劇《奇皇后》片尾曲
最新排行(簡譜)：最新單曲,小人物大公主,陳彥允,132,094,電視劇《喜歡。一個人》片頭曲
最新排行(簡譜)：最新單曲,以後別做朋友,周興哲,132,096,電視劇《16 個夏天》片尾曲
最新排行(簡譜)：最新單曲,我沒那麼愛你,丁噹,132,098,
最新排行(簡譜)：最新單曲,我還是愛著你,MP魔幻力量,132,100,電視劇《幸福兌換卷》片尾曲
最新排行(簡譜)：最新單曲,咖啡在等一個人,周慧敏,132,102,電影《等一個人咖啡》主題曲
最新排行(簡譜)：最新單曲,基因決定我愛你,陳彥允,132,104,電視劇《喜歡。一個人》插曲
最新排行(簡譜)：最新單曲,陳淑芬與林志豪,王心凌,132,106,
最新排行(簡譜)：最新單曲,這樣你還要愛我嗎,張惠妹,132,108,
最新排行(簡譜)：最新單曲,心花開,李千娜,131,012,
最新排行(簡譜)：最新單曲,上水的花,蕭煌奇,131,014,
最新排行(簡譜)：最新單曲,心愛的Honey,李千娜/李李仁,131,016,
最新排行(簡譜)：最新單曲,你敢不敢,孫淑媚,131,018,
最新排行(簡譜)：最新單曲,命運點歌,蕭煌奇,131,020,
最新排行(簡譜)：最新單曲,無關愛情,江蕙,131,022,
最新排行(簡譜)：最新單曲,美麗的意外,李千娜,131,024,
最新排行(簡譜)：最新單曲,感謝你愛我,蕭煌奇,131,026,
最新排行(簡譜)：最新單曲,阿公的舊皮衫,蕭煌奇,131,028,
最新排行(簡譜)：最新單曲,說得到做不到,甲子慧,131,032,
最新排行(簡譜)：最新單曲,雨傘代表阮心肝,李翊君,131,034,電視劇《世間情》片頭曲
最新排行(簡譜)：最新單曲,Let It Go,Idina Menzel,131,036,迪士尼電影《冰雪奇緣》主題曲
最新排行(簡譜)：最新單曲,月落,Heora,131,038,電視劇《擁抱太陽的月亮》
最新排行(簡譜)：最新單曲,心痛的愛,李敏鎬,131,040,電視劇《繼承者》OST
最新排行(簡譜)：最新單曲,冬季愛情,The One,131,042,電視劇《那年冬天 風在吹》
最新排行(簡譜)：最新單曲,為你瘋狂,孝琳,131,044,電視劇《主君的太陽》
最新排行(簡譜)：最新單曲,時間倒流,LYn,131,046,電視劇《擁抱太陽的月亮》
最新排行(簡譜)：最新單曲,唯你一人,金秀賢,131,048,電視劇《擁抱太陽的月亮》
最新排行(簡譜)：最新單曲,還有一個,太妍,131,050,電視劇《那年冬天 風在吹》
最新排行(簡譜)：最新單曲,不論在哪片天空下,朴基英,131,052,電視劇《屋塔房王世子》
最新排行(簡譜)：最新單曲,Kelly,蕭敬騰,131,054,電視劇《來自星星的你》片尾曲
最新排行(簡譜)：最新單曲,狼,韋禮安,131,056,
最新排行(簡譜)：最新單曲,泡沫,鄧紫棋,131,058,
最新排行(簡譜)：最新單曲,洋蔥,五月天,131,060,
最新排行(簡譜)：最新單曲,面具,韋禮安,131,062,
最新排行(簡譜)：最新單曲,強求,李佳薇,131,064,
最新排行(簡譜)：最新單曲,可以了,陳奕迅,131,066,
最新排行(簡譜)：最新單曲,很愛過,丁噹,131,068,電視劇《公主回來了》主題曲
最新排行(簡譜)：最新單曲,套不住,林凡/符致逸,131,070,
最新排行(簡譜)：最新單曲,10:10,RK金承熙,131,072,電視劇《來自星星的你》片頭曲
最新排行(簡譜)：最新單曲,小小星星,OK繃,131,074,
最新排行(簡譜)：最新單曲,不懂寂寞,羅美玲,131,076,電視劇《女人30情定水舞間》插曲
最新排行(簡譜)：最新單曲,快樂快了,家家,131,078,電視劇《A咖的路》片尾曲
最新排行(簡譜)：最新單曲,特別的人,方大同,131,080,
最新排行(簡譜)：最新單曲,笑到流淚,李佳薇,131,082,
最新排行(簡譜)：最新單曲,尋人啟事,徐佳瑩,131,084,電視劇《未來的選擇》主題曲
最新排行(簡譜)：最新單曲,愛到站了,李千娜,131,086,電視劇《熱海戀歌》主題曲
最新排行(簡譜)：最新單曲,離不開你,黃綺珊,131,088,
最新排行(簡譜)：最新單曲,你給我聽好,陳奕迅,131,090,
最新排行(簡譜)：最新單曲,我在你身旁,羅美玲,131,092,電視劇《女人30情定水舞間》片頭曲
最新排行(簡譜)：最新單曲,尚好的青春,孫燕姿,131,094,
最新排行(簡譜)：最新單曲,歲月這把刀,林凡,131,096,電視劇《女人30情定水舞間》片尾曲
最新排行(簡譜)：最新單曲,到不了的地方,蕭敬騰,131,098,電影《到不了的地方》主題曲
最新排行(簡譜)：最新單曲,當我們一起走過,蘇打綠,131,102,
最新排行(簡譜)：最新單曲,當我想你的時候,汪峰,131,104,
最新排行(簡譜)：最新單曲,全世界都閉上了眼睛,OK繃,131,106,
最新排行(簡譜)：最新單曲,我只是害怕不在你身旁,陳零九,131,108,電視劇《女人30情定水舞間》插曲
最新排行(簡譜)：最新單曲,女王,王思佳,130,012,
最新排行(簡譜)：最新單曲,惜命命,羅志祥,130,014,
最新排行(簡譜)：最新單曲,大雨欲來,亦帆,130,016,
最新排行(簡譜)：最新單曲,龍飛鳳舞,蔡佳麟/郭婷筠,130,018,電視劇《龍飛鳳舞》主題曲
最新排行(簡譜)：最新單曲,聽我唱歌,溫嵐,130,020,
最新排行(簡譜)：最新單曲,轟動武林一首歌,卜學亮,130,022,
最新排行(簡譜)：最新單曲,Ba Ba Ba,王思佳,130,024,
最新排行(簡譜)：最新單曲,All For You,徐仁國/鄭恩地,130,027,電視劇《回答吧1997》OST
最新排行(簡譜)：最新單曲,Another Way,金秀賢,130,030,電視劇《擁抱太陽的月亮》OST
最新排行(簡譜)：最新單曲,I Love You,Just,130,032,電視劇《來自星星的你》OST
最新排行(簡譜)：最新單曲,My Destiny,LYn,130,034,電視劇《來自星星的你》OST
最新排行(簡譜)：最新單曲,再見,孝琳,130,036,電視劇《來自星星的你》OST
最新排行(簡譜)：最新單曲,用心愛你,朴正炫,130,038,電視劇《繼承者們》主題曲
最新排行(簡譜)：最新單曲,你家門前,金秀賢,130,040,電視劇《來自星星的你》OST
最新排行(簡譜)：最新單曲,像星星一樣,K.Will,130,042,電視劇《來自星星的你》OST
最新排行(簡譜)：最新單曲,妳的所有瞬間,成詩京,130,046,電視劇《來自星星的你》OST
最新排行(簡譜)：最新單曲,像今天一樣的眼淚,許閣,130,048,電視劇《來自星星的你》OST
最新排行(簡譜)：最新單曲,Good 愛,歐漢聲,130,050,
最新排行(簡譜)：最新單曲,Kiss Me,朱俐靜,130,052,電視劇《真愛黑白配》插曲
最新排行(簡譜)：最新單曲,千年,曾靜玟/范瑋琪,130,054,
最新排行(簡譜)：最新單曲,世界,陳奕迅,130,056,
最新排行(簡譜)：最新單曲,存在,汪峰,130,058,
最新排行(簡譜)：最新單曲,美麗,王大文,130,060,電視劇《回到愛以前》主題曲
最新排行(簡譜)：最新單曲,塵埃,家家,130,062,電視劇《步步驚情》片尾曲
最新排行(簡譜)：最新單曲,心愛的,卓文萱/黃鴻升,130,064,電視劇《就是要你愛上我》主題曲
最新排行(簡譜)：最新單曲,克卜勒,孫燕姿,130,066,
最新排行(簡譜)：最新單曲,I remember,F.I.R.,130,068,
最新排行(簡譜)：最新單曲,不醉不會,田馥甄,130,071,電視劇《沒有名字的甜點店》主題曲
最新排行(簡譜)：最新單曲,未接來電,楊乃文,130,074,
最新排行(簡譜)：最新單曲,我沒資格,家家,130,076,電視劇《有愛一家人》片尾曲
最新排行(簡譜)：最新單曲,孤獨患者,陳奕迅,130,078,
最新排行(簡譜)：最新單曲,明明愛你,林凡,130,080,電視劇《我的自由年代》片尾曲
最新排行(簡譜)：最新單曲,練習愛情,王大文/陳芳語(Kimberley),130,082,
最新排行(簡譜)：最新單曲,戀人無雙,楊培安,130,086,
最新排行(簡譜)：最新單曲,Good Girl 趕快愛,陳芳語(Kimberley),130,088,
最新排行(簡譜)：最新單曲,分手說愛你,陳芳語(Kimberley),130,090,電視劇《主君的太陽》《歐若拉公主》片尾曲
最新排行(簡譜)：最新單曲,天使的指紋,孫燕姿,130,092,
最新排行(簡譜)：最新單曲,幸福的可能,丁噹,130,094,"電視劇《媽,親一下》片尾曲"
最新排行(簡譜)：最新單曲,像天堂的懸崖,李佳薇,130,096,電視劇《主君的太陽》片頭曲
最新排行(簡譜)：最新單曲,轉角那個女孩,李唯楓,130,098,電視劇《幸福選擇題》插曲
最新排行(簡譜)：最新單曲,為你的寂寞唱歌,家家,130,100,
最新排行(簡譜)：最新單曲,愛著愛著就永遠,田馥甄,130,102,
最新排行(簡譜)：最新單曲,我們的故事只講了一半,林凡,130,104,電視劇《就是要你愛上我》插曲
最新排行(簡譜)：最新單曲,有些事現在不做一輩子都不會做了,五月天,130,106,
最新排行(簡譜)：最新單曲,惦惦,黃乙玲,129,012,
最新排行(簡譜)：最新單曲,貪心,詹雅雯,129,014,
最新排行(簡譜)：最新單曲,水噴噴,張文綺,129,016,電視劇《西遊記》片頭曲
最新排行(簡譜)：最新單曲,玫瑰香,許富凱,129,018,
最新排行(簡譜)：最新單曲,無情歌,秀蘭瑪雅,129,020,
最新排行(簡譜)：最新單曲,金罵沒ㄤ,林美秀,129,022,
最新排行(簡譜)：最新單曲,愛你袂起,陳怡婷,129,026,
最新排行(簡譜)：最新單曲,愛情的網,陳怡婷/王建復,129,028,電視劇《風水世家》片頭曲
最新排行(簡譜)：最新單曲,同心行同路,阿吉仔,129,030,
最新排行(簡譜)：最新單曲,惦在你身邊,黃乙玲,129,032,電視劇《天下女人心》片尾曲
最新排行(簡譜)：最新單曲,細漢的願望,秀蘭瑪雅,129,034,電視劇《天下父母心》片尾曲
最新排行(簡譜)：最新單曲,攏是為著愛,秀蘭瑪雅,129,036,
最新排行(簡譜)：最新單曲,關於愛情的問題,劉依純,129,038,
最新排行(簡譜)：最新單曲,皮膚,陳勢安,129,040,電視劇《幸福街 第3號出口》插曲
最新排行(簡譜)：最新單曲,早熟,王詩安,129,042,
最新排行(簡譜)：最新單曲,步步,五月天,129,044,電視劇《步步驚情》主題曲
最新排行(簡譜)：最新單曲,旅程,蔡依林,129,046,《施華洛世奇時尚音樂之旅》主題曲
最新排行(簡譜)：最新單曲,渺小,田馥甄,129,048,
最新排行(簡譜)：最新單曲,想逃,羅志祥,129,050,
最新排行(簡譜)：最新單曲,不哭了,By2,129,052,
最新排行(簡譜)：最新單曲,沒理由,By2,129,054,
最新排行(簡譜)：最新單曲,再遇見,蘇打綠,129,056,
最新排行(簡譜)：最新單曲,青春花,黃小琥,129,059,
最新排行(簡譜)：最新單曲,捨不得,李唯楓,129,062,電視劇《幸福選擇題》插曲
最新排行(簡譜)：最新單曲,在你身邊,韋禮安,129,064,電視劇《愛的生存之道》片頭曲
最新排行(簡譜)：最新單曲,身不由己,丁噹,129,066,電視劇《步步驚情》主題曲
最新排行(簡譜)：最新單曲,非你不可,陳勢安,129,068,電視劇《幸福街 第3號出口》片頭曲
最新排行(簡譜)：最新單曲,逆流的淚,溫嵐,129,070,
最新排行(簡譜)：最新單曲,就這樣嗎,By2,129,072,電視劇《我租了一個情人》插曲
最新排行(簡譜)：最新單曲,無聲抗議,黃美珍,129,074,
最新排行(簡譜)：最新單曲,愛的海洋,曲婉婷,129,076,
最新排行(簡譜)：最新單曲,踏破鐵鞋,亦帆,129,078,電視劇《笑傲江湖》片尾曲
最新排行(簡譜)：最新單曲,未完的承諾,羅志祥,129,080,
最新排行(簡譜)：最新單曲,好好說再見,陶吉吉/關詩敏,129,082,
最新排行(簡譜)：最新單曲,哪裡都是你,周杰倫,129,084,電影《天台》主題曲
最新排行(簡譜)：最新單曲,悄悄告訴你,范瑋琪,129,086,電影《被偷走的那五年》主題曲
最新排行(簡譜)：最新單曲,眼淚的名字,謝安琪,129,088,電視劇《我愛你愛你愛我》插曲
最新排行(簡譜)：最新單曲,鏡子裡的我,彭佳慧,129,090,
最新排行(簡譜)：最新單曲,天台的月光,周杰倫,129,092,電影《天台的月光》主題曲
最新排行(簡譜)：最新單曲,愛上你不奇怪,唐從聖/林采欣,129,093,
最新排行(簡譜)：最新單曲,回憶裡的瘋狂,光良,129,096,
最新排行(簡譜)：最新單曲,一切都是因為愛,倪安東,129,098,
最新排行(簡譜)：最新單曲,三八阿花吹喇叭,糯米糰,129,100,電影《總舖師》主題曲
最新排行(簡譜)：最新單曲,你就不要想起我,田馥甄,129,102,
最新排行(簡譜)：最新單曲,聽見下雨的聲音,魏如昀,129,104,電影《聽見下雨的聲音》主題曲
最新排行(簡譜)：最新單曲,分手後不要做朋友,梁文音,129,106,電視劇《回到愛以前》片尾曲
最新排行(簡譜)：最新單曲,記得是最好的遺忘,張智成,129,108,
最新排行(簡譜)：最新單曲,囝仔,江蕙,128,010,
最新排行(簡譜)：最新單曲,千里岸,江蕙,128,012,
最新排行(簡譜)：最新單曲,罔市仔,詹雅雯,128,014,
最新排行(簡譜)：最新單曲,寫給你,蘇路,128,016,
最新排行(簡譜)：最新單曲,一言難盡,李翊君,128,018,
最新排行(簡譜)：最新單曲,你講的話,江蕙,128,020,
最新排行(簡譜)：最新單曲,女人俱樂部,黃妃,128,022,
最新排行(簡譜)：最新單曲,上愛唱的歌,陶吉吉,128,024,
最新排行(簡譜)：最新單曲,愛情的負擔,李愛綺/蕭煌奇,128,027,
最新排行(簡譜)：最新單曲,癡心等待你,許富凱,128,030,電視劇《風水世家》片頭曲
最新排行(簡譜)：最新單曲,男人世界的女人,黃妃,128,032,
最新排行(簡譜)：最新單曲,I Know,畢書盡(Bii),128,034,電視劇《真愛黑白配》插曲
最新排行(簡譜)：最新單曲,Me & U,鄧福如,128,036,
最新排行(簡譜)：最新單曲,叩叩,李玟,128,038,
最新排行(簡譜)：最新單曲,命運,家家,128,040,電視劇《蘭陵王》插曲
最新排行(簡譜)：最新單曲,離開,MC HOTDOG/張震嶽,158,068,
最新排行(簡譜)：最新單曲,程艾影,趙雷,158,072,
最新排行(簡譜)：最新單曲,不得善終,王理文,158,074,
最新排行(簡譜)：最新單曲,完美落地,亂彈阿翔,158,076,電影《翻滾吧！阿信》主題曲
最新排行(簡譜)：最新單曲,我當你空氣,旺福,158,078,
最新排行(簡譜)：最新單曲,星期五晚上,ENERGY,158,080,
最新排行(簡譜)：最新單曲,重感情的廢物,Trash,158,082,
最新排行(簡譜)：最新單曲,可能是風太大了吧,Goo Goo I,158,085,
最新排行(簡譜)：最新單曲,萬千花蕊慈母悲哀,珂拉琪,158,087,
最新排行(簡譜)：最新單曲,最遠的你是我最近的愛,孫藝琪,158,089,
最新排行(簡譜)：最新單曲,仗著,陳壹千,157,002,
最新排行(簡譜)：最新單曲,如常,李玖哲,157,004,
最新排行(簡譜)：最新單曲,謝幕,林俊傑,157,006,
最新排行(簡譜)：最新單曲,我們之間,動力火車,157,009,電影《做工的人》主題曲
最新排行(簡譜)：最新單曲,晚風告白,星野,157,012,
最新排行(簡譜)：最新單曲,眼淚記得你,孫盛希,157,014,電影《想見你》主題曲
最新排行(簡譜)：最新單曲,去有風的地方,郁可唯,157,017,電視劇《去有風的地方》片尾曲
最新排行(簡譜)：最新單曲,上了年紀的男人,大壯,157,019,
最新排行(簡譜)：最新單曲,和你路過婚紗店,小阿七,157,022,
最新排行(簡譜)：最新單曲,我的眼淚你的戰利品,于冬然,157,024,
最新排行(簡譜)：最新單曲,夜,劉歡,157,026,
最新排行(簡譜)：最新單曲,問情,林俊吉/麗蓉,157,028,
最新排行(簡譜)：最新單曲,相思滿滿,林俊吉/麗蓉,157,030,三立八點檔《炮仔聲》假日片尾曲
最新排行(簡譜)：最新單曲,望月到天光,麗蓉,157,032,
最新排行(簡譜)：最新單曲,阿嬤的膨紗衫,黃春美,157,034,台視八點檔《美麗人生》片頭曲
最新排行(簡譜)：最新單曲,More Than Friends,陳勢安,157,038,LINE TV《HIStory5-遇見未來的你》插曲
最新排行(簡譜)：最新單曲,接受,Sam Lin,157,041,
最新排行(簡譜)：最新單曲,世界盡頭,TRASH,157,044,
最新排行(簡譜)：最新單曲,字字句句,盧盧快閉嘴,157,048,
最新排行(簡譜)：最新單曲,幸福的花,比佛利/王凱,157,050,
最新排行(簡譜)：最新單曲,晴天雨天,伍佰/蔡健雅,157,052,
最新排行(簡譜)：最新單曲,你的愛比我重要,孫盛希,157,054,電視劇《因為你如此耀眼》片尾曲
最新排行(簡譜)：最新單曲,我夢見你做壞事,ANGIE安吉,157,056,
最新排行(簡譜)：最新單曲,你是我一生的呼喚,李齊揚,157,058,
最新排行(簡譜)：最新單曲,給你一瓶魔法藥水,告五人,157,060,
最新排行(簡譜)：最新單曲,白鴿,你的上好佳,157,063,
最新排行(簡譜)：最新單曲,兒歌,張懸,157,065,
最新排行(簡譜)：最新單曲,光之翼,王菲,157,067,
最新排行(簡譜)：最新單曲,金虎爺,黃明洲,157,071,
最新排行(簡譜)：最新單曲,疑心病,任然,157,073,
最新排行(簡譜)：最新單曲,一笑江湖/科目三.DJ彈鼓版,聞人聽書,157,075,《DJ彈鼓版》
最新排行(簡譜)：最新單曲,白馬王子,王江發,157,078,
最新排行(簡譜)：最新單曲,查無此心,A-Lin,157,080,電影《查無此心》主題曲
最新排行(簡譜)：最新單曲,愛人錯過,告五人,157,083,
最新排行(簡譜)：最新單曲,夢有你有我,朱德寶/謝莉婷,157,087,
最新排行(簡譜)：最新單曲,我管你,華晨宇,157,089,
最新排行(簡譜)：最新單曲,憨腮腮,楊惠絜,157,093,
最新排行(簡譜)：最新單曲,孤人影,薛金顯,157,095,
最新排行(簡譜)：最新單曲,彩色人生,吳申梅,157,097,民視《黃金歲月》片頭曲
最新排行(簡譜)：最新單曲,釋放自己,張學友,157,101,
最新排行(簡譜)：最新單曲,姐姐,謝金燕,128,042,線上遊戲《唯舞獨尊3》主題曲
最新排行(簡譜)：最新單曲,潔癖,嚴爵/五月天,128,044,綠箭口香糖【DOUBLEMINT】廣告曲
最新排行(簡譜)：最新單曲,醒了,戴愛玲,128,046,電視劇《帝王》片尾曲
最新排行(簡譜)：最新單曲,嚮往,李健,128,048,電視劇《閃閃發亮》片尾曲
最新排行(簡譜)：最新單曲,一級棒,謝金燕,128,050,
最新排行(簡譜)：最新單曲,入陣曲,五月天,128,052,電視劇《蘭陵王》片頭曲
最新排行(簡譜)：最新單曲,手掌心,丁噹,128,056,電視劇《蘭陵王》片尾曲
最新排行(簡譜)：最新單曲,在一起,庾澄慶,128,058,電影《在一起》主題曲
最新排行(簡譜)：最新單曲,好不好,蔡旻佑,128,060,電視劇 台版《原來是美男》片尾曲
最新排行(簡譜)：最新單曲,你好嗎,王詩安,128,062,
最新排行(簡譜)：最新單曲,能不能,李玟,128,064,電視劇《親愛的我愛上別人了》片頭曲
最新排行(簡譜)：最新單曲,一念之間,陶吉吉,128,066,
最新排行(簡譜)：最新單曲,千分之一,黃鴻升,128,068,電視劇《就是要你愛上我》插曲
最新排行(簡譜)：最新單曲,已讀不回,陳零九,128,070,
最新排行(簡譜)：最新單曲,天使之翼,楊丞琳,128,072,
最新排行(簡譜)：最新單曲,好的情人,嚴爵,128,074,
最新排行(簡譜)：最新單曲,我不懂愛,丁衣凡,128,076,電視劇《美味的想念》插曲
最新排行(簡譜)：最新單曲,我好想你,蘇打綠,128,078,電影《小時代》主題曲
最新排行(簡譜)：最新單曲,幸福無關,畢書盡(Bii),128,080,電視劇《真愛黑白配》片尾曲
最新排行(簡譜)：最新單曲,怕想起妳,劉子千,128,082,電視劇《看見你的愛》片尾曲
最新排行(簡譜)：最新單曲,勇敢很好,楊丞琳,128,084,電視劇《需要浪漫2》片尾曲
最新排行(簡譜)：最新單曲,突然心動,陳曉東,128,086,電視劇《蘭陵王》插曲
最新排行(簡譜)：最新單曲,至少我有我,嚴爵,128,088,《鋼鐵情人》世界巡迴演唱會主題曲
最新排行(簡譜)：最新單曲,你眼中的我,郭靜,128,090,電視劇《幸福選擇題》片尾曲
最新排行(簡譜)：最新單曲,美味的想念,唐禹哲,128,092,電視劇《美味的想念》片尾曲
最新排行(簡譜)：最新單曲,想你的距離,戴愛玲,128,094,
最新排行(簡譜)：最新單曲,瘋狂的存在,任賢齊,128,096,電視劇《蘭陵王》插曲
最新排行(簡譜)：最新單曲,裂縫中的陽光,林俊傑,128,098,
最新排行(簡譜)：最新單曲,愛情怎麼喊停,曾沛慈,128,100,電視劇 台版《原來是美男》插曲
最新排行(簡譜)：最新單曲,從未到過的地方,王心凌,128,102,電視劇《幸福選擇題》片頭曲
最新排行(簡譜)：最新單曲,什麼風把你吹來的,范逸臣,128,104,
最新排行(簡譜)：最新單曲,傷心的人別聽慢歌,五月天,128,108,
最新排行(簡譜)：最新單曲,一半,曹雅雯,127,010,電視劇《天下女人心》片尾曲
最新排行(簡譜)：最新單曲,心軟,曹雅雯/許富凱,127,012,電視劇《風水世家》片頭曲
最新排行(簡譜)：最新單曲,歹逗陣,江蕙/Ella,127,014,
最新排行(簡譜)：最新單曲,花啊花,黃乙玲,127,016,電視劇《天下女人心》片尾曲
最新排行(簡譜)：最新單曲,依依難捨,陳雷,127,018,
最新排行(簡譜)：最新單曲,疼惜自己,孫淑媚,127,020,
最新排行(簡譜)：最新單曲,遠走高飛,江蕙,127,022,
最新排行(簡譜)：最新單曲,將阮愛一半,洪百慧,127,024,
最新排行(簡譜)：最新單曲,最後最愛的人,曹雅雯,127,026,電視劇《天下女人心》片尾曲
最新排行(簡譜)：最新單曲,誰人愛我親像你,洪榮宏,127,028,
最新排行(簡譜)：最新單曲,猶原恰想也是你,張文綺/許富凱,127,030,
最新排行(簡譜)：最新單曲,一杯燒酒二滴目屎,洪榮宏,127,032,
最新排行(簡譜)：最新單曲,A Song For You,蕭敬騰,127,034,
最新排行(簡譜)：最新單曲,Sorry,陳妍希,127,036,電視劇《想你》片尾曲
最新排行(簡譜)：最新單曲,我,蔡依林,127,038,
最新排行(簡譜)：最新單曲,不變,Olivia Ong,127,040,電視劇《金大花的華麗冒險》插曲
最新排行(簡譜)：最新單曲,包圍,暉倪,127,042,電視劇《後宮甄嬛傳》片尾曲
最新排行(簡譜)：最新單曲,何苦,溫昇豪,127,044,電視劇《金大花的華麗冒險》插曲
最新排行(簡譜)：最新單曲,等等,Olivia,127,046,
最新排行(簡譜)：最新單曲,暗湧,楊丞琳,127,048,
最新排行(簡譜)：最新單曲,還我,S.H.E,127,050,
最新排行(簡譜)：最新單曲,小時候,蘇打綠,127,052,
最新排行(簡譜)：最新單曲,有點甜,汪蘇瀧/By2,127,054,電視劇《借用一下你的愛》插曲
最新排行(簡譜)：最新單曲,艾琳娜,動力火車,127,056,
最新排行(簡譜)：最新單曲,忘了我,楊宗緯,127,058,
最新排行(簡譜)：最新單曲,哈你歌,庾澄慶/徐熙娣,127,060,
最新排行(簡譜)：最新單曲,紀念日,炎亞綸,127,062,電視劇《金大花的華麗冒險》插曲
最新排行(簡譜)：最新單曲,以愛之名,蕭敬騰,127,066,
最新排行(簡譜)：最新單曲,幸福就是,劉若英,127,068,
最新排行(簡譜)：最新單曲,放心不下,黃小琥,127,070,
最新排行(簡譜)：最新單曲,為愛啟程,楊丞琳,127,072,
最新排行(簡譜)：最新單曲,海闊天空,BEYOND,127,076,
最新排行(簡譜)：最新單曲,執子之手,品冠,127,078,
最新排行(簡譜)：最新單曲,莫忘初衷,動力火車,127,080,
最新排行(簡譜)：最新單曲,溫柔累了,A-Lin,127,082,
最新排行(簡譜)：最新單曲,不應該勇敢,蘇盈之,127,084,電視劇《美味的想念》片尾曲
最新排行(簡譜)：最新單曲,心還是熱的,S.H.E,127,086,
最新排行(簡譜)：最新單曲,回憶的閣樓,郭靜,127,088,電視劇《鋼琴下的祕密》片尾曲
最新排行(簡譜)：最新單曲,其實都沒有,楊宗緯,127,090,
最新排行(簡譜)：最新單曲,唱一遍一遍,費玉清,127,092,電視劇《茶館》片頭曲
最新排行(簡譜)：最新單曲,過我的生活,蕭煌奇,127,094,
最新排行(簡譜)：最新單曲,零度的親吻,林俊傑,127,096,
最新排行(簡譜)：最新單曲,親愛的路人,劉若英,127,098,
最新排行(簡譜)：最新單曲,我會在你身邊,朱俐靜/畢書盡(Bii),127,100,電視劇《帝王》片頭曲/《愛情奇蹟》片尾曲
最新排行(簡譜)：最新單曲,幸福不是情歌,劉若英,127,102,
最新排行(簡譜)：最新單曲,眼淚教我的事,何韻詩,127,104,
最新排行(簡譜)：最新單曲,擁抱你的微笑,郭靜,127,106,電視劇《原來愛．就是甜蜜》片頭曲
最新排行(簡譜)：最新單曲,關不掉的月光,庾澄慶,127,108,
最新排行(簡譜)：最新單曲,太陽,孫淑媚,126,008,電視劇《天下女人心》片頭曲
最新排行(簡譜)：最新單曲,心情像風,洪榮宏,126,010,
最新排行(簡譜)：最新單曲,情深緣淺,甲子慧/荒山亮,126,012,電視劇《天下女人心》片頭曲
最新排行(簡譜)：最新單曲,我是恁老爸,豬哥亮,126,014,電影《大尾鱸鰻》主題曲
最新排行(簡譜)：最新單曲,留乎人探聽,郭婷筠,126,016,民視《風水世家》片頭曲
最新排行(簡譜)：最新單曲,將妳惜命命,林俊吉,126,018,
最新排行(簡譜)：最新單曲,愛人變朋友,郭婷筠/蔡佳麟,126,020,
最新排行(簡譜)：最新單曲,愛情做風颱,郭婷筠,126,022,
最新排行(簡譜)：最新單曲,昨暝的棉漬被,張秀卿,126,024,
最新排行(簡譜)：最新單曲,Marry me,蕭敬騰,126,026,
最新排行(簡譜)：最新單曲,天機,MP魔幻力量,126,028,電影《天機．富春山居圖》主題曲
最新排行(簡譜)：最新單曲,手語,周杰倫,126,032,
最新排行(簡譜)：最新單曲,呼呼,安心亞,126,034,
最新排行(簡譜)：最新單曲,野獸,叮噹,126,036,
最新排行(簡譜)：最新單曲,傻笑,周杰倫/袁詠琳,126,040,
最新排行(簡譜)：最新單曲,填空,家家,126,044,
最新排行(簡譜)：最新單曲,大笨鐘,周杰倫,126,046,
最新排行(簡譜)：最新單曲,忘不記,家家,126,048,
最新排行(簡譜)：最新單曲,都給你,宥勝,126,050,電視劇《我租了一個情人》片頭曲
最新排行(簡譜)：最新單曲,謝了愛,趙傳,126,052,
最新排行(簡譜)：最新單曲,一念執著,胡歌/阿蘭,126,054,電視劇《步步驚心》主題曲
最新排行(簡譜)：最新單曲,兄弟我說,蕭敬騰,126,056,
最新排行(簡譜)：最新單曲,修煉愛情,林俊傑,126,059,
最新排行(簡譜)：最新單曲,因你而在,林俊傑,126,062,
最新排行(簡譜)：最新單曲,好好先生,蕭煌奇,126,064,
最新排行(簡譜)：最新單曲,幸福就好,蘇盈之,126,066,電視劇《我租了一個情人》插曲
最新排行(簡譜)：最新單曲,烏克麗麗,周杰倫,126,068,
最新排行(簡譜)：最新單曲,黑暗騎士,林俊傑/五月天,126,070,
最新排行(簡譜)：最新單曲,愛你沒差,周杰倫,126,074,
最新排行(簡譜)：最新單曲,福爾摩斯,蕭敬騰,126,076,
最新排行(簡譜)：最新單曲,公公偏頭痛,周杰倫,126,080,
最新排行(簡譜)：最新單曲,心裡的孩子,梁文音,126,082,電視劇《愛情女僕》片尾曲
最新排行(簡譜)：最新單曲,因為有你在,Dream Girls,126,084,
最新排行(簡譜)：最新單曲,存在的力量,朱俐靜,126,086,電視劇《我的野蠻情人》片頭曲
最新排行(簡譜)：最新單曲,十三號星期舞,蔡依林,126,088,
最新排行(簡譜)：最新單曲,好朋友的祝福,A-Lin,126,090,
最新排行(簡譜)：最新單曲,忘了我也不錯,王心凌,126,092,
最新排行(簡譜)：最新單曲,忘了怎麼快樂,黃鴻升,126,094,
最新排行(簡譜)：最新單曲,忘了怎麼愛你,魔幻力量,126,096,
最新排行(簡譜)：最新單曲,幸福了然後呢,A-Lin,126,098,電視劇《小媳婦女王》片頭曲
最新排行(簡譜)：最新單曲,數不盡的星空,曾沛慈,126,100,電視劇《終極一班2》插曲
最新排行(簡譜)：最新單曲,一千萬次的淚水,朱俐靜,126,102,電視劇《我的野蠻情人》片尾曲
最新排行(簡譜)：最新單曲,一個人想著一個人,曾沛慈,126,104,電視劇《終極一班2》片尾曲
最新排行(簡譜)：最新單曲,我只想在乎我在乎的,白安,126,106,
最新排行(簡譜)：最新單曲,是什麼讓我遇見這樣的你,白安,126,108,電視劇《妒海》《愛情要不藥》片尾曲
最新排行(簡譜)：最新單曲,手紙,吳申梅,125,010,電視劇《阿爸的願望》片頭曲
最新排行(簡譜)：最新單曲,決心,許富凱,125,012,電視劇《風水世家》片頭曲
最新排行(簡譜)：最新單曲,紡見,吳申梅,125,014,電視劇《阿爸的願望》插曲
最新排行(簡譜)：最新單曲,當店,詹雅雯,125,016,
最新排行(簡譜)：最新單曲,蜻蜓,陳淑萍/徐立鴻,125,018,
最新排行(簡譜)：最新單曲,等呀等,陳淑萍,125,020,
最新排行(簡譜)：最新單曲,慶團圓,陳雷,125,022,電視劇《牽手、天下父母心》片頭曲
最新排行(簡譜)：最新單曲,不免想我,詹雅雯,125,024,
最新排行(簡譜)：最新單曲,思念無罪,吳申梅,125,026,電視劇《阿爸的願望》插曲
最新排行(簡譜)：最新單曲,黃昏之戀,張燕清/陳淑萍,125,028,
最新排行(簡譜)：最新單曲,愛你愛我,陳淑萍/莊振凱,125,030,
最新排行(簡譜)：最新單曲,甲天借時間,林俊吉/戴梅君,125,032,
最新排行(簡譜)：最新單曲,阿嬤的背影,許富凱,125,034,
最新排行(簡譜)：最新單曲,媽媽的皺紋,陳雷,125,036,電視劇《牽手》片尾曲
最新排行(簡譜)：最新單曲,漂浪的靈魂,邵大倫,125,038,
最新排行(簡譜)：最新單曲,寫乎你的歌,許富凱,125,040,
最新排行(簡譜)：最新單曲,酒醉還是地震,江蕙,125,042,
最新排行(簡譜)：最新單曲,感情我講會到做會到,詹雅雯,125,044,
最新排行(簡譜)：最新單曲,Dr. Jolin,蔡依林,125,046,
最新排行(簡譜)：最新單曲,斷,太妃堂,125,048,電視劇《後宮甄嬛傳》片頭曲/《太陽的新娘》《三國》片尾曲
最新排行(簡譜)：最新單曲,我們,梁文音,125,050,電視劇《愛上巧克力》插曲
最新排行(簡譜)：最新單曲,夠好,黃美珍,125,052,電視劇《愛上巧克力》插曲
最新排行(簡譜)：最新單曲,裂痕,張惠妹,125,054,
最新排行(簡譜)：最新單曲,不敢哭,梁心頤,125,056,偶像劇《給愛麗絲的奇蹟》插曲/戲劇《逆轉千金》《黃色復仇草》片尾曲
最新排行(簡譜)：最新單曲,明明就,周杰倫,125,058,
最新排行(簡譜)：最新單曲,馬賽克,蔡依林,125,060,
最新排行(簡譜)：最新單曲,淚崩了,吳亦帆,125,062,電視劇《後宮甄嬛傳》片尾曲
最新排行(簡譜)：最新單曲,單細胞,嚴爵,125,064,
最新排行(簡譜)：最新單曲,不說再見,S.H.E,125,066,
最新排行(簡譜)：最新單曲,空中飛人,羅志祥,125,068,
最新排行(簡譜)：最新單曲,紅塵客棧,周杰倫,125,070,
最新排行(簡譜)：最新單曲,迫不及待,S.H.E,125,072,
最新排行(簡譜)：最新單曲,單身美好,郭靜,125,074,電視劇《花是愛》片頭曲
最新排行(簡譜)：最新單曲,還愛著你,郭采潔,125,076,
最新排行(簡譜)：最新單曲,吾在場證明,嚴爵,125,078,電視劇《真愛趁現在》插曲
最新排行(簡譜)：最新單曲,有形的翅膀,張韶涵,125,080,
最新排行(簡譜)：最新單曲,快遞甜心,關詩敏,125,082,電視劇《天堂牧場》片頭曲*3頁
最新排行(簡譜)：最新單曲,花又開好了,S.H.E,125,085,
最新排行(簡譜)：最新單曲,淋雨一直走,張韶涵,125,088,
最新排行(簡譜)：最新單曲,變成陌生人,王心凌,125,090,
最新排行(簡譜)：最新單曲,再痛也沒關係,陳勢安,125,092,電視劇《花是愛》片尾曲
最新排行(簡譜)：最新單曲,原來愛是這樣,陶妍霖,125,094,電視劇《剩女保鏢》插曲
最新排行(簡譜)：最新單曲,像女孩的女人,S.H.E,125,096,
最新排行(簡譜)：最新單曲,少年維特的煩惱,楊丞琳,125,098,
最新排行(簡譜)：最新單曲,我們都能幸福著,郭靜,125,100,電視劇《妒海》《愛情要不藥》片尾曲
最新排行(簡譜)：最新單曲,怎麼愛妳都不夠,蔡旻佑,125,102,
最新排行(簡譜)：最新單曲,柵欄間隙偷窺你,蔡依林,125,104,
最新排行(簡譜)：最新單曲,想把你拍成一部電影,宇宙人,125,106,
最新排行(簡譜)：最新單曲,家,林俊吉/莊振凱/戴梅君,124,012,
最新排行(簡譜)：最新單曲,不痛,謝金燕,124,014,
最新排行(簡譜)：最新單曲,安可,戴梅君/徐立鴻,124,016,
最新排行(簡譜)：最新單曲,找出路,周享嘉,124,018,
最新排行(簡譜)：最新單曲,造飛機,謝金燕,124,020,電視劇《牽手》七月片頭曲
最新排行(簡譜)：最新單曲,斷魂淚,張燕清,124,022,電視劇《牽手》片尾曲
最新排行(簡譜)：最新單曲,1949,張燕清/戴梅君,124,024,
最新排行(簡譜)：最新單曲,為愛車拼,蔡佳麟,124,026,
最新排行(簡譜)：最新單曲,愛的戀歌,李翊君,124,028,
最新排行(簡譜)：最新單曲,人生的滋味,蔡佳麟/郭婷筠,124,030,
最新排行(簡譜)：最新單曲,阿爸的心聲,張燕清/蔡宜芩,124,032,
最新排行(簡譜)：最新單曲,順仔你著愛讀冊,康康,124,034,
最新排行(簡譜)：最新單曲,Better Me,薛凱琪,124,036,
最新排行(簡譜)：最新單曲,You Don't Know,李唯楓,124,038,電視劇《剩女保鏢》片尾曲
最新排行(簡譜)：最新單曲,浪費,林宥嘉,124,040,
最新排行(簡譜)：最新單曲,缺口,林凡,124,042,電視劇《我們發財了》插曲
最新排行(簡譜)：最新單曲,喘息,張芸京,124,044,
最新排行(簡譜)：最新單曲,琴傷,周杰倫,124,046,
最新排行(簡譜)：最新單曲,給他,郭采潔,124,048,
最新排行(簡譜)：最新單曲,擁抱,五月天,124,050,
最新排行(簡譜)：最新單曲,小愛情,梁靜茹,124,052,電視劇《宮之料理對決》主題曲
最新排行(簡譜)：最新單曲,打噴嚏,嚴爵,124,054,電視劇《螺絲小姐要出嫁》插曲
最新排行(簡譜)：最新單曲,好不好,李唯楓,124,056,電視劇《剩女保鏢》插曲
最新排行(簡譜)：最新單曲,單眼皮,楊丞琳,124,058,
最新排行(簡譜)：最新單曲,大藝術家,蔡依林,124,060,
最新排行(簡譜)：最新單曲,心醉心碎,韋禮安,124,062,
最新排行(簡譜)：最新單曲,幸福是你的溫柔,許維恩,124,065,
最新排行(簡譜)：最新單曲,東區東區,八三夭,124,068,
最新排行(簡譜)：最新單曲,牽心萬苦,謝和弦(A.CHORD),124,070,
最新排行(簡譜)：最新單曲,最近好嗎,張韶涵,124,072,電視劇《芙蓉閣之戀》《后宮甄環傳》片尾曲
最新排行(簡譜)：最新單曲,會過去的,梁靜茹,124,074,
最新排行(簡譜)：最新單曲,詩人漫步,蔡依林,124,076,電視劇《俏皮機長》片頭曲
最新排行(簡譜)：最新單曲,只想抱著你,陳乃榮,124,078,電視劇《我們發財了》片尾曲
最新排行(簡譜)：最新單曲,全部都給你,吳克群/鍾欣桐,124,080,
最新排行(簡譜)：最新單曲,江南Style,PSY,124,082,
最新排行(簡譜)：最新單曲,你並不懂我,By2,124,084,
最新排行(簡譜)：最新單曲,我的歌聲裡,曲婉婷,124,086,電視劇《在線愛》主題曲
最新排行(簡譜)：最新單曲,狂風裡擁抱,A-Lin/信,124,088,
最新排行(簡譜)：最新單曲,幸福很突然,林凡,124,090,電視劇《我們發財了》插曲
最新排行(簡譜)：最新單曲,幸福難不難,郁可唯,124,092,電影《犀利人妻最終回》主題曲
最新排行(簡譜)：最新單曲,想幸福的人,楊丞琳,124,094,
最新排行(簡譜)：最新單曲,還是愛著你,韋禮安,124,096,
最新排行(簡譜)：最新單曲,因為妳是女人,吳克群,124,098,
最新排行(簡譜)：最新單曲,我應該去愛妳,汪東城,124,100,
最新排行(簡譜)：最新單曲,茶葉蛋的味道,周冠伶,124,102,電影《白天的星星》主題曲
最新排行(簡譜)：最新單曲,暫時的男朋友,嚴爵,124,104,
最新排行(簡譜)：最新單曲,寂寞來了怎麼辦,吳克群,124,106,
最新排行(簡譜)：最新單曲,2020愛你愛妳,By2,124,108,
最新排行(簡譜)：最新單曲,消遣,秀蘭瑪雅,123,010,
最新排行(簡譜)：最新單曲,牽手,葉勝欽/曾雅蘭,123,012,電視劇《台灣龍捲風》片尾曲
最新排行(簡譜)：最新單曲,解藥,蕭玉芬,123,014,
最新排行(簡譜)：最新單曲,靠山,林俊吉,123,016,
最新排行(簡譜)：最新單曲,癡迷,戴梅君,123,018,
最新排行(簡譜)：最新單曲,一聲愛,莊振凱,123,020,電視劇《牽手》片頭曲
最新排行(簡譜)：最新單曲,未了情,莊振凱,123,022,民視《豬哥會社》金曲/華視《週末快樂頌》金曲
最新排行(簡譜)：最新單曲,浪子心,陳雷,123,024,
最新排行(簡譜)：最新單曲,愛回航,洪百慧/莊振凱,123,026,
最新排行(簡譜)：最新單曲,三更暝半,戴梅君,123,028,民視《豬哥會社》MV金曲/華視《周末快樂頌》MV金曲
最新排行(簡譜)：最新單曲,心情歌路,詹雅雯,123,030,
最新排行(簡譜)：最新單曲,第三月台,秀蘭瑪雅,123,032,
最新排行(簡譜)：最新單曲,無邊無岸,江蕙,123,034,
最新排行(簡譜)：最新單曲,傷心酒館,秀蘭瑪雅/邵大倫,123,036,
最新排行(簡譜)：最新單曲,何苦再留戀,陳雷,123,038,
最新排行(簡譜)：最新單曲,癡情孤戀花,洪百慧,123,040,
最新排行(簡譜)：最新單曲,幸福在叫我,蕭煌奇,123,042,
最新排行(簡譜)：最新單曲,阿爸的虱目魚,蕭煌奇,123,045,
最新排行(簡譜)：最新單曲,可愛的冤仇人,黃妃/邵大倫,123,048,
最新排行(簡譜)：最新單曲,感謝妳的陪伴,林俊吉,123,050,
最新排行(簡譜)：最新單曲,路,范瑋琪,123,052,電視劇《閣樓上的王子》片尾曲
最新排行(簡譜)：最新單曲,誘,林宥嘉,123,054,
最新排行(簡譜)：最新單曲,Wake up,倪安東,123,056,
最新排行(簡譜)：最新單曲,不難,徐佳瑩,123,058,
最新排行(簡譜)：最新單曲,可愛,蔡健雅,123,060,
最新排行(簡譜)：最新單曲,忘了,楊丞琳,123,062,
最新排行(簡譜)：最新單曲,抓狂,五月天,123,064,《XBOX360》主題曲*4頁
最新排行(簡譜)：最新單曲,房間,江美琪,123,068,
最新排行(簡譜)：最新單曲,胡鬧,吳克群,123,070,
最新排行(簡譜)：最新單曲,痛癢,林凡,123,072,
最新排行(簡譜)：最新單曲,好難得,丁噹,123,074,
最新排行(簡譜)：最新單曲,我確定,品冠,123,076,
最新排行(簡譜)：最新單曲,偶陣雨,梁靜茹,123,078,
最新排行(簡譜)：最新單曲,不怕慶祝,徐佳瑩,123,080,電影《為你流的淚》宣傳主題曲
最新排行(簡譜)：最新單曲,只怕想家,黃美珍,123,082,
最新排行(簡譜)：最新單曲,你敢不敢,徐佳瑩,123,084,
最新排行(簡譜)：最新單曲,勉強幸福,林宥嘉,123,086,
最新排行(簡譜)：最新單曲,愛不用說,羅志祥,123,088,微電影《再一次心跳》插曲
最新排行(簡譜)：最新單曲,讓我愛她,倪安東,123,090,
最新排行(簡譜)：最新單曲,Maybe的機率,大嘴巴,123,092,電視劇《翻糖花園》片頭曲
最新排行(簡譜)：最新單曲,你是愛我的,江美琪,123,094,
最新排行(簡譜)：最新單曲,我還是一樣,丁噹,123,096,
最新排行(簡譜)：最新單曲,最好的結局,八三夭樂團,123,098,電視劇《閣樓上的王子》片頭曲
最新排行(簡譜)：最新單曲,最親愛的你,范瑋琪,123,100,美國棉2012年度代言廣告曲
最新排行(簡譜)：最新單曲,愛久見人心,梁靜茹,123,102,
最新排行(簡譜)：最新單曲,噗嚨共之歌,浩角翔起,123,104,
最新排行(簡譜)：最新單曲,今天妳最漂亮,羅志祥,123,106,微電影《再一次心跳》插曲
最新排行(簡譜)：最新單曲,為你我想做更好的人,品冠,123,108,
最新排行(簡譜)：最新單曲,看雲,陳淑萍,122,008,
最新排行(簡譜)：最新單曲,桂花,孫淑媚,122,010,
最新排行(簡譜)：最新單曲,作陣飛,鄧妙華/邵大倫,122,012,電視劇《牽手》片尾曲
最新排行(簡譜)：最新單曲,夜來香,吳勇濱,122,014,
最新排行(簡譜)：最新單曲,油桐花,洪百慧/徐立鴻,122,016,
最新排行(簡譜)：最新單曲,流星雨,孫淑媚,122,018,
最新排行(簡譜)：最新單曲,美人計,林俊吉/陳淑萍,122,020,
最新排行(簡譜)：最新單曲,結束悲情,陳淑萍/莊振凱,122,022,
最新排行(簡譜)：最新單曲,溫柔名片,洪百慧,122,024,
最新排行(簡譜)：最新單曲,蕃薯仔命,王中平,122,026,電視劇《牽手》片尾曲
最新排行(簡譜)：最新單曲,情路無尾巷,蕭煌奇,122,028,
最新排行(簡譜)：最新單曲,你是我一生的歌,吳勇濱,122,030,電視劇《牽手》片頭曲
最新排行(簡譜)：最新單曲,大火,李佳薇,122,032,
最新排行(簡譜)：最新單曲,小說,阿杜/林俊傑,122,034,
最新排行(簡譜)：最新單曲,手印,溫嵐,122,036,
最新排行(簡譜)：最新單曲,火山,伍佰 & China Blue,122,038,
最新排行(簡譜)：最新單曲,途中,黃美珍,122,042,電視劇《愛上巧克力》片尾曲
最新排行(簡譜)：最新單曲,愛你,陳芳語(Kimberley),122,044,電視劇《翻糖花園》片尾曲
最新排行(簡譜)：最新單曲,燃點,胡夏,122,046,
最新排行(簡譜)：最新單曲,王見王,羅志祥,122,048,電視劇《粉愛粉愛你》插曲
最新排行(簡譜)：最新單曲,厚臉皮,陳嘉樺,122,050,
最新排行(簡譜)：最新單曲,洗衣機,五月天,122,052,
最新排行(簡譜)：最新單曲,該忘了,郭采潔,122,054,電視劇《向前走向愛走》片尾曲
最新排行(簡譜)：最新單曲,壞女孩,陳嘉樺,122,056,電影《女孩壞壞》主題曲*3頁
最新排行(簡譜)：最新單曲,2012,五月天,122,059,
最新排行(簡譜)：最新單曲,一定是他,黃小琥,122,062,
最新排行(簡譜)：最新單曲,一覺醒來,倪安東,122,064,
最新排行(簡譜)：最新單曲,三寸天堂,嚴藝丹,122,066,湖南衛視《步步驚心》片尾曲
最新排行(簡譜)：最新單曲,三個傻瓜,五月天,122,068,
最新排行(簡譜)：最新單曲,在我懷裡,方炯鑌,122,070,
最新排行(簡譜)：最新單曲,如果可能,張暄祺,122,072,
最新排行(簡譜)：最新單曲,第二人生,五月天,122,074,
最新排行(簡譜)：最新單曲,無路可退,A-Lin,122,076,
最新排行(簡譜)：最新單曲,傷心童話,胡夏,122,078,
最新排行(簡譜)：最新單曲,該放手了,黃小琥,122,080,
最新排行(簡譜)：最新單曲,對愛期待,黃小琥,122,082,
最新排行(簡譜)：最新單曲,擦心而過,陳浩民,122,084,電視劇《朱蒙、擁抱太陽的月亮》片尾曲
最新排行(簡譜)：最新單曲,大大的擁抱,A-Lin,122,086,電視劇《絕配冤家》片頭曲
最新排行(簡譜)：最新單曲,不是你的錯,丁噹,122,088,電視劇《真的漢子》片尾曲
最新排行(簡譜)：最新單曲,失敗的分手,倪安東,122,090,
最新排行(簡譜)：最新單曲,未拆的禮物,品冠,122,092,
最新排行(簡譜)：最新單曲,忍不住原諒,溫嵐,122,094,
最新排行(簡譜)：最新單曲,馬戲團公約,棉花糖,122,096,
最新排行(簡譜)：最新單曲,感動就不遠,范瑋琪,122,098,
最新排行(簡譜)：最新單曲,愈愛愈明白,黃小琥,122,100,
最新排行(簡譜)：最新單曲,療傷燒肉粽,周杰倫,122,102,
最新排行(簡譜)：最新單曲,一個人不可能,丁噹,122,104,電視劇《真愛找麻煩》插曲
最新排行(簡譜)：最新單曲,不具名的悲傷,羅志祥,122,106,
最新排行(簡譜)：最新單曲,假裝我們沒愛過,汪東城,122,108,電視劇《絕對達令》片尾曲
最新排行(簡譜)：最新單曲,何苦,甲子慧,121,010,
最新排行(簡譜)：最新單曲,牡丹,甲子慧,121,012,
最新排行(簡譜)：最新單曲,陣頭,柯有倫,121,014,電影《陣頭》主題曲
最新排行(簡譜)：最新單曲,擔心,謝金燕,121,016,
最新排行(簡譜)：最新單曲,出運啦,蕭煌奇,121,018,
最新排行(簡譜)：最新單曲,溫溫的,江蕙,121,022,《金門高粱酒》廣告曲
最新排行(簡譜)：最新單曲,心肝寶貝,鳳飛飛,121,024,
最新排行(簡譜)：最新單曲,我要幸福,謝金燕,121,026,
最新排行(簡譜)：最新單曲,思念會驚,蕭煌奇,121,028,
最新排行(簡譜)：最新單曲,相思海岸,蕭煌奇,121,030,
最新排行(簡譜)：最新單曲,牽阮的手,蔡幸娟,121,032,
最新排行(簡譜)：最新單曲,愛你的人,蕭煌奇,121,034,
最新排行(簡譜)：最新單曲,台北冷清清,林久登,121,036,
最新排行(簡譜)：最新單曲,美麗的情歌,蕭煌奇/曾寶儀,121,038,
最新排行(簡譜)：最新單曲,玩具,梁一貞,121,040,
最新排行(簡譜)：最新單曲,歪腰,五月天,121,042,
最新排行(簡譜)：最新單曲,乾杯,五月天,121,045,
最新排行(簡譜)：最新單曲,倉頡,五月天,121,048,
最新排行(簡譜)：最新單曲,逆風,蕭煌奇,121,050,
最新排行(簡譜)：最新單曲,逞強,蕭亞軒,121,052,
最新排行(簡譜)：最新單曲,傻子,林宥嘉,121,054,電影《 愛 Love》主題曲
最新排行(簡譜)：最新單曲,對摺,任賢齊,121,056,電影《傾城之淚》主題曲
最新排行(簡譜)：最新單曲,Love U U,林俊傑,121,058,
最新排行(簡譜)：最新單曲,不快樂,曾靜玟,121,060,電視劇《守護老闆》片尾曲
最新排行(簡譜)：最新單曲,我很忙,A-Lin,121,062,
最新排行(簡譜)：最新單曲,前男友,曾靜玟,121,064,
最新排行(簡譜)：最新單曲,指揮家,任賢齊,121,066,電視劇《真愛找麻煩》片頭曲
最新排行(簡譜)：最新單曲,學不會,林俊傑,121,068,
最新排行(簡譜)：最新單曲,驚嘆號,周杰倫,121,070,
最新排行(簡譜)：最新單曲,人生如夢,巫啟賢,121,072,
最新排行(簡譜)：最新單曲,再愛一遍,陳勢安,121,074,電視劇《城市戀人》片尾曲
最新排行(簡譜)：最新單曲,逆風飛翔,蕭煌奇,121,076,
最新排行(簡譜)：最新單曲,愛不離手,蕭亞軒,121,078,
最新排行(簡譜)：最新單曲,諾亞方舟,五月天,121,080,
最新排行(簡譜)：最新單曲,世界未末日,周杰倫,121,082,
最新排行(簡譜)：最新單曲,想要跟你飛,鳳飛飛,121,084,
最新排行(簡譜)：最新單曲,請比我愛她,柯震東,121,086,
最新排行(簡譜)：最新單曲,踮起腳尖愛,洪佩瑜,121,088,電視劇《我可能不會愛上妳》插曲
最新排行(簡譜)：最新單曲,不存在的情人,林俊傑,121,090,
最新排行(簡譜)：最新單曲,你在煩惱什麼,蘇打綠,121,092,
最新排行(簡譜)：最新單曲,我不會喜歡你,陳柏霖,121,094,電視劇《我可能不會愛上妳》插曲
最新排行(簡譜)：最新單曲,我們會更好的,A-Lin,121,096,電視劇《愛，相隨》片頭曲
最新排行(簡譜)：最新單曲,愛我的每個人,Selina,121,098,
最新排行(簡譜)：最新單曲,父親你是安靜的,江美琪,121,100,電視劇《搭錯車》主題曲
最新排行(簡譜)：最新單曲,你被寫在我的歌裡,蘇打綠,121,102,
最新排行(簡譜)：最新單曲,我不願讓你一個人,五月天,121,106,電視劇《真愛找麻煩》片尾曲
最新排行(簡譜)：最新單曲,那些你很冒險的夢,林俊傑,121,108,
最新排行(簡譜)：最新單曲,名份,甲子慧,120,010,電視劇《天下父母心》片頭曲
最新排行(簡譜)：最新單曲,毒藥,蕭玉芬,120,012,
最新排行(簡譜)：最新單曲,愛阮,甲子慧,120,014,三立八點檔《家和萬事興》片頭曲
最新排行(簡譜)：最新單曲,月彎彎,謝金燕,120,016,三立電視劇《家和萬事興》《台灣龍捲風》片尾曲
最新排行(簡譜)：最新單曲,感謝您,江惠儀,120,018,
最新排行(簡譜)：最新單曲,甲天借膽,楊哲,120,020,
最新排行(簡譜)：最新單曲,紅葉天星,楊哲/江惠儀,120,022,
最新排行(簡譜)：最新單曲,送阮的衫,許富凱,120,024,
最新排行(簡譜)：最新單曲,魚翅燕窩,白雲,120,026,
最新排行(簡譜)：最新單曲,一條內酷帶,豬哥亮/周三珊,120,028,
最新排行(簡譜)：最新單曲,不能沒有你,秀蘭瑪雅/陳冠霖,120,030,
最新排行(簡譜)：最新單曲,住在阮心肝,許富凱,120,032,
最新排行(簡譜)：最新單曲,最愛你的人,許富凱,120,034,
最新排行(簡譜)：最新單曲,Mine Mine,周杰倫,120,036,
最新排行(簡譜)：最新單曲,OAOA,五月天,120,038,
最新排行(簡譜)：最新單曲,心.洞,陳勢安,120,040,韓劇《真心給我一滴淚》/《同伊》片尾曲
最新排行(簡譜)：最新單曲,底細,楊宗緯,120,042,
最新排行(簡譜)：最新單曲,星空,五月天,120,044,電影《星空》主題曲
最新排行(簡譜)：最新單曲,唐韻,林宗興,120,046,
最新排行(簡譜)：最新單曲,翅膀,林依晨,120,048,電視劇《我可能不會愛你》片尾曲
最新排行(簡譜)：最新單曲,茶湯,郁可唯,120,050,華視《溫柔的慈悲》片頭曲
最新排行(簡譜)：最新單曲,煎熬,李佳薇,120,052,
最新排行(簡譜)：最新單曲,懷珠,楊宗緯,120,054,
最新排行(簡譜)：最新單曲,公主病,周杰倫,120,056,
最新排行(簡譜)：最新單曲,皮影戲,周杰倫,120,058,
最新排行(簡譜)：最新單曲,你好嗎,周杰倫,120,060,
最新排行(簡譜)：最新單曲,男人壞,李翊君,120,062,
最新排行(簡譜)：最新單曲,缺陷美,楊丞琳,120,064,
最新排行(簡譜)：最新單曲,傷不起,郁可唯,120,066,電視劇《小資女孩向前衝》插曲
最新排行(簡譜)：最新單曲,說不哭,潘嘉麗,120,068,
最新排行(簡譜)：最新單曲,還是會,韋禮安,120,070,電視劇《我可能不會愛上你》片頭曲
最新排行(簡譜)：最新單曲,I服了U,蔡黃汝,120,072,
最新排行(簡譜)：最新單曲,不要不要,卓文萱,120,074,電視劇《小資女孩向前衝》片頭曲
最新排行(簡譜)：最新單曲,不愛別的,蔡日軒,120,076,韓劇《我的公主》片尾曲
最新排行(簡譜)：最新單曲,水手怕水,周杰倫,120,078,
最新排行(簡譜)：最新單曲,你不是說,那英,120,080,
最新排行(簡譜)：最新單曲,依然愛你,王力宏,120,082,
最新排行(簡譜)：最新單曲,怎麼會哭,張棟樑,120,084,韓劇《甜蜜謊言》片尾曲
最新排行(簡譜)：最新單曲,被遺忘的,楊宗緯,120,086,
最新排行(簡譜)：最新單曲,喜歡寂寞,蘇打綠,120,088,
最新排行(簡譜)：最新單曲,勢在必行,陳勢安/畢書盡(Bii),120,090,建國百年大戲《勇士們》主題曲
最新排行(簡譜)：最新單曲,微加幸福,郁可唯,120,092,電視劇《小資女孩向前衝》片尾曲
最新排行(簡譜)：最新單曲,不習慣喊痛,陳勢安,120,094,建國百年大戲《勇士們》片尾曲/韓劇《真心給我一滴淚》片尾曲
最新排行(簡譜)：最新單曲,別再驚動愛情,張棟樑,120,096,
最新排行(簡譜)：最新單曲,那不是雪中紅,JPM,120,098,
最新排行(簡譜)：最新單曲,魔鬼中的天使,田馥甄,120,100,
最新排行(簡譜)：最新單曲,好朋友只是朋友,郁可唯,120,102,電視劇《小資女孩向前衝》插曲
最新排行(簡譜)：最新單曲,情歌變得不好聽,井柏然,120,104,
最新排行(簡譜)：最新單曲,不愛了也是一種愛,周蕙,120,106,八大韓劇《相信愛》片尾曲
最新排行(簡譜)：最新單曲,請你給我好一點的情敵,田馥甄,120,108,
最新排行(簡譜)：最新單曲,帆,許富凱/曹雅雯,119,010,
最新排行(簡譜)：最新單曲,伴,黃妃,119,012,
最新排行(簡譜)：最新單曲,紀念品,曾心梅,119,014,
最新排行(簡譜)：最新單曲,做你去,曾心梅,119,016,
最新排行(簡譜)：最新單曲,點仔膠,曾心梅/林俊吉,119,018,
最新排行(簡譜)：最新單曲,風箏無眼,戴梅君/林俊吉,119,020,
最新排行(簡譜)：最新單曲,港邊男兒,盧廣仲,119,022,
最新排行(簡譜)：最新單曲,傷心車站,陳冠霖,119,024,
最新排行(簡譜)：最新單曲,永遠等置遐,許富凱,119,026,民視《父與子》插曲
最新排行(簡譜)：最新單曲,阿母的青春,許富凱,119,028,
最新排行(簡譜)：最新單曲,愛見好就收,許富凱,119,030,
最新排行(簡譜)：最新單曲,舊情又綿綿,吳淑敏,119,032,
最新排行(簡譜)：最新單曲,靈魂的侶伴,曾心梅/莊振凱,119,034,
最新排行(簡譜)：最新單曲,桃花開搖搖擺擺,信,119,036,
最新排行(簡譜)：最新單曲,男人的一半是女人,李翊君,119,038,三立電視劇《家和萬事興/台灣龍捲風》片頭曲
最新排行(簡譜)：最新單曲,原來你不識愛過我,詹雅雯,119,040,
最新排行(簡譜)：最新單曲,I Need You,艾怡良,119,042,
最新排行(簡譜)：最新單曲,My Love,田馥甄,119,044,
最新排行(簡譜)：最新單曲,仰望,楊丞琳,119,046,
最新排行(簡譜)：最新單曲,離開,郭靜,119,048,
最新排行(簡譜)：最新單曲,木頭人,陳冠霖,119,050,
最新排行(簡譜)：最新單曲,那些年,胡夏,119,052,電影《那些年，我們一起追的女孩》主題曲
最新排行(簡譜)：最新單曲,孩子氣,陳妍希,119,054,電影《那些年，我們一起追的女孩》插曲
最新排行(簡譜)：最新單曲,超自然,井柏然,119,056,
最新排行(簡譜)：最新單曲,愛沒錯,廖語晴,119,058,
最新排行(簡譜)：最新單曲,慢靈魂,盧廣仲,119,060,
最新排行(簡譜)：最新單曲,複製人,蕭敬騰,119,062,
最新排行(簡譜)：最新單曲,我們都傻,楊丞琳,119,064,電視劇《醉後決定愛上你》插曲
最新排行(簡譜)：最新單曲,放了自己,魔幻力量,119,066,電視劇《醉後決定愛上你》插曲
最新排行(簡譜)：最新單曲,海枯石爛,Olivia,119,068,電影《真愛挑日子》中文主題曲
最新排行(簡譜)：最新單曲,無可救愛,安心亞,119,070,電腦遊戲《暗黑世界》主題曲
最新排行(簡譜)：最新單曲,人兒何處歸,安心亞,119,072,電視劇《新還珠格格》插曲
最新排行(簡譜)：最新單曲,下一頁的我,王心凌,119,074,電視劇《美樂加油》插曲
最新排行(簡譜)：最新單曲,好想對你說,蕭敬騰,119,076,電影《殺手歐陽盆栽》主題曲
最新排行(簡譜)：最新單曲,陪我到以後,王心凌/羅志祥,119,078,
最新排行(簡譜)：最新單曲,最深的思念,小百合,119,080,
最新排行(簡譜)：最新單曲,愛有路可退,F.I.R.,119,082,
最新排行(簡譜)：最新單曲,還是要幸福,田馥甄,119,084,
最新排行(簡譜)：最新單曲,戀愛症候群,黃舒駿,119,086,電影《那些年，我們一起追的女孩》插曲
最新排行(簡譜)：最新單曲,戀愛應援團,安心亞,119,090,
最新排行(簡譜)：最新單曲,人海中遇見你,林育群,119,092,電影《那些年，我們一起追的女孩》插曲
最新排行(簡譜)：最新單曲,不按牌裡出牌,魔幻力量,119,094,偶像劇《醉後決定愛上你》片頭曲
最新排行(簡譜)：最新單曲,你和我的時光,張惠妹,119,098,
最新排行(簡譜)：最新單曲,我可以很勇敢,安心亞,119,100,
最新排行(簡譜)：最新單曲,沒有你怎麼辦,嚴爵,119,102,中天電視劇《戀戀阿里山》主題曲
最新排行(簡譜)：最新單曲,寂寞的咖啡因,柯震東,119,104,電影《那些年，我們一起追的女孩》插曲
最新排行(簡譜)：最新單曲,怎麼說我不愛你,蕭敬騰,119,106,
最新排行(簡譜)：最新單曲,陪著我的時候想著她,郭靜,119,108,
最新排行(簡譜)：最新單曲,出運,陳雷,118,010,
最新排行(簡譜)：最新單曲,約定,陳雷/甲子慧,118,012,
最新排行(簡譜)：最新單曲,三月雪,洪榮宏/黃妃,118,014,
最新排行(簡譜)：最新單曲,重逢酒,陳雷/甲子慧,118,016,
最新排行(簡譜)：最新單曲,問籤詩,戴梅君,118,018,
最新排行(簡譜)：最新單曲,傷心手指,王識賢/孫淑媚,118,020,
最新排行(簡譜)：最新單曲,今夜擱再想你,費玉清,118,022,
最新排行(簡譜)：最新單曲,恨你愛我愛一半,董育君,118,024,
最新排行(簡譜)：最新單曲,我用一生甲妳搏幸福,洪榮宏,118,026,
最新排行(簡譜)：最新單曲,Is this all,吳建豪,118,028,電視劇《拜金女王》片頭曲
最新排行(簡譜)：最新單曲,你,蕭敬騰,118,030,
最新排行(簡譜)：最新單曲,不哭,王心凌,118,032,電視劇《美樂加油》片頭曲
最新排行(簡譜)：最新單曲,他們,張惠妹,118,034,
最新排行(簡譜)：最新單曲,唸你,劉子千,118,036,
最新排行(簡譜)：最新單曲,晚安,林宥嘉,118,038,
最新排行(簡譜)：最新單曲,軟弱,Dream Girls,118,040,
最新排行(簡譜)：最新單曲,手牽手,米兒絲,118,042,
最新排行(簡譜)：最新單曲,未填詞,鄧福如,118,044,
最新排行(簡譜)：最新單曲,自然醒,林宥嘉,118,046,
最新排行(簡譜)：最新單曲,狂想曲,蕭敬騰,118,048,
最新排行(簡譜)：最新單曲,柳樹下,謝和弦(A.CHORD)/徐佳瑩,118,052,
最新排行(簡譜)：最新單曲,麥烝瑋,周杰倫,118,054,
最新排行(簡譜)：最新單曲,愛太空,王心凌,118,056,八大韓劇《麵包王金卓求》片頭曲
最新排行(簡譜)：最新單曲,愛喔愛,廖語晴,118,058,
最新排行(簡譜)：最新單曲,聲聲慢,鄧福如,118,060,
最新排行(簡譜)：最新單曲,聽你說,郁可唯/林凡,118,062,
最新排行(簡譜)：最新單曲,末日快樂,倪安東,118,064,
最新排行(簡譜)：最新單曲,好的事情,嚴爵,118,068,偶像劇《醉後決定愛上你》片尾曲
最新排行(簡譜)：最新單曲,那個男人,楊宗緯,118,070,韓劇《祕密花園》中文主題曲
最新排行(簡譜)：最新單曲,淚光閃爍,F.I.R.,118,072,
最新排行(簡譜)：最新單曲,超級偶像,吳海文,118,074,
最新排行(簡譜)：最新單曲,傷日快樂,張韶涵,118,076,中視偶像劇《幸福最晴天》片尾曲
最新排行(簡譜)：最新單曲,還是朋友,梁文音,118,078,
最新排行(簡譜)：最新單曲,黏黏黏黏,王心凌,118,080,電視劇《美樂加油》片尾曲
最新排行(簡譜)：最新單曲,讓愛重生,F.I.R.,118,082,
最新排行(簡譜)：最新單曲,一點點喜歡,鄧福如,118,084,電視劇《家有四千金》片頭曲
最新排行(簡譜)：最新單曲,只能想念你,蕭敬騰,118,086,
最新排行(簡譜)：最新單曲,大約在冬季,齊秦,157,104,
最新排行(簡譜)：最新單曲,五十年以後,海來阿木,157,106,
最新排行(簡譜)：最新單曲,愛情單行道,洪維謙,157,108,
最新排行(簡譜)：最新單曲,所以我停下來,那我懂你意思了,157,110,
最新排行(簡譜)：最新單曲,親愛的無情孫小美,茄子蛋,157,113,
最新排行(簡譜)：最新單曲,校園西遊,CP Boys,156,002,
最新排行(簡譜)：最新單曲,抱緊眼前人,梅艷芳,156,004,電視劇《大鬧廣昌隆》主題曲
最新排行(簡譜)：最新單曲,倫敦的愛情,藍又時,156,006,
最新排行(簡譜)：最新單曲,走不出的回憶,任然,156,008,
最新排行(簡譜)：最新單曲,下輩子不一定還能遇見你,陳雅森,156,010,
最新排行(簡譜)：最新單曲,如願,王菲,156,012,電影《我和我的父輩》主題曲
最新排行(簡譜)：最新單曲,孤城,洛先生,156,014,
最新排行(簡譜)：最新單曲,摯友,A-Lin,156,016,
最新排行(簡譜)：最新單曲,從前說,小阿七,156,018,
最新排行(簡譜)：最新單曲,雙雙對對,台視眾星,156,020,台視60週年台慶大戲《美麗人生》片頭曲
最新排行(簡譜)：最新單曲,一千個晚安,方泂鑌,156,022,華劇《一千個晚安》片頭曲
最新排行(簡譜)：最新單曲,上深的願望,游美齡,156,024,電視劇《美麗人生》片尾曲
最新排行(簡譜)：最新單曲,墓仔埔也敢去,伍佰,156,026,
最新排行(簡譜)：最新單曲,這世界那麼多人,莫文蔚,156,030,電影《我要我們在一起》主題曲
最新排行(簡譜)：最新單曲,想知道你在想什麼,周興哲,156,032,電影《我吃了那男孩一整年的早餐》主題曲
最新排行(簡譜)：最新單曲,Dear John,王雪娥,156,034,
最新排行(簡譜)：最新單曲,風,NUM,156,036,電視劇《千星傳說》插曲
最新排行(簡譜)：最新單曲,玻璃心,黃明志/陳芳語,156,038,
最新排行(簡譜)：最新單曲,一葷一素,毛不易,156,041,
最新排行(簡譜)：最新單曲,忘了沒有,王靖雯不胖,156,043,
最新排行(簡譜)：最新單曲,星河萬里,Rom邢銳,156,045,
最新排行(簡譜)：最新單曲,風中的水花蕊,李翊君,156,047,電視劇《美麗人生》主題曲
最新排行(簡譜)：最新單曲,愛上你算我賤,周湯豪,156,049,
最新排行(簡譜)：最新單曲,你笑起來真好看,李昕融/樊桐舟/李凱稠,156,051,
最新排行(簡譜)：最新單曲,披星戴月的想你,告五人,156,053,
最新排行(簡譜)：最新單曲,訣愛,Faye詹雯婷,156,057,電視劇《蒼蘭訣》主題曲
最新排行(簡譜)：最新單曲,漸漸,joysaaaa,156,059,
最新排行(簡譜)：最新單曲,續寫,單依純,156,061,電視劇《一生一世》片尾曲
最新排行(簡譜)：最新單曲,他不懂,張傑,156,063,
最新排行(簡譜)：最新單曲,黑桃A,DJ小魚兒,156,065,
最新排行(簡譜)：最新單曲,小城夏天,LBI利比,156,067,
最新排行(簡譜)：最新單曲,烏梅子醬,李榮浩,156,069,
最新排行(簡譜)：最新單曲,蚵仔麵線,琳誼,156,071,電視劇《俗女養成記2》插曲
最新排行(簡譜)：最新單曲,愛你如命,阿魯阿卓,156,073,電視劇《烽火佳人》片尾曲
最新排行(簡譜)：最新單曲,失戀陣線聯盟,草蜢,156,075,
最新排行(簡譜)：最新單曲,失控,井迪,156,077,
最新排行(簡譜)：最新單曲,念你,姚貝娜,156,079,
最新排行(簡譜)：最新單曲,秋戀,江東,156,081,
最新排行(簡譜)：最新單曲,兩個自己,G.E.M.鄧紫棋,156,083,電視劇《飛虎3壯誌英雄》主題曲
最新排行(簡譜)：最新單曲,愛不完的你,鳳飛飛,156,085,
最新排行(簡譜)：最新單曲,腦袋都是你,陳勢安,156,087,LINE TV《HIStory5-遇見未來的你》插曲
最新排行(簡譜)：最新單曲,夢裡的女孩,陳零九,156,089,電影《想見你》插曲
最新排行(簡譜)：最新單曲,萬水千山總是情,汪明荃,156,091,
最新排行(簡譜)：最新單曲,最壞時候遇上最好的你,阿魯阿卓/陳鍵鋒,156,093,電視劇《烽火佳人》片頭曲
最新排行(簡譜)：最新單曲,Letting Go,蔡健雅,156,095,
最新排行(簡譜)：最新單曲,如果有如果,鄧福如,118,088,
最新排行(簡譜)：最新單曲,我們都別哭,梁文音,118,090,
最新排行(簡譜)：最新單曲,金魚的眼淚,紀佳松,118,092,
最新排行(簡譜)：最新單曲,陪你到最後,羅志祥,118,094,
最新排行(簡譜)：最新單曲,一百萬種親吻,梁文音,118,096,電視劇《拜金女王》片尾曲
最新排行(簡譜)：最新單曲,左上角的心跳,范瑋琪,118,098,
最新排行(簡譜)：最新單曲,愛情掉在哪裡,井柏然,118,100,韓劇《雅典娜》片尾曲
最新排行(簡譜)：最新單曲,默背妳的心碎,余文樂,118,104,
最新排行(簡譜)：最新單曲,於是長大了以後,謝和弦(A.CHORD),118,106,
最新排行(簡譜)：最新單曲,又不是這樣就不孤獨,嚴爵,118,108,
最新排行(簡譜)：最新單曲,我哩勒,鄭進一,117,010,
最新排行(簡譜)：最新單曲,苦戀酒,洪榮宏,117,012,八大《第一劇場》片尾曲
最新排行(簡譜)：最新單曲,原諒我,洪榮宏,117,014,三立《戲說台灣》片尾曲/三立《天下父母心》片尾曲
最新排行(簡譜)：最新單曲,木頭情歌,黃文星,117,016,
最新排行(簡譜)：最新單曲,堅持到底,洪榮宏,117,018,
最新排行(簡譜)：最新單曲,糖甘蜜甜,洪榮宏,117,020,
最新排行(簡譜)：最新單曲,故鄉一朵花,洪榮宏,117,022,
最新排行(簡譜)：最新單曲,銷魂的吉他,荒山亮,117,024,
最新排行(簡譜)：最新單曲,Beautiful Woman,張懸,117,026,
最新排行(簡譜)：最新單曲,Take Me To The Star,信,117,028,
最新排行(簡譜)：最新單曲,To Hebe,田馥甄,117,030,
最新排行(簡譜)：最新單曲,追,孫燕姿,117,032,
最新排行(簡譜)：最新單曲,月光,王宏恩,117,034,
最新排行(簡譜)：最新單曲,月光,楊培安,117,036,
最新排行(簡譜)：最新單曲,水手,鄭智化,117,038,
最新排行(簡譜)：最新單曲,浮誇,林志炫,117,040,
最新排行(簡譜)：最新單曲,惡夢,倪安東,117,042,
最新排行(簡譜)：最新單曲,愛在,方大同,117,044,
最新排行(簡譜)：最新單曲,嘲笑,張心傑,117,046,
最新排行(簡譜)：最新單曲,錯愛,張棟樑,117,048,
最新排行(簡譜)：最新單曲,分岔路,陳國華,117,050,
最新排行(簡譜)：最新單曲,後男友,SIGMA,117,052,
最新排行(簡譜)：最新單曲,寂寞考,盧廣仲,117,054,華視偶像劇《愛無限》片尾曲
最新排行(簡譜)：最新單曲,彩虹雨,黃宇曛,117,056,
最新排行(簡譜)：最新單曲,畫中仙,金莎,117,058,
最新排行(簡譜)：最新單曲,發現愛,林俊傑/金莎,117,060,中國內地《可愛多》廣告曲
最新排行(簡譜)：最新單曲,複製人,黃鴻升,117,062,中視【流氓校長】片尾曲
最新排行(簡譜)：最新單曲,魯冰花,庾澄慶,117,064,
最新排行(簡譜)：最新單曲,不必勉強,齊秦,117,068,
最新排行(簡譜)：最新單曲,不想結束,吳亦帆,117,070,電視劇【牽牛花開的日子】插曲
最新排行(簡譜)：最新單曲,只看見你,炎亞綸,117,072,
最新排行(簡譜)：最新單曲,你是唯一,張芸京,117,074,衛視中文台《Oh My Lady》愛妳喲片頭曲
最新排行(簡譜)：最新單曲,沒離開過,林志炫,117,076,
最新排行(簡譜)：最新單曲,等你愛我,陳奕迅,117,078,電影【將愛】主題曲
最新排行(簡譜)：最新單曲,蔚藍海岸,梁靜茹,117,080,
最新排行(簡譜)：最新單曲,瀟灑小姐,蕭亞軒,117,082,
最新排行(簡譜)：最新單曲,世界這麼亂,SIGMA,117,084,
最新排行(簡譜)：最新單曲,美麗的誤會,羅志祥,117,086,
最新排行(簡譜)：最新單曲,答應不愛你,鄭中基,117,088,
最新排行(簡譜)：最新單曲,愛上陌生人,游鴻明,117,090,
最新排行(簡譜)：最新單曲,離開你那天,郭書瑤,117,092,
最新排行(簡譜)：最新單曲,我的心給了你,郁可唯,117,094,偶像劇【犀利人妻】插曲
最新排行(簡譜)：最新單曲,逃避沒有不好,A-Lin,117,096,
最新排行(簡譜)：最新單曲,彈彈琴戀戀愛,胡夏,117,098,
最新排行(簡譜)：最新單曲,如果冰箱會說話,梁靜茹,117,100,
最新排行(簡譜)：最新單曲,看見什麼吃什麼,林宥嘉,117,102,
最新排行(簡譜)：最新單曲,當秋天遇上秋天,梁心頤,117,106,
最新排行(簡譜)：最新單曲,總算我們也愛過,郭靜,117,108,
最新排行(簡譜)：最新單曲,煞,孫淑媚,116,010,
最新排行(簡譜)：最新單曲,笑容,黃文星,116,012,電視劇《艋舺耀輝》插曲
最新排行(簡譜)：最新單曲,媽媽,王彩樺,116,014,
最新排行(簡譜)：最新單曲,一張批,董育君,116,016,三立《家和萬事興》插曲
最新排行(簡譜)：最新單曲,尾班車,李千娜,116,018,
最新排行(簡譜)：最新單曲,夜半暝,黃妃,116,020,《霹靂布袋戲》片尾曲
最新排行(簡譜)：最新單曲,淡薄仔,黃妃,116,022,GTV八大《台灣奇案》片尾曲
最新排行(簡譜)：最新單曲,頭毛香,洪榮宏,116,024,三立5點《天下第一味》片尾曲
最新排行(簡譜)：最新單曲,人生車班,詹雅雯,116,026,
最新排行(簡譜)：最新單曲,三心兩意,黃文星/曾昱嘉,116,028,
最新排行(簡譜)：最新單曲,上愛的人,洪榮宏,116,030,
最新排行(簡譜)：最新單曲,幸福支票,鄭進一,116,032,
最新排行(簡譜)：最新單曲,相思聲聲,黃妃,116,034,《霹靂布袋戲》片尾曲
最新排行(簡譜)：最新單曲,豆花推倒攤,洪榮宏/秀蘭瑪雅,116,036,
最新排行(簡譜)：最新單曲,美麗的情歌,洪榮宏,116,038,
最新排行(簡譜)：最新單曲,家和萬事興,葉勝欽,116,040,
最新排行(簡譜)：最新單曲,最親愛的人,詹雅雯,116,042,
最新排行(簡譜)：最新單曲,辜負你的愛,孫淑媚,116,044,
最新排行(簡譜)：最新單曲,熊熊想起伊來,李千娜,116,046,
最新排行(簡譜)：最新單曲,你是我最愛的人,洪榮宏/秀蘭瑪雅,116,048,
最新排行(簡譜)：最新單曲,Touch My Heart,羅志祥,116,050,
最新排行(簡譜)：最新單曲,乏味,周傳雄,116,052,
最新排行(簡譜)：最新單曲,暮光,范瑋琪,116,054,
最新排行(簡譜)：最新單曲,情人結,張芸京,116,056,
最新排行(簡譜)：最新單曲,想自由,林宥嘉,116,058,
最新排行(簡譜)：最新單曲,想原諒,丁噹,116,060,
最新排行(簡譜)：最新單曲,下一個我,炎亞綸,116,062,
最新排行(簡譜)：最新單曲,另眼相看,蕭煌奇,116,064,
最新排行(簡譜)：最新單曲,只能勇敢,蕭煌奇,116,066,
最新排行(簡譜)：最新單曲,因為愛情,陳奕迅/王菲,116,068,電影【將愛】主題曲
最新排行(簡譜)：最新單曲,我能體諒,A-Lin,116,070,電影【非誠勿擾2】台灣中文主題曲
最新排行(簡譜)：最新單曲,兩手空空,張震嶽,116,072,
最新排行(簡譜)：最新單曲,情人知己,梁文音,116,074,中天電視劇《我的甜蜜情人》片尾曲
最新排行(簡譜)：最新單曲,超級瑪莉,田馥甄,116,076,
最新排行(簡譜)：最新單曲,一個人對話,張惠妹,116,080,
最新排行(簡譜)：最新單曲,我們都怕痛,潘瑋柏,116,082,華視電視劇【愛無限】片頭曲
最新排行(簡譜)：最新單曲,我最親愛的,張惠妹,116,084,
最新排行(簡譜)：最新單曲,亞特蘭提斯,F.I.R.,116,086,
最新排行(簡譜)：最新單曲,孤獨的和弦,蕭煌奇,116,088,
最新排行(簡譜)：最新單曲,彩虹的盡頭,楊培安,116,090,華視偶像劇【飛行少年】主題曲
最新排行(簡譜)：最新單曲,最愛不是我,張心傑,116,092,緯來韓劇【夥伴情人】片頭曲
最新排行(簡譜)：最新單曲,愚人的國度,孫燕姿,116,094,
最新排行(簡譜)：最新單曲,愛了就沉淪,張心傑,116,096,八大韓劇【媽媽發怒了】片尾曲
最新排行(簡譜)：最新單曲,記得懂得捨得,林凡,116,098,
最新排行(簡譜)：最新單曲,都什麼時候了,張惠妹,116,100,
最新排行(簡譜)：最新單曲,最重要的決定,范瑋琪,116,102,
最新排行(簡譜)：最新單曲,愛的飛行日記,周杰倫,116,104,
最新排行(簡譜)：最新單曲,還有眼淚就好,張惠妹,116,106,
最新排行(簡譜)：最新單曲,我不允許我再愛上你,李千娜,116,108,
最新排行(簡譜)：最新單曲,嘸甘,孫淑媚/霍正奇,115,010,三立電視劇《家和萬事興》片尾曲
最新排行(簡譜)：最新單曲,戲弄,王彩樺,115,012,
最新排行(簡譜)：最新單曲,欠情歌,詹雅雯,115,014,
最新排行(簡譜)：最新單曲,叭啥貨,Circus,115,016,
最新排行(簡譜)：最新單曲,離別雨,孫淑媚,115,018,三立八點檔《家和萬事興》片頭曲
最新排行(簡譜)：最新單曲,山伯英台,詹雅雯,115,020,
最新排行(簡譜)：最新單曲,天荒地老,荒山亮,115,022,
最新排行(簡譜)：最新單曲,東山再起,豬哥亮,115,024,
最新排行(簡譜)：最新單曲,鋩鋩角角,王彩樺,115,026,
最新排行(簡譜)：最新單曲,歸叢好好,豬哥亮,115,028,
最新排行(簡譜)：最新單曲,人生的探戈,孫淑媚,115,030,
最新排行(簡譜)：最新單曲,天公疼憨子,洪榮宏,115,032,
最新排行(簡譜)：最新單曲,Everything,梁心頤,115,034,
最新排行(簡譜)：最新單曲,La La La La,梁靜茹,115,036,
最新排行(簡譜)：最新單曲,指望,郁可唯,115,038,電視劇《犀利人妻》插曲
最新排行(簡譜)：最新單曲,重來,黃小琥,115,040,
最新排行(簡譜)：最新單曲,重傷,林凡,115,042,電視劇《犀利人妻》片尾曲
最新排行(簡譜)：最新單曲,淚奔,SIGMA,115,044,
最新排行(簡譜)：最新單曲,愛夏,胡夏,115,046,
最新排行(簡譜)：最新單曲,暖心,郁可唯,115,048,電視劇《犀利人妻》插曲
最新排行(簡譜)：最新單曲,爺爺,曹格,115,050,
最新排行(簡譜)：最新單曲,變化,何維健,115,052,《魔幻視界》主題曲
最新排行(簡譜)：最新單曲,一家一,梁靜茹/張智成,115,054,
最新排行(簡譜)：最新單曲,大女人,曹格,115,056,
最新排行(簡譜)：最新單曲,比較愛,梁靜茹,115,058,
最新排行(簡譜)：最新單曲,末班車,蕭煌奇,115,060,
最新排行(簡譜)：最新單曲,怕安靜,羅志祥,115,062,
最新排行(簡譜)：最新單曲,拼什麼,羅志祥,115,064,
最新排行(簡譜)：最新單曲,是時候,孫燕姿,115,066,
最新排行(簡譜)：最新單曲,悲歌王,曹格,115,068,
最新排行(簡譜)：最新單曲,暖暖手,井柏然/郭書瑤,115,070,
最新排行(簡譜)：最新單曲,疑心病,曾昱嘉,115,072,
最新排行(簡譜)：最新單曲,世說心語,孫燕姿,115,074,
最新排行(簡譜)：最新單曲,冷血動物,丁噹,115,076,中天韓劇《公主回來了》片尾曲/電玩《阿洛斯online》廣告主題曲
最新排行(簡譜)：最新單曲,我不再怕,梁心頤,115,078,
最新排行(簡譜)：最新單曲,幸福事小,倪安東,115,080,
最新排行(簡譜)：最新單曲,胡椒與鹽,梁心頤,115,082,
最新排行(簡譜)：最新單曲,時光小偷,孫燕姿,115,084,
最新排行(簡譜)：最新單曲,惦惦好嗎,蕭閎仁,115,086,
最新排行(簡譜)：最新單曲,眼淚不夠,曾昱嘉,115,088,
最新排行(簡譜)：最新單曲,最怕冷戰,符瓊音,115,090,
最新排行(簡譜)：最新單曲,順其自然,黃小琥,115,092,
最新排行(簡譜)：最新單曲,住在心裡面,吳克群,115,094,
最新排行(簡譜)：最新單曲,很久沒哭了,符瓊音,115,096,
最新排行(簡譜)：最新單曲,眼淚流回去,林凡,115,098,
最新排行(簡譜)：最新單曲,愛都是對的,胡夏,115,100,
最新排行(簡譜)：最新單曲,當冬夜漸暖,孫燕姿,115,102,
最新排行(簡譜)：最新單曲,親愛陌生人,丁噹,115,104,電視劇《歡迎光臨》片頭曲
最新排行(簡譜)：最新單曲,獨一無二Only You,羅志祥,115,106,
最新排行(簡譜)：最新單曲,這樣愛你好可怕,林凡,115,108,電視劇《犀利人妻》插曲
最新排行(簡譜)：最新單曲,拖,蕭煌奇,114,010,
最新排行(簡譜)：最新單曲,保庇,王彩樺,114,012,
最新排行(簡譜)：最新單曲,憨人,謝金燕,114,014,三立電視劇《天下父母心》片頭曲
最新排行(簡譜)：最新單曲,石敢當,楊哲,114,016,三立八點檔《天下父母心》/八大《第一劇場》插曲
最新排行(簡譜)：最新單曲,多情兄,新寶島康樂隊,114,018,
最新排行(簡譜)：最新單曲,牽K耐,豬哥亮/蔡佳縈,114,020,民視《夜市人生》片尾曲
最新排行(簡譜)：最新單曲,愛你辣,謝金燕,114,022,三立電視劇《天下第一味》片頭曲/《夢17泡泡染》年度廣告歌曲
最新排行(簡譜)：最新單曲,嗶嗶嗶,謝金燕,114,024,
最新排行(簡譜)：最新單曲,父母的心聲,孫淑媚,114,026,
最新排行(簡譜)：最新單曲,越頭看自己,豬哥亮,114,028,民視《夜市人生》片尾曲
最新排行(簡譜)：最新單曲,Sorry That I Love You,倪安東,114,030,
最新排行(簡譜)：最新單曲,Lie or Die,櫻桃幫,114,032,
最新排行(簡譜)：最新單曲,一半,丁噹,114,034,中天娛樂戲劇《雙面膠》片頭曲
最新排行(簡譜)：最新單曲,丑角,曹格,114,036,
最新排行(簡譜)：最新單曲,告白,自由發揮,114,038,
最新排行(簡譜)：最新單曲,信徒,神木與瞳,114,040,
最新排行(簡譜)：最新單曲,脆弱,謝安琪,114,042,
最新排行(簡譜)：最新單曲,傳奇,王菲,114,044,
最新排行(簡譜)：最新單曲,緩慢,林曉培,114,046,
最新排行(簡譜)：最新單曲,曙光,游鴻明,114,048,《台東城市旅遊》代言歌曲
最新排行(簡譜)：最新單曲,太天真,光良,114,050,
最新排行(簡譜)：最新單曲,木蘭情,孫燕姿,114,052,電影《花木蘭》主題曲
最新排行(簡譜)：最新單曲,娘子漢,蔡依林,114,054,
最新排行(簡譜)：最新單曲,破心臟,吳克群,114,056,
最新排行(簡譜)：最新單曲,黑麻麻ohmama,景行廳男孩,114,058,
最新排行(簡譜)：最新單曲,五天幾年,林凡,114,060,電視劇《犀利人妻》主題曲
最新排行(簡譜)：最新單曲,灰色河堤,唐禹哲,114,062,八大韓劇《妻子的誘惑》片頭曲
最新排行(簡譜)：最新單曲,你會不會,梁靜茹,114,064,
最新排行(簡譜)：最新單曲,我能給的,吳克群,114,066,
最新排行(簡譜)：最新單曲,我愛夏天,脫拉庫樂團,114,068,
最新排行(簡譜)：最新單曲,那不是愛,江語晨,114,072,
最新排行(簡譜)：最新單曲,星月神話,金莎,114,074,電視劇《神話》插曲
最新排行(簡譜)：最新單曲,珍愛舞台,劉德華,114,076,
最新排行(簡譜)：最新單曲,寂寞不痛,A-lin,114,078,中天電視劇《還想結婚的女子》片頭曲 東風電視劇《女人的戰爭》片尾曲
最新排行(簡譜)：最新單曲,最後一頁,江語晨,114,080,電視劇《熊貓人》片尾曲
最新排行(簡譜)：最新單曲,愛妳恨妳,周渝民,114,082,
最新排行(簡譜)：最新單曲,雙面女神,蕭亞軒,114,084,
最新排行(簡譜)：最新單曲,歡迎光臨,自由發揮,114,086,
最新排行(簡譜)：最新單曲,天使的距離,東城衛,114,090,
最新排行(簡譜)：最新單曲,永遠的福氣,陳慧琳,114,092,
最新排行(簡譜)：最新單曲,告解的男人,游鴻明,114,094,
最新排行(簡譜)：最新單曲,聽見牛在哭,阿杜,114,096,
最新排行(簡譜)：最新單曲,最寂寞的時候,盧廣仲,114,098,
最新排行(簡譜)：最新單曲,媽媽的娜魯娃,林俊傑,114,100,
最新排行(簡譜)：最新單曲,不能擁抱的天空,李崗霖,114,102,電視劇《儂本多情》片尾曲
最新排行(簡譜)：最新單曲,臭皮匠V.S.諸葛亮,徐若瑄,114,104,
最新排行(簡譜)：最新單曲,給我一個理由忘記,A-lin,114,106,八大電視劇《我的女友是九尾狐》片尾曲
最新排行(簡譜)：最新單曲,當我知道你們相愛,何維健,114,108,
最新排行(簡譜)：最新單曲,阿爸,周杰倫/洪榮宏,113,010,
最新排行(簡譜)：最新單曲,DiDiDa,郭書瑤,113,012,
最新排行(簡譜)：最新單曲,Little Sunshine,郭采潔,113,014,
最新排行(簡譜)：最新單曲,Love,徐佳瑩,113,016,
最新排行(簡譜)：最新單曲,天后,陳勢安,113,018,韓劇《富翁的誕生》片尾曲
最新排行(簡譜)：最新單曲,她說,林俊傑,113,020,
最新排行(簡譜)：最新單曲,空位,張信哲,113,022,
最新排行(簡譜)：最新單曲,洋蔥,叮噹,113,024,
最新排行(簡譜)：最新單曲,迷路,畢書盡(Bii),113,026,
最新排行(簡譜)：最新單曲,極限,徐佳瑩,113,028,
最新排行(簡譜)：最新單曲,綠洲,徐佳瑩,113,030,電影《美麗的聲音》中文宣傳曲
最新排行(簡譜)：最新單曲,誤會,飛輪海,113,032,電視劇《愛似百匯》片尾曲
最新排行(簡譜)：最新單曲,寶貝,莫文蔚,113,034,
最新排行(簡譜)：最新單曲,大眼睛,劉德華,113,036,
最新排行(簡譜)：最新單曲,不愛了,李玖哲,113,038,
最新排行(簡譜)：最新單曲,好姊妹,郭書瑤,113,040,
最新排行(簡譜)：最新單曲,我沒有,梁心頤,113,042,
最新排行(簡譜)：最新單曲,沒關係,吳克群,113,044,
最新排行(簡譜)：最新單曲,狂想曲,蕭亞軒,113,046,2010 IRIS《瞳光Online》主題曲
最新排行(簡譜)：最新單曲,孤兒淚,劉德華,113,048,
最新排行(簡譜)：最新單曲,很安靜,飛輪海,113,050,電視劇《桃花小妹》片尾曲
最新排行(簡譜)：最新單曲,紙玫瑰,林依晨,113,052,
最新排行(簡譜)：最新單曲,野薔薇,戴佩妮,113,054,
最新排行(簡譜)：最新單曲,錯的人,蕭亞軒,113,056,
最新排行(簡譜)：最新單曲,懼高症,徐佳瑩,113,058,
最新排行(簡譜)：最新單曲,七上八下,蔡依林,113,060,
最新排行(簡譜)：最新單曲,十年一刻,蘇打綠,113,062,
最新排行(簡譜)：最新單曲,自己回家,郭書瑤,113,064,
最新排行(簡譜)：最新單曲,你太猖狂,田馥甄,113,066,
最新排行(簡譜)：最新單曲,我的驕傲,楊培安,113,068,民視《新兵日記》片頭曲
最新排行(簡譜)：最新單曲,第三定律,李崗霖,113,070,
最新排行(簡譜)：最新單曲,絕對不放,吳克群,113,072,
最新排行(簡譜)：最新單曲,黑髮尤物,蔡依林,113,074,
最新排行(簡譜)：最新單曲,愛我恨我,吳克群,113,076,
最新排行(簡譜)：最新單曲,該怎麼辦,朴多藝,113,078,電視劇《原來是美男》插曲(韓語漢字拼音
最新排行(簡譜)：最新單曲,需要人陪,王力宏,113,080,
最新排行(簡譜)：最新單曲,默默無語,張根碩,113,082,電視劇《原來是美男》張根碩獨唱版(韓語漢字拼音)
最新排行(簡譜)：最新單曲,臨時演員,大嘴巴/懷秋,113,084,電視劇《灰姑娘的姐姐》片尾曲
最新排行(簡譜)：最新單曲,轉身之後,畢書盡(Bii),113,086,電視劇《鍾無艷》片尾曲
最新排行(簡譜)：最新單曲,昨天的天堂,吳亦帆,113,088,
最新排行(簡譜)：最新單曲,活到一百歲,林宇中,113,090,
最新排行(簡譜)：最新單曲,牽著妳的手,李洪基,113,092,電視劇《原來是美男》依然 中文版主題曲
最新排行(簡譜)：最新單曲,散場的擁抱,倪安東,113,094,
最新排行(簡譜)：最新單曲,路過的新娘,林宇中,113,096,
最新排行(簡譜)：最新單曲,心疼妳的心疼,飛輪海,113,098,
最新排行(簡譜)：最新單曲,未來的第一站,林育群,113,100,
最新排行(簡譜)：最新單曲,到不了的幸福,畢書盡(Bii),113,102,偶像劇《鍾無艷》片頭曲
最新排行(簡譜)：最新單曲,最後的那一天,李玖哲,113,104,
最新排行(簡譜)：最新單曲,我想我不會愛你,田馥甄,113,106,
最新排行(簡譜)：最新單曲,情歌沒有告訴你,梁靜茹,113,108,八大電視台韓劇《同伊》片尾曲
最新排行(簡譜)：最新單曲,天地,黃文星,112,010,電視劇《夜市人生》片尾曲
最新排行(簡譜)：最新單曲,玉蘭花,江蕙,112,012,
最新排行(簡譜)：最新單曲,老樂師,江蕙,112,014,
最新排行(簡譜)：最新單曲,夢中央,江蕙,112,016,
最新排行(簡譜)：最新單曲,莎喲娜啦,江蕙,112,018,
最新排行(簡譜)：最新單曲,一葉女人心,江蕙,112,020,
最新排行(簡譜)：最新單曲,男人KTV,黃文星,112,022,
最新排行(簡譜)：最新單曲,A.I.N.Y愛你,鄧紫棋,112,024,
最新排行(簡譜)：最新單曲,Be With You,唐禹哲,112,026,韓劇《我叫金三順》片尾曲
最新排行(簡譜)：最新單曲,Honey,郭書瑤,112,028,
最新排行(簡譜)：最新單曲,Love,田馥甄,112,030,
最新排行(簡譜)：最新單曲,原諒,郭采潔,112,032,
最新排行(簡譜)：最新單曲,特別,黃齡,112,034,
最新排行(簡譜)：最新單曲,爆肝,五月天,112,036,
最新排行(簡譜)：最新單曲,鑽石,徐熙媛,112,038,偶像劇《泡沫之夏》插曲
最新排行(簡譜)：最新單曲,小傷口,蔡依林,112,040,
最新排行(簡譜)：最新單曲,守護者,神木與瞳,112,042,
最新排行(簡譜)：最新單曲,雨不停,陳思涵,112,044,電視劇《飯糰之家》片尾曲
最新排行(簡譜)：最新單曲,美人計,蔡依林,112,046,
最新排行(簡譜)：最新單曲,愛不愛,郭采潔,112,048,
最新排行(簡譜)：最新單曲,解散愛,蔡依林,112,050,
最新排行(簡譜)：最新單曲,慢慢等,韋禮安,112,052,
最新排行(簡譜)：最新單曲,以戰止戰,東城衛,112,054,
最新排行(簡譜)：最新單曲,卡通人生,郭采潔,112,056,
最新排行(簡譜)：最新單曲,再見王子,棉花糖,112,058,
最新排行(簡譜)：最新單曲,自導自演,周杰倫,112,060,
最新排行(簡譜)：最新單曲,即時生效,蔡依林,112,062,
最新排行(簡譜)：最新單曲,幸運女神,豆花妹,112,064,電影《夏日大作戰》活動主題曲
最新排行(簡譜)：最新單曲,幸福不遠,郭書瑤,112,066,
最新排行(簡譜)：最新單曲,玩愛之徒,蔡依林,112,068,
最新排行(簡譜)：最新單曲,非你不愛,弦子,112,070,
最新排行(簡譜)：最新單曲,相反的我,張芸京,112,072,
最新排行(簡譜)：最新單曲,風和日麗,劉若英,112,074,三立偶像劇《倪亞達》片尾曲
最新排行(簡譜)：最新單曲,無言以對,蔡依林,112,076,
最新排行(簡譜)：最新單曲,愛情選項,張芸京,112,078,
最新排行(簡譜)：最新單曲,不只是朋友,丁噹,112,080,
最新排行(簡譜)：最新單曲,美好的旅行,林依晨,112,082,電影《街角的小王子》主題曲
最新排行(簡譜)：最新單曲,愛你離開你,南拳媽媽,112,084,
最新排行(簡譜)：最新單曲,你不知道的事,王力宏,112,086,
最新排行(簡譜)：最新單曲,我記得我愛過,何潤東,112,088,偶像劇《泡沫之夏》主題曲
最新排行(簡譜)：最新單曲,我喜歡不我愛,嚴爵,112,090,
最新排行(簡譜)：最新單曲,兩個人的荒島,S.H.E/周定緯,112,092,
最新排行(簡譜)：最新單曲,寂寞寂寞就好,田馥甄,112,094,
最新排行(簡譜)：最新單曲,管他什麼音樂,范曉萱,112,096,
最新排行(簡譜)：最新單曲,寫不完的溫柔,鄧紫棋,112,098,
最新排行(簡譜)：最新單曲,在你離開那一天,東城衛,112,100,
最新排行(簡譜)：最新單曲,我是一隻小小鳥,丁噹,112,102,
最新排行(簡譜)：最新單曲,花一開就相愛吧,林依晨,112,104,
最新排行(簡譜)：最新單曲,柴米油鹽醬醋茶,王力宏,112,106,
最新排行(簡譜)：最新單曲,飄洋過海來看你,丁噹,112,108,
最新排行(簡譜)：最新單曲,單行道,江蕙,111,010,
最新排行(簡譜)：最新單曲,黑咖啡,江蕙,111,012,
最新排行(簡譜)：最新單曲,痴情歌,孫淑媚,111,014,三立8點檔《天下父母心》片頭曲
最新排行(簡譜)：最新單曲,心裡有針,蕭煌奇,111,016,
最新排行(簡譜)：最新單曲,唉喲唉喲,江蕙,111,018,
最新排行(簡譜)：最新單曲,探戈探戈,江蕙,111,020,
最新排行(簡譜)：最新單曲,當時欲嫁,江蕙,111,022,
最新排行(簡譜)：最新單曲,阿母的情歌,蕭煌奇,111,024,
最新排行(簡譜)：最新單曲,黑色比基尼,蕭煌奇,111,026,
最新排行(簡譜)：最新單曲,愛作夢的人,蕭煌奇,111,028,
最新排行(簡譜)：最新單曲,愛是一種負擔,孫淑媚,111,030,
最新排行(簡譜)：最新單曲,Encore LaLa,郭靜,111,032,白歆惠代言《瑪豋瑪朵內衣》廣告曲
最新排行(簡譜)：最新單曲,殼,黃小琥,111,034,
最新排行(簡譜)：最新單曲,天真,弦子,111,036,
最新排行(簡譜)：最新單曲,空位,胡彥斌,111,038,
最新排行(簡譜)：最新單曲,偏食,楊丞琳,111,040,
最新排行(簡譜)：最新單曲,寄生,吳克群,111,042,
最新排行(簡譜)：最新單曲,聊天,郭靜,111,044,
最新排行(簡譜)：最新單曲,嫁妝,郭靜,111,046,韓劇《不像三兄弟》《天使的誘惑》片尾曲
最新排行(簡譜)：最新單曲,煙火,郭采潔,111,048,
最新排行(簡譜)：最新單曲,跳痛,戴愛玲,111,050,電影《窒愛》中文主題曲
最新排行(簡譜)：最新單曲,寬恕,神木與瞳,111,052,
最新排行(簡譜)：最新單曲,不過問,郭采潔,111,054,
最新排行(簡譜)：最新單曲,因為愛,韋禮安,111,056,韓劇《男版灰姑娘》《不像三兄弟》片尾曲
最新排行(簡譜)：最新單曲,勇敢愛,張靚穎,111,058,韓劇《黃金新娘》片尾曲
最新排行(簡譜)：最新單曲,海是你,江明娟,111,060,韓劇《媳婦的人生》片頭曲
最新排行(簡譜)：最新單曲,這叫愛,By2,111,062,
最新排行(簡譜)：最新單曲,好久不見,周杰倫,111,064,
最新排行(簡譜)：最新單曲,你是你的,弦子,111,066,
最新排行(簡譜)：最新單曲,我不想念,劉若英,111,068,中天韓劇《他們的世界》主題曲
最新排行(簡譜)：最新單曲,我陪你哭,蕭亞軒,111,070,
最新排行(簡譜)：最新單曲,春花夢露,蕭煌奇,111,072,
最新排行(簡譜)：最新單曲,黑色月亮,楊丞琳,111,074,
最新排行(簡譜)：最新單曲,煙花易冷,周杰倫,111,076,
最新排行(簡譜)：最新單曲,說了再見,周杰倫,111,078,
最新排行(簡譜)：最新單曲,58度寂寞,符瓊音,111,080,
最新排行(簡譜)：最新單曲,危險的念頭,羅志祥,111,082,
最新排行(簡譜)：最新單曲,找個人愛我,康康,111,084,電影《拍賣春天》插曲
最新排行(簡譜)：最新單曲,雨下一整晚,周杰倫,111,086,
最新排行(簡譜)：最新單曲,雨後的彩虹,許景淳,111,088,電影《拍賣春天》主題曲
最新排行(簡譜)：最新單曲,超人不會飛,周杰倫,111,090,
最新排行(簡譜)：最新單曲,愛的主場秀,羅志祥,111,092,
最新排行(簡譜)：最新單曲,每一天都不同,郭靜,111,094,緯來戲劇《拜託小姐》片頭曲
最新排行(簡譜)：最新單曲,勇敢的不是我,A-Lin,111,096,
最新排行(簡譜)：最新單曲,謝謝你的美好,嚴爵,111,098,韓劇《他們的世界》片尾曲
最新排行(簡譜)：最新單曲,如果這就是愛情,張靚穎,111,100,中天電視劇《暗香》主題曲
最新排行(簡譜)：最新單曲,免費教學錄影帶,周杰倫,111,102,
最新排行(簡譜)：最新單曲,繼續給15歲的自己,劉若英,111,106,
最新排行(簡譜)：最新單曲,In Your Eyes,羅志祥/楊丞琳,110,010,
最新排行(簡譜)：最新單曲,No Body,Wonder Girls,110,012,
最新排行(簡譜)：最新單曲,SHERO,S.H.E,110,014,
最新排行(簡譜)：最新單曲,伴,黃小琥,110,016,
最新排行(簡譜)：最新單曲,重播,張傑,110,018,
最新排行(簡譜)：最新單曲,喇舌,大嘴巴,110,020,
最新排行(簡譜)：最新單曲,你不會,S.H.E,110,022,
最新排行(簡譜)：最新單曲,結婚吧,辛龍,110,024,
最新排行(簡譜)：最新單曲,愛上你,By2,110,026,
最新排行(簡譜)：最新單曲,愛上你,S.H.E,110,028,偶像劇《就想賴著你》片尾曲
最新排行(簡譜)：最新單曲,愛瘋頭,羅志祥,110,030,
最新排行(簡譜)：最新單曲,搞砸了,黃鴻升,110,032,
最新排行(簡譜)：最新單曲,螢火蟲,張傑,110,034,
最新排行(簡譜)：最新單曲,以前以後,A-Lin,110,036,
最新排行(簡譜)：最新單曲,生理時鐘,羅志祥,110,038,
最新排行(簡譜)：最新單曲,雨後天空,袁詠琳,110,040,
最新排行(簡譜)：最新單曲,淺藍深藍,伍思凱,110,042,電影《淺藍深藍》主題曲
最新排行(簡譜)：最新單曲,習慣就好,羅志祥,110,044,
最新排行(簡譜)：最新單曲,無法割捨,彭佳慧,110,046,
最新排行(簡譜)：最新單曲,愛不單行,羅志祥,110,048,
最新排行(簡譜)：最新單曲,愛就對了,S.H.E,110,050,
最新排行(簡譜)：最新單曲,分手的情書,陳偉聯,110,052,
最新排行(簡譜)：最新單曲,古老的大鐘,李聖傑,110,054,
最新排行(簡譜)：最新單曲,折疊式愛情,楊丞琳,110,056,
最新排行(簡譜)：最新單曲,沒什麼好怕,阿杜,110,058,
最新排行(簡譜)：最新單曲,背對背擁抱,林俊傑,110,060,
最新排行(簡譜)：最新單曲,荊棘裡的花,飛兒樂團,110,062,
最新排行(簡譜)：最新單曲,匿名的好友,楊丞琳,110,064,
最新排行(簡譜)：最新單曲,第三個願望,庾澄慶,110,066,韓劇《愛我別哭》片尾曲
最新排行(簡譜)：最新單曲,習慣兩個人,言承旭,110,068,
最新排行(簡譜)：最新單曲,想你就寫信,浪花兄弟,110,070,韓劇《愛你千萬次》片尾曲
最新排行(簡譜)：最新單曲,愛伊攜帶汝,張傑,110,072,
最新排行(簡譜)：最新單曲,台灣的心跳聲,蔡依林,110,074,上海《世界博覽會台灣館》主題曲
最新排行(簡譜)：最新單曲,我不知我愛你,黃小琥,110,076,
最新排行(簡譜)：最新單曲,玩具槍與玫瑰,黃鴻升,110,078,
最新排行(簡譜)：最新單曲,怎麼開始忘了,張芸京/林隆璇,110,080,
最新排行(簡譜)：最新單曲,原諒我沒有說,李聖傑,110,082,
最新排行(簡譜)：最新單曲,現在我很幸福,A-Lin,110,084,
最新排行(簡譜)：最新單曲,第幾個100天,林俊傑,110,086,
最新排行(簡譜)：最新單曲,愛妳越來越多,伍佰,110,088,
最新排行(簡譜)：最新單曲,分手需要練習的,A-Lin,110,090,
最新排行(簡譜)：最新單曲,我不要長生不老,黃鴻升,110,092,
最新排行(簡譜)：最新單曲,我們沒有在一起,劉若英,110,094,偶像劇《偷心大聖PS男》片尾曲
最新排行(簡譜)：最新單曲,雨中飄蕩的回憶,刀郎,110,096,
最新排行(簡譜)：最新單曲,無盡透明的思念,庾澄慶,110,098,韓劇《燦爛的遺產》片尾曲
最新排行(簡譜)：最新單曲,向日葵盛開的夏天,飛兒樂團,110,100,
最新排行(簡譜)：最新單曲,找個好人就嫁了吧,劉思偉,110,102,
最新排行(簡譜)：最新單曲,我是誰我是誰我是誰,MP魔幻力量,110,104,偶像劇《偷心大聖PS男》主題曲
最新排行(簡譜)：最新單曲,地球上最浪漫的一首歌,黃鴻升,110,106,
最新排行(簡譜)：最新單曲,我的心裡只有你沒有他,黃小琥,110,108,
最新排行(簡譜)：最新單曲,我甲你,陳奕迅,109,010,
最新排行(簡譜)：最新單曲,Oh Yeah,盧廣仲,109,012,
最新排行(簡譜)：最新單曲,走,蔡旻佑,109,014,
最新排行(簡譜)：最新單曲,等,王心凌,109,016,
最新排行(簡譜)：最新單曲,切歌,李聖傑,109,018,
最新排行(簡譜)：最新單曲,刺蝟,溫嵐,109,020,
最新排行(簡譜)：最新單曲,夜貓,丁噹,109,022,
最新排行(簡譜)：最新單曲,放肆,五月天,109,024,
最新排行(簡譜)：最新單曲,花火,阿信/丁噹,109,026,
最新排行(簡譜)：最新單曲,雨愛,楊丞琳,109,028,偶像劇【海派甜心】片尾曲
最新排行(簡譜)：最新單曲,畫沙,袁詠琳/周杰倫,109,030,
最新排行(簡譜)：最新單曲,給你,陳奕迅,109,032,
最新排行(簡譜)：最新單曲,說謊,林宥嘉,109,034,電影短片【針尖上的天使】主題曲
最新排行(簡譜)：最新單曲,禮物,劉力揚,109,036,
最新排行(簡譜)：最新單曲,小乖乖,蔡旻佑,109,038,
最新排行(簡譜)：最新單曲,小星星,王心凌,109,040,偶像劇【桃花小妹】插曲
最新排行(簡譜)：最新單曲,你的歌,陶吉吉,109,042,
最新排行(簡譜)：最新單曲,幸運草,丁噹,109,044,偶像劇【下一站幸福】插曲
最新排行(簡譜)：最新單曲,帶我飛,林志玲,109,046,電影【刺陵】片尾曲
最新排行(簡譜)：最新單曲,鑽石糖,蕭亞軒,109,048,
最新排行(簡譜)：最新單曲,一秒也好,卓文萱,109,050,
最新排行(簡譜)：最新單曲,三個願望,梁文音,109,052,
最新排行(簡譜)：最新單曲,心的距離,陳奕迅,109,054,
最新排行(簡譜)：最新單曲,失業情歌,胡彥斌,109,056,
最新排行(簡譜)：最新單曲,再見勾勾,盧廣仲,109,058,
最新排行(簡譜)：最新單曲,好久不見,蔡依林,109,062,
最新排行(簡譜)：最新單曲,近在眼前,潘浴文,109,064,偶像劇【那一年的幸福時光】片頭曲
最新排行(簡譜)：最新單曲,青梅竹馬,周治平,109,066,電視劇【青梅竹馬】片頭曲
最新排行(簡譜)：最新單曲,"寂寞,好了",蔡旻佑,109,068,
最新排行(簡譜)：最新單曲,感同身受,林宥嘉,109,070,
最新排行(簡譜)：最新單曲,暢一首歌,鄭元暢,109,072,
最新排行(簡譜)：最新單曲,幫妳記得,潘裕文,109,074,電影【生命最後一個月的花嫁】中文指定曲
最新排行(簡譜)：最新單曲,不要愛上我,溫嵐,109,076,
最新排行(簡譜)：最新單曲,"不愛,請閃開",蕭亞軒,109,078,
最新排行(簡譜)：最新單曲,火燒的寂寞,信,109,080,韓劇【燦爛的遺產】片頭曲
最新排行(簡譜)：最新單曲,他夏了夏天,蘇打綠,109,082,
最新排行(簡譜)：最新單曲,你不愛我了,袁詠琳,109,084,
最新排行(簡譜)：最新單曲,我全都相信,溫嵐,109,086,偶像劇【紫玫瑰】片尾曲
最新排行(簡譜)：最新單曲,我等不到你,摩天人,109,088,
最新排行(簡譜)：最新單曲,沒那麼簡單,黃小琥,109,090,
最新排行(簡譜)：最新單曲,突然想愛你,丁噹/周華健,109,092,偶像劇【下一站幸福】片尾曲
最新排行(簡譜)：最新單曲,美麗的日子,王心凌,109,094,
最新排行(簡譜)：最新單曲,哭過就好了,梁文音,109,096,偶像劇【紫玫瑰】片尾曲
最新排行(簡譜)：最新單曲,愛像一首歌,蔡琴,109,098,
最新排行(簡譜)：最新單曲,很旅行的愛情,袁詠琳,109,100,
最新排行(簡譜)：最新單曲,喜歡你怎麼辦,王心凌,109,102,偶像劇【桃花小妹】片頭曲
最新排行(簡譜)：最新單曲,你看不到的天空,蔡旻佑,109,104,
最新排行(簡譜)：最新單曲,我很好那麼你呢,王心凌,109,106,
最新排行(簡譜)：最新單曲,如果我們心不那麼難猜,摩天人,109,108,電視劇【閃亮的日子】片尾曲
最新排行(簡譜)：最新單曲,無眠,蘇打綠,108,010,韓劇【妻子的誘惑】片尾曲
最新排行(簡譜)：最新單曲,夢中做憨人,張惠妹,108,012,
最新排行(簡譜)：最新單曲,Nothing's gonna change my love for you,方大同,108,014,
最新排行(簡譜)：最新單曲,不屑,黃鴻升,108,016,
最新排行(簡譜)：最新單曲,狂熱,蘇打綠,108,018,
最新排行(簡譜)：最新單曲,依靠,林依晨,108,020,
最新排行(簡譜)：最新單曲,坦白,蕭亞軒,108,022,
最新排行(簡譜)：最新單曲,紅豆,方大同,108,024,
最新排行(簡譜)：最新單曲,倒數,蕭亞軒,108,026,
最新排行(簡譜)：最新單曲,偶爾,張韶涵,108,028,
最新排行(簡譜)：最新單曲,偏愛,張芸京,108,030,《仙劍奇俠傳 3》插曲
最新排行(簡譜)：最新單曲,彩虹,張惠妹,108,032,
最新排行(簡譜)：最新單曲,親人,丁噹,108,034,"三立偶像劇【下一站,幸福】插曲"
最新排行(簡譜)：最新單曲,暗示,方炯鑌/弦子,108,036,
最新排行(簡譜)：最新單曲,遺憾,方炯鑌,108,038,
最新排行(簡譜)：最新單曲,禮物,羅美玲,108,040,偶像劇《痞子英雄》插曲
最新排行(簡譜)：最新單曲,鐵人,Color Band,108,042,偶像劇《痞子英雄》插曲
最新排行(簡譜)：最新單曲,召喚獸,陳乃榮,108,044,偶像劇《終極三國》插曲
最新排行(簡譜)：最新單曲,白白的,張韶涵,108,046,韓劇《貝多芬病毒》片尾曲.《BOBSON》牛仔褲主題曲
最新排行(簡譜)：最新單曲,你我她,陳宥臻,108,048,
最新排行(簡譜)：最新單曲,我愛他,丁噹,108,050,"三立偶像劇【下一站,幸福】主題曲"
最新排行(簡譜)：最新單曲,拋物線,蔡健雅,108,052,
最新排行(簡譜)：最新單曲,放棄你,郭書瑤,108,054,
最新排行(簡譜)：最新單曲,哭出來,Color Band,108,056,
最新排行(簡譜)：最新單曲,喔伊細,徐佳瑩,108,058,
最新排行(簡譜)：最新單曲,搖擺頭,張韶涵,108,060,《雪碧汽水》主題曲
最新排行(簡譜)：最新單曲,放逐愛情,解偉苓,108,062,偶像劇《痞子英雄》插曲
最新排行(簡譜)：最新單曲,信心旅行,林俊傑/何耀珊,108,064,
最新排行(簡譜)：最新單曲,俠侶神雕,張宇,108,066,華視八點檔偶像劇《魔女18號》片頭曲
最新排行(簡譜)：最新單曲,寂屋出租,潘瑋柏,108,068,
最新排行(簡譜)：最新單曲,愛的抱抱,郭書瑤,108,070,
最新排行(簡譜)：最新單曲,愛的魔法,夏宇童,108,072,電影【情聖終結者】主題曲
最新排行(簡譜)：最新單曲,愛過了頭,蕭敬騰,108,074,韓劇【妻子的誘惑】片尾曲
最新排行(簡譜)：最新單曲,隱形紀念,蔡淳佳,108,076,
最新排行(簡譜)：最新單曲,轉瞬為風,永邦,108,078,
最新排行(簡譜)：最新單曲,關於我們,痞克四,108,080,
最新排行(簡譜)：最新單曲,幸福的時光,潘裕文/徐宛鈴,108,082,電視劇《那一年的幸福時光》片尾曲
最新排行(簡譜)：最新單曲,若你碰到他,蔡健雅,108,084,電影【陽陽】主題曲
最新排行(簡譜)：最新單曲,閃亮的日子,胡彥斌,108,086,中視電視劇《光陰的故事》插曲
最新排行(簡譜)：最新單曲,閃閃惹人愛,蕭亞軒,108,088,
最新排行(簡譜)：最新單曲,最想做的事,潘裕文,108,090,
最新排行(簡譜)：最新單曲,愛一直存在,梁文音,108,092,偶像劇《紫玫瑰》主題曲
最新排行(簡譜)：最新單曲,魔鬼的眼淚,永邦,108,094,
最新排行(簡譜)：最新單曲,Supermarket超級市場,曹格,108,096,
最新排行(簡譜)：最新單曲,多出來的自由,言承旭,108,098,
最新排行(簡譜)：最新單曲,你為什麼說謊,丁噹,108,100,
最新排行(簡譜)：最新單曲,來不及說再見,郭書瑤,108,102,
最新排行(簡譜)：最新單曲,接近無限的藍,林依晨,108,104,
最新排行(簡譜)：最新單曲,最,劉大壯,155,002,
最新排行(簡譜)：最新單曲,來遲,戴羽彤,155,004,
最新排行(簡譜)：最新單曲,晚安,顏人中,155,006,
最新排行(簡譜)：最新單曲,中國心,璨樂團,155,008,
最新排行(簡譜)：最新單曲,半生雪,是七叔呢,155,011,
最新排行(簡譜)：最新單曲,我在等,林寶馨,155,013,
最新排行(簡譜)：最新單曲,我很好騙,動力火車,155,015,
最新排行(簡譜)：最新單曲,別再對我好,Uu,155,018,
最新排行(簡譜)：最新單曲,因為你 所以我,五月天,155,020,
最新排行(簡譜)：最新單曲,多想在平庸的生活擁抱你,隔壁老樊,155,022,
最新排行(簡譜)：最新單曲,太陽,邱振哲,155,024,
最新排行(簡譜)：最新單曲,少年,夢然,155,026,
最新排行(簡譜)：最新單曲,英雄,盧廣仲,155,029,動畫電影《諸葛四郎 - 英雄的英雄》主題曲
最新排行(簡譜)：最新單曲,漸冷,雪二,155,031,
最新排行(簡譜)：最新單曲,倖存者,林俊傑,155,033,
最新排行(簡譜)：最新單曲,千千萬萬,深海魚子醬,155,035,
最新排行(簡譜)：最新單曲,平行世界,G.E.M.鄧紫棋,155,037,電影《刺殺小說家》主題曲
最新排行(簡譜)：最新單曲,一年一年老,蔡義德,155,040,電視劇《天之驕女》片尾曲
最新排行(簡譜)：最新單曲,送予你的歌,蕭煌奇,155,042,
最新排行(簡譜)：最新單曲,終於等到這一句,小樂哥,155,045,
最新排行(簡譜)：最新單曲,忽然,韋禮安,155,047,
最新排行(簡譜)：最新單曲,不遺憾,李榮浩,155,049,電影《妳的婚禮》主題曲
最新排行(簡譜)：最新單曲,千星傳說,Gun Napat,155,051,電視劇《千星傳說》主題曲
最新排行(簡譜)：最新單曲,愉此一生,晏紫東,155,053,網絡劇《愉此一生》主題曲
最新排行(簡譜)：最新單曲,無人知曉,田馥甄,155,055,
最新排行(簡譜)：最新單曲,感官先生,劉鳳瑤,155,057,
最新排行(簡譜)：最新單曲,目及皆是你,小藍背心,155,059,
最新排行(簡譜)：最新單曲,阿嬤的拉日歐,黃明洲,155,061,
最新排行(簡譜)：最新單曲,月下待杜鵑不來,費玉清,155,063,
最新排行(簡譜)：最新單曲,致我們的星辰大海,璨樂團,155,065,
最新排行(簡譜)：最新單曲,我們,黃霆睿,155,067,來不及說再見《奇蹟》前導片插曲
最新排行(簡譜)：最新單曲,善變,王靖雯不胖,155,069,
最新排行(簡譜)：最新單曲,小朋友,任然,155,071,
最新排行(簡譜)：最新單曲,在此等候,Panithan Thanchai,155,073,電視劇《國王遊戲 2 》主題曲
最新排行(簡譜)：最新單曲,如果可以,韋禮安,155,076,電影《月老》主題曲
最新排行(簡譜)：最新單曲,不浪漫罪名,王傑,155,078,
最新排行(簡譜)：最新單曲,幸福惦手中,黃明洲,155,080,
最新排行(簡譜)：最新單曲,裹著心的光,林俊傑,155,082,
最新排行(簡譜)：最新單曲,閣愛妳一擺,茄子蛋,155,084,
最新排行(簡譜)：最新單曲,父親寫的散文詩,李健,155,086,
最新排行(簡譜)：最新單曲,清空,王忻辰/蘇星婕,155,088,
最新排行(簡譜)：最新單曲,錯季,秋原依,155,090,
最新排行(簡譜)：最新單曲,孤勇者,陳奕迅,155,092,動畫劇集《英雄聯盟 雙城之戰》中文主題曲
最新排行(簡譜)：最新單曲,靜悄悄,大泫,155,094,
最新排行(簡譜)：最新單曲,好不容易,告五人,155,096,影集《華燈初上》片尾曲
最新排行(簡譜)：最新單曲,也罷,阿吉仔,154,002,
最新排行(簡譜)：最新單曲,心電心,王心凌,154,004,
最新排行(簡譜)：最新單曲,飛鳥和蟬,任然,154,006,
最新排行(簡譜)：最新單曲,敢傻敢衝,茄子蛋,154,008,《2020黑松沙士年度》主題曲
最新排行(簡譜)：最新單曲,愛情怎麼了嗎,盧廣仲,154,010,電視劇《月村歡迎你》片頭曲
最新排行(簡譜)：最新單曲,會長大的幸福,Tank,108,106,
最新排行(簡譜)：最新單曲,看得最遠的地方,張韶涵,108,108,韓劇《愛的謊言》片尾曲.電影《非常完美》插曲
最新排行(簡譜)：最新單曲,好膽你就來,張惠妹,107,010,
最新排行(簡譜)：最新單曲,可愛的查某,張宇,107,012,華視《歡喜來逗陣》片頭曲
最新排行(簡譜)：最新單曲,請你不通嫌棄我,謝和絃,107,014,
最新排行(簡譜)：最新單曲,Come To Me,林依晨,107,016,
最新排行(簡譜)：最新單曲,DNA,五月天,107,018,
最新排行(簡譜)：最新單曲,Thank You,言承旭,107,020,
最新排行(簡譜)：最新單曲,不再,陳乃榮,107,022,
最新排行(簡譜)：最新單曲,分生,張惠妹,107,024,
最新排行(簡譜)：最新單曲,王妃,蕭敬騰,107,026,
最新排行(簡譜)：最新單曲,出口,徐佳瑩,107,028,
最新排行(簡譜)：最新單曲,低調,張棟樑,107,030,
最新排行(簡譜)：最新單曲,花沙,游鴻明,107,032,
最新排行(簡譜)：最新單曲,掉了,張惠妹,107,034,
最新排行(簡譜)：最新單曲,掌紋,曹格,107,036,
最新排行(簡譜)：最新單曲,暗戀,張智成,107,038,
最新排行(簡譜)：最新單曲,說說,棒棒堂,107,040,
最新排行(簡譜)：最新單曲,熱冬,蔡依林,107,042,
最新排行(簡譜)：最新單曲,簡單,郭靜,107,044,
最新排行(簡譜)：最新單曲,一公里,許茹芸,107,046,
最新排行(簡譜)：最新單曲,哼情歌,徐佳瑩,107,048,
最新排行(簡譜)：最新單曲,黑吃黑,張惠妹,107,050,
最新排行(簡譜)：最新單曲,螢火蟲,林依晨,107,052,
最新排行(簡譜)：最新單曲,雙人舞,潘瑋柏,107,054,
最新排行(簡譜)：最新單曲,出乎意料,高以愛/潘瑋柏,107,056,
最新排行(簡譜)：最新單曲,左邊右邊,楊培安,107,058,中視《神鵰俠侶》片尾曲
最新排行(簡譜)：最新單曲,你們的愛,周筆暢,107,060,
最新排行(簡譜)：最新單曲,我不會愛,蕭敬騰,107,062,台視《明星的戀人》片頭片尾曲
最新排行(簡譜)：最新單曲,幸福藥草,伍思凱,107,064,偶像劇《福氣又安康》片頭曲
最新排行(簡譜)：最新單曲,寂寞先生,曹格,107,066,
最新排行(簡譜)：最新單曲,甜蜜花園,林依晨,107,068,2009年黑松汽水年度廣告代言歌曲
最新排行(簡譜)：最新單曲,無賴正義,趙又廷&Color Band,107,070,電視劇《痞子英雄》主題曲
最新排行(簡譜)：最新單曲,善男信女,蕭敬騰,107,072,
最新排行(簡譜)：最新單曲,傻的可以,范瑋琪,107,074,
最新排行(簡譜)：最新單曲,愛的力量,高以愛,107,076,
最新排行(簡譜)：最新單曲,有你有明天,楊培安/符瓊音,107,078,中視《神雕俠侶》片頭曲
最新排行(簡譜)：最新單曲,灰色的彩虹,范瑋琪,107,080,
最新排行(簡譜)：最新單曲,我會很愛你,言承旭,107,082,《Sony Walkman》廣告主題曲
最新排行(簡譜)：最新單曲,故事未完成,楊培安/劉虹翎,107,084,公視【心星的淚光】片尾曲
最新排行(簡譜)：最新單曲,就要幸福了,夏宇童,107,086,《福氣又安康》片尾曲
最新排行(簡譜)：最新單曲,就站在這裡,宋念宇,107,088,
最新排行(簡譜)：最新單曲,會痛的石頭,蕭敬騰,107,090,
最新排行(簡譜)：最新單曲,與愛情無關,游鴻明,107,092,
最新排行(簡譜)：最新單曲,說分手之後,小宇,107,094,
最新排行(簡譜)：最新單曲,一有愛就走吧,許茹芸,107,096,
最新排行(簡譜)：最新單曲,如果沒有明天,高以愛,107,098,
最新排行(簡譜)：最新單曲,阿飛的小蝴蝶,蕭敬騰,107,100,
最新排行(簡譜)：最新單曲,後青春期的詩,五月天,107,102,
最新排行(簡譜)：最新單曲,在KTV說愛你,言承旭,107,104,韓劇《伊甸園之東》片頭曲
最新排行(簡譜)：最新單曲,想知道你現在好不好,范瑋琪,107,106,韓劇《食客》片尾曲
最新排行(簡譜)：最新單曲,找一句新的話來說喜歡我,夏宇童,107,108,
最新排行(簡譜)：最新單曲,不知,蕭閎仁,106,010,
最新排行(簡譜)：最新單曲,印記,Mr.Children,106,012,日劇【14歲小媽媽】主題曲
最新排行(簡譜)：最新單曲,Don't Go Away,BY2,106,016,
最新排行(簡譜)：最新單曲,Love & Love,郭采潔,106,018,
最新排行(簡譜)：最新單曲,心牆,郭靜,106,020,電視劇【花樣男子流星花園】片尾曲
最新排行(簡譜)：最新單曲,失眠,許慧欣,106,022,
最新排行(簡譜)：最新單曲,兩難,戴佩妮,106,024,
最新排行(簡譜)：最新單曲,明白,郭靜,106,026,韓劇【伊甸園之東】片尾曲
最新排行(簡譜)：最新單曲,夠愛,東城衛/謝和弦(A.CHORD),106,028,偶像劇【終極一家】插曲
最新排行(簡譜)：最新單曲,理由,賴銘偉,106,030,
最新排行(簡譜)：最新單曲,畫心,張靚穎,106,032,電影【畫皮】插曲
最新排行(簡譜)：最新單曲,愛上,小宇,106,034,2009【Cotton USA美國棉】年度廣告主題曲
最新排行(簡譜)：最新單曲,撐腰,羅志祥,106,036,
最新排行(簡譜)：最新單曲,大丈夫,蔡依林,106,038,
最新排行(簡譜)：最新單曲,小心願,強辯樂團/任容萱,106,040,
最新排行(簡譜)：最新單曲,生還者,Tank,106,042,
最新排行(簡譜)：最新單曲,我的愛,王若琳,106,044,
最新排行(簡譜)：最新單曲,我知道,BY2,106,046,電視劇【比賽開始】片尾曲
最新排行(簡譜)：最新單曲,沉默劇,藍又時,106,048,
最新排行(簡譜)：最新單曲,花蝴蝶,蔡依林,106,050,
最新排行(簡譜)：最新單曲,狠狠哭,郭采潔,106,052,
最新排行(簡譜)：最新單曲,破天荒,張芸京,106,054,
最新排行(簡譜)：最新單曲,高調愛,羅志祥,106,056,
最新排行(簡譜)：最新單曲,黑裙子,張芸京,106,058,電視劇【敲敲愛上你】片尾曲
最新排行(簡譜)：最新單曲,離別曲,陳珊妮,106,060,
最新排行(簡譜)：最新單曲,失落沙洲,徐佳瑩,106,062,
最新排行(簡譜)：最新單曲,你在不在,郭采潔,106,064,
最新排行(簡譜)：最新單曲,我沒有錯,蕭閎仁,106,066,
最新排行(簡譜)：最新單曲,身騎白馬,徐佳瑩,106,068,
最新排行(簡譜)：最新單曲,第89鍵,蕭閎仁,106,070,
最新排行(簡譜)：最新單曲,最親愛的,梁文音,106,072,
最新排行(簡譜)：最新單曲,傷心酒杯,周傳雄/李千娜,106,074,
最新排行(簡譜)：最新單曲,愛到瘋癲,動力火車,106,076,
最新排行(簡譜)：最新單曲,繼續轉動,動力火車,106,078,
最新排行(簡譜)：最新單曲,一樣的月光,徐佳瑩,106,080,
最新排行(簡譜)：最新單曲,在樹上唱歌,郭靜,106,082,2009【美國棉廣告】主題曲
最新排行(簡譜)：最新單曲,沉默的瞬間,張棟樑,106,084,
最新排行(簡譜)：最新單曲,夜訪吸血鬼,五月天,106,086,
最新排行(簡譜)：最新單曲,讓我照顧你,張芸京,106,088,
最新排行(簡譜)：最新單曲,又圓了的月亮,郭采潔,106,090,
最新排行(簡譜)：最新單曲,可不可以愛我,盧學叡,106,092,電視劇【王子看見二公主】片尾曲
最新排行(簡譜)：最新單曲,全世界都停電,Tank,106,094,偶像劇【愛就宅ㄧ起】插曲
最新排行(簡譜)：最新單曲,如果我變成回憶,Tank,106,096,
最新排行(簡譜)：最新單曲,我只是想要幸福,蘇永康,106,098,公視電視劇【心星的淚光】片尾曲
最新排行(簡譜)：最新單曲,其實我也不知道,蕭煌奇,106,100,
最新排行(簡譜)：最新單曲,愛上妳不如愛上海,動力火車/林志炫,106,102,
最新排行(簡譜)：最新單曲,說你也一樣愛著我,張棟樑,106,104,
最新排行(簡譜)：最新單曲,下輩子如果我還記得你,馬郁,106,106,
最新排行(簡譜)：最新單曲,原諒我就是這樣的女生,戴佩妮,106,108,
最新排行(簡譜)：最新單曲,PK,梁靜茹/曹格,105,010,電視劇【幸福的抉擇】片尾曲
最新排行(簡譜)：最新單曲,魚,陳綺貞,105,012,
最新排行(簡譜)：最新單曲,天燈,梁靜茹,105,014,
最新排行(簡譜)：最新單曲,太陽,陳綺貞,105,016,
最新排行(簡譜)：最新單曲,如煙,五月天,105,018,
最新排行(簡譜)：最新單曲,死結,李玖哲,105,020,八大戲劇【殘酷的愛】片尾曲
最新排行(簡譜)：最新單曲,妥協,蔡依林,105,022,
最新排行(簡譜)：最新單曲,沸騰,戴愛玲,105,024,韓劇【巴黎戀人】片尾曲
最新排行(簡譜)：最新單曲,空港,戴愛玲,105,026,韓劇【復活】片尾曲
最新排行(簡譜)：最新單曲,秘密,藍又時,105,028,
最新排行(簡譜)：最新單曲,情歌,梁靜茹,105,030,電視劇【敗犬女王】插曲
最新排行(簡譜)：最新單曲,幾分,羅志祥,105,032,電視劇【轉角遇到愛】插曲
最新排行(簡譜)：最新單曲,距離,陳綺貞,105,034,
最新排行(簡譜)：最新單曲,黑白,方大同,105,036,
最新排行(簡譜)：最新單曲,新歌,唐禹哲,105,038,
最新排行(簡譜)：最新單曲,煙火,陳綺貞,105,040,
最新排行(簡譜)：最新單曲,默默,飛輪海,105,042,
最新排行(簡譜)：最新單曲,三人遊,方大同,105,044,
最新排行(簡譜)：最新單曲,小小蟲,方大同,105,046,
最新排行(簡譜)：最新單曲,小夫妻,歐得洋/蔡淳佳,105,048,
最新排行(簡譜)：最新單曲,太煩惱,楊丞琳,105,050,
最新排行(簡譜)：最新單曲,耍大牌,蔡依林,105,052,
最新排行(簡譜)：最新單曲,降落傘,蔡依林,105,054,
最新排行(簡譜)：最新單曲,浪漫愛,江語晨,105,056,
最新排行(簡譜)：最新單曲,留下來,飛輪海,105,058,
最新排行(簡譜)：最新單曲,愛靈靈,戴愛玲,105,060,
最新排行(簡譜)：最新單曲,蝶戀花,符瓊音,105,062,
最新排行(簡譜)：最新單曲,左邊右邊,蕭煌奇,105,064,
最新排行(簡譜)：最新單曲,用力抱著,梁靜茹,105,066,
最新排行(簡譜)：最新單曲,回到過去,張震嶽/林芯儀,105,068,電視劇【光陰的故事】片尾曲
最新排行(簡譜)：最新單曲,我的依賴,蔡依林,105,070,
最新排行(簡譜)：最新單曲,沒有如果,梁靜茹,105,072,電視劇【敗犬女王】片頭曲
最新排行(簡譜)：最新單曲,寂寞暴走,飛輪海,105,074,
最新排行(簡譜)：最新單曲,慣性背叛,蔡依林,105,076,
最新排行(簡譜)：最新單曲,可以不愛了,梁文音,105,078,
最新排行(簡譜)：最新單曲,另一個天堂,王力宏/張靚穎,105,080,
最新排行(簡譜)：最新單曲,永遠在身邊,大嘴巴,105,082,
最新排行(簡譜)：最新單曲,妳不必愛我,方炯鑌,105,084,
最新排行(簡譜)：最新單曲,為妳寫的歌,方大同,105,086,
最新排行(簡譜)：最新單曲,愈慢愈美麗,蔡依林,105,088,
最新排行(簡譜)：最新單曲,你快樂我內傷,蔡依林,105,090,
最新排行(簡譜)：最新單曲,別再為他流淚,梁靜茹,105,092,電視劇【敗犬女王】插曲
最新排行(簡譜)：最新單曲,最溫柔的懸念,唐禹哲,105,094,
最新排行(簡譜)：最新單曲,寫給自己的歌,黃義達,105,096,
最新排行(簡譜)：最新單曲,不會消失的夜晚,信樂團,105,098,
最新排行(簡譜)：最新單曲,我是你的消防局,蕭煌奇,105,100,
最新排行(簡譜)：最新單曲,假如妳還在這裡,羅志祥,105,102,
最新排行(簡譜)：最新單曲,愛情之所以為愛情,梁靜茹,105,104,電視劇【敗犬女王】片尾曲
最新排行(簡譜)：最新單曲,你走天橋我走地下道,何維健,105,106,
最新排行(簡譜)：最新單曲,我聽見有人叫你寶貝,林健輝,105,108,
最新排行(簡譜)：最新單曲,月落,江蕙,104,001,
最新排行(簡譜)：最新單曲,筍仔,魚仔,104,003,大愛劇場【冬筍的滋味】片尾曲
最新排行(簡譜)：最新單曲,頭仔,江蕙,104,005,
最新排行(簡譜)：最新單曲,憨阿嬤,江蕙,104,007,
最新排行(簡譜)：最新單曲,人生公路,詹雅雯,104,009,
最新排行(簡譜)：最新單曲,深情海岸,詹雅雯,104,011,
最新排行(簡譜)：最新單曲,檸檬愛玉,江蕙/方炯鑌,104,013,
最新排行(簡譜)：最新單曲,甲你攬牢牢,江蕙,104,015,
最新排行(簡譜)：最新單曲,甜蜜的世界,江蕙,104,017,
最新排行(簡譜)：最新單曲,跳舞到天光,江蕙,104,019,
最新排行(簡譜)：最新單曲,Everything,王力宏,104,021,緯來戲劇台【真愛On Air】片尾曲/2008年【Sony Ericsson】廣告主題曲
最新排行(簡譜)：最新單曲,Love,郭采潔,104,023,電視劇【無敵珊寶妹】插曲
最新排行(簡譜)：最新單曲,魂,信,104,025,
最新排行(簡譜)：最新單曲,心跳,王力宏,104,027,
最新排行(簡譜)：最新單曲,冷戰,楊丞琳,104,029,
最新排行(簡譜)：最新單曲,缺席,黃靖倫,104,031,
最新排行(簡譜)：最新單曲,搞笑,羅志祥,104,033,
最新排行(簡譜)：最新單曲,腳本,王力宏,104,035,
最新排行(簡譜)：最新單曲,蝶戀,魏如昀,104,037,
最新排行(簡譜)：最新單曲,壞人,方炯鑌,104,039,電視劇【牽牛花開的日子】片尾曲
最新排行(簡譜)：最新單曲,屬於,梁靜茹,104,041,
最新排行(簡譜)：最新單曲,一句話,卓文萱,104,043,
最新排行(簡譜)：最新單曲,勾勾手,游喧,104,045,
最新排行(簡譜)：最新單曲,回去吧,方炯鑌,104,047,
最新排行(簡譜)：最新單曲,我太乖,江語晨,104,049,
最新排行(簡譜)：最新單曲,夏雨詩,潘裕文,104,051,
最新排行(簡譜)：最新單曲,笑忘歌,五月天,104,053,
最新排行(簡譜)：最新單曲,第一眼,梁文音,104,055,【東森購物形象】廣告曲
最新排行(簡譜)：最新單曲,噢買尬,五月天,104,057,
最新排行(簡譜)：最新單曲,女孩別哭,光良,104,059,
最新排行(簡譜)：最新單曲,幸福不滅,羅志祥,104,061,偶像劇【籃球火】插曲
最新排行(簡譜)：最新單曲,做你的天,李玖哲,104,063,
最新排行(簡譜)：最新單曲,第二順位,羅志祥,104,065,
最新排行(簡譜)：最新單曲,晴天娃娃,江語晨,104,067,電影【不能說的秘密】插曲
最新排行(簡譜)：最新單曲,愛的城堡,卓文萱,104,069,
最新排行(簡譜)：最新單曲,獨家快樂,卓文萱,104,071,
最新排行(簡譜)：最新單曲,612星球,S.H.E,104,073,
最新排行(簡譜)：最新單曲,我還是不懂,A-Lin,104,075,
最新排行(簡譜)：最新單曲,春天的吶喊,五月天,104,077,
最新排行(簡譜)：最新單曲,限時的遺忘,潘嘉麗,104,079,
最新排行(簡譜)：最新單曲,最幸福的事,梁文音,104,081,
最新排行(簡譜)：最新單曲,麵包的滋味,林依晨,104,083,偶像劇【我的億萬麵包】片尾曲
最新排行(簡譜)：最新單曲,不潮不用花錢,林俊傑,104,085,
最新排行(簡譜)：最新單曲,我的愛吊點滴,楊丞琳,104,087,
最新排行(簡譜)：最新單曲,薄荷與指甲剪,梁文音,104,089,
最新排行(簡譜)：最新單曲,在你懷裡的微笑,楊丞琳,104,091,
最新排行(簡譜)：最新單曲,你是我唯一的執著,言承旭,104,093,偶像劇【白色巨塔】片頭曲
最新排行(簡譜)：最新單曲,春雨裡洗過的太陽,王力宏,104,095,
最新排行(簡譜)：最新單曲,我不是你想像那麼勇敢,梁文音,104,097,
最新排行(簡譜)：最新單曲,今晚你想念的人是不是我,A-Lin,104,099,
最新排行(簡譜)：最新單曲,出頭天,五月天,103,001,【三商美邦人壽】廣告曲
最新排行(簡譜)：最新單曲,又見兵變,康康,103,003,
最新排行(簡譜)：最新單曲,heavenly days,新垣結衣,103,005,電影【戀空】插曲
最新排行(簡譜)：最新單曲,明天天氣晴,桑田佳祐,103,007,日劇【求婚大作戰】主題曲
最新排行(簡譜)：最新單曲,Don't Wanna,范逸臣,103,009,
最新排行(簡譜)：最新單曲,Na Na Na,吳克群/王心凌,103,011,
最新排行(簡譜)：最新單曲,月光,黃靖倫,103,013,韓劇【堅強的野花】片尾曲
最新排行(簡譜)：最新單曲,花海,周杰倫,103,015,
最新排行(簡譜)：最新單曲,情書,范逸臣,103,017,
最新排行(簡譜)：最新單曲,蒼天,李玖哲,103,019,【蒼天Online】主題曲
最新排行(簡譜)：最新單曲,遠遠,林宇中,103,021,
最新排行(簡譜)：最新單曲,酸甜,S.H.E/飛輪海,103,023,內地【蒙牛酸酸乳】廣告曲
最新排行(簡譜)：最新單曲,稻香,周杰倫,103,025,
最新排行(簡譜)：最新單曲,小酒窩,林俊傑/蔡卓研,103,027,
最新排行(簡譜)：最新單曲,天亮了,S.H.E,103,029,
最新排行(簡譜)：最新單曲,比你賤,S.H.E/周定緯,103,031,
最新排行(簡譜)：最新單曲,右手邊,光良,103,033,電影「Always幸福的三町目」中文主題曲
最新排行(簡譜)：最新單曲,安靜了,S.H.E,103,035,
最新排行(簡譜)：最新單曲,店小二,S.H.E,103,037,
最新排行(簡譜)：最新單曲,時光機,周杰倫,103,039,
最新排行(簡譜)：最新單曲,草戒指,神木與瞳,103,041,
最新排行(簡譜)：最新單曲,帶我走,楊丞琳,103,043,
最新排行(簡譜)：最新單曲,愛太痛,吳克群,103,045,
最新排行(簡譜)：最新單曲,醉赤壁,林俊傑,103,047,電玩【赤壁online】主題曲
最新排行(簡譜)：最新單曲,瀟湘雨,胡彥斌,103,049,
最新排行(簡譜)：最新單曲,蘭亭序,周杰倫,103,051,
最新排行(簡譜)：最新單曲,一句一傷,劉力揚,103,053,
最新排行(簡譜)：最新單曲,不甘示弱,張棟樑,103,055,偶像劇【無敵珊寶妹】插曲
最新排行(簡譜)：最新單曲,巴黎鐵塔,胡彥斌,103,057,
最新排行(簡譜)：最新單曲,月光手札,S.H.E,103,059,
最新排行(簡譜)：最新單曲,宇宙小姐,S.H.E,103,061,【達芙妮】廣告曲姐妹作
最新排行(簡譜)：最新單曲,我還想她,林俊傑,103,063,
最新排行(簡譜)：最新單曲,幸福快樂,音樂鐵人,103,065,
最新排行(簡譜)：最新單曲,流浪詩人,周杰倫/楊瑞代,103,067,
最新排行(簡譜)：最新單曲,笨的可以,郭采潔,103,069,偶像劇【無敵珊寶妹】插曲
最新排行(簡譜)：最新單曲,販賣溫柔,卓義峰,103,071,
最新排行(簡譜)：最新單曲,喬克叔叔,周杰倫,103,073,
最新排行(簡譜)：最新單曲,類似愛情,蕭亞軒,103,075,
最新排行(簡譜)：最新單曲,魔術先生,周杰倫,103,077,
最新排行(簡譜)：最新單曲,P.S.我愛你,A-Lin,103,079,
最新排行(簡譜)：最新單曲,永遠不回頭,張雨生/姚可傑/邰正宵/王傑等,103,081,電影【七匹狼】主題曲
最新排行(簡譜)：最新單曲,告別的時代,信,103,083,
最新排行(簡譜)：最新單曲,走鋼索的人,林宥嘉,103,085,
最新排行(簡譜)：最新單曲,突然好想你,五月天,103,087,
最新排行(簡譜)：最新單曲,愛你愛到死,楊蕎安/同恩/夏宇童,103,089,
最新排行(簡譜)：最新單曲,說好的幸福呢,周杰倫,103,091,
最新排行(簡譜)：最新單曲,I Love You你懂不懂,劉明峰,103,093,
最新排行(簡譜)：最新單曲,轉吧!七彩霓虹燈,夾子樂隊,103,095,
最新排行(簡譜)：最新單曲,你不是真正的快樂,五月天,103,099,
最新排行(簡譜)：最新單曲,給我一首歌的時間,周杰倫,103,101,
最新排行(簡譜)：最新單曲,各自遠颺,中孝介,102,001,電影【海角七號】插曲
最新排行(簡譜)：最新單曲,Blues,蕭敬騰,102,003,
最新排行(簡譜)：最新單曲,Missing You,范逸臣,102,005,韓劇【咖啡王子1號店】片尾曲
最新排行(簡譜)：最新單曲,More More More,蕭亞軒,102,007,
最新排行(簡譜)：最新單曲,Stay With Me,蔡旻佑,102,009,偶像劇【咖啡王子一號店】片頭曲
最新排行(簡譜)：最新單曲,2人,蔡旻佑,102,011,
最新排行(簡譜)：最新單曲,別說,李玖哲,102,013,緯來電視劇【嶄新的心】片頭曲
最新排行(簡譜)：最新單曲,怪胎,鄭中基,102,015,
最新排行(簡譜)：最新單曲,放電,范瑋琪,102,017,【Panasonic】廣告曲
最新排行(簡譜)：最新單曲,許願,范逸臣,102,019,
最新排行(簡譜)：最新單曲,轉機,潘瑋柏,102,021,
最新排行(簡譜)：最新單曲,難得,A-Lin,102,023,
最新排行(簡譜)：最新單曲,下雨天,南拳媽媽,102,025,韓劇【遊戲女王】片尾曲
最新排行(簡譜)：最新單曲,不完美,李玖哲,102,027,
最新排行(簡譜)：最新單曲,我愛你,盧廣仲,102,029,
最新排行(簡譜)：最新單曲,情花開,張棟樑,102,031,偶像劇【無敵珊寶妹】片頭曲
最新排行(簡譜)：最新單曲,猜不透,丁噹,102,033,
最新排行(簡譜)：最新單曲,野玫瑰,范逸臣/中孝介,102,035,電影【海角七號】插曲
最新排行(簡譜)：最新單曲,開天窗,五月天,102,037,
最新排行(簡譜)：最新單曲,一拜天地,康康,102,041,
最新排行(簡譜)：最新單曲,千山萬水,周杰倫,102,043,【2008年北京奧運徵集歌曲】
最新排行(簡譜)：最新單曲,不夠成熟,BY2,102,045,
最新排行(簡譜)：最新單曲,我愛上的,丁噹,102,047,
最新排行(簡譜)：最新單曲,走火入魔,丁噹/五月天阿信,102,049,
最新排行(簡譜)：最新單曲,妳不像她,南拳媽媽,102,051,
最新排行(簡譜)：最新單曲,為你而活,賴銘偉/黃美珍,102,053,韓劇【王與我】片頭曲
最新排行(簡譜)：最新單曲,美麗女人,劉嘉亮,102,055,
最新排行(簡譜)：最新單曲,做我自己,A-Lin,102,057,
最新排行(簡譜)：最新單曲,國境之南,范逸臣,102,059,電影【海角七號】插曲
最新排行(簡譜)：最新單曲,眼淚笑了,劉力揚,102,061,
最新排行(簡譜)：最新單曲,無樂不作,范逸臣,102,063,電影【海角七號】主題曲
最新排行(簡譜)：最新單曲,然後怎樣,陳奕迅,102,065,
最新排行(簡譜)：最新單曲,感恩的心,楊培安,102,067,日劇【阿信】片尾曲
最新排行(簡譜)：最新單曲,奮不顧身,蕭敬騰,102,069,八大戲劇【錢的戰爭】片尾曲
最新排行(簡譜)：最新單曲,今天情人節,梁靜茹,102,071,
最新排行(簡譜)：最新單曲,再見小時候,南拳媽媽,102,073,
最新排行(簡譜)：最新單曲,好想要揮霍,盧廣仲,102,075,
最新排行(簡譜)：最新單曲,早安晨之美,盧廣仲,102,077,
最新排行(簡譜)：最新單曲,我們就到這,梁靜茹,102,079,
最新排行(簡譜)：最新單曲,武裝的薔薇,神木與瞳,102,081,
最新排行(簡譜)：最新單曲,婚禮進行曲,胡彥斌,102,083,
最新排行(簡譜)：最新單曲,微笑的起點,范瑋琪,102,085,
最新排行(簡譜)：最新單曲,親愛的小孩,楊培安,102,087,韓劇【六個小孩】片頭曲
最新排行(簡譜)：最新單曲,還是好朋友,古巨基/梁靜茹,102,089,
最新排行(簡譜)：最新單曲,轉轉轉運歌,強辯樂團,102,091,7 - 11【Open小將】廣告曲
最新排行(簡譜)：最新單曲,如果能在一起,梁靜茹,102,093,電影【新郎不是我】主題曲
最新排行(簡譜)：最新單曲,滿滿的都是愛,梁靜茹,102,095,
最新排行(簡譜)：最新單曲,沿海公路的出口,S.H.E,102,097,
最新排行(簡譜)：最新單曲,原來你就在我身邊,蕭閎仁,102,099,
最新排行(簡譜)：最新單曲,王寶釧苦守寒窯十八年,蕭閎仁,102,101,
最新排行(簡譜)：最新單曲,酒歌,黃乙玲,101,001,
最新排行(簡譜)：最新單曲,春花秋月,黃乙玲/鄭君威/許富凱/吳俊宏,101,003,
最新排行(簡譜)：最新單曲,看袂落去,蕭閎仁,101,005,
最新排行(簡譜)：最新單曲,酸風柳樹,楊培安,101,007,
最新排行(簡譜)：最新單曲,愛情甘講已經過,黃乙玲,101,009,
最新排行(簡譜)：最新單曲,Believe,AI,101,011,Believe (AI) 日劇【醫龍1】主題曲
流行豆芽譜,途,張哲瀚,101,012,
最新排行(簡譜)：最新單曲,看不見的星星,中島美嘉,101,013,日劇【派遣女王】主題曲
最新排行(簡譜)：最新單曲,Love Song,方大同,101,015,
流行豆芽譜,如常,李玖哲,101,016,
最新排行(簡譜)：最新單曲,收藏,蕭敬騰,101,017,
最新排行(簡譜)：最新單曲,伯樂,林宥嘉,101,019,韓劇【王與我】片尾曲
最新排行(簡譜)：最新單曲,呢喃,蘇打綠,101,021,
流行豆芽譜,外人,蕭秉治,101,021,
最新排行(簡譜)：最新單曲,知道,郭靜,101,023,
最新排行(簡譜)：最新單曲,病態,林宥嘉,101,025,
流行豆芽譜,一念之間,告五人,101,026,
最新排行(簡譜)：最新單曲,疼愛,蕭敬騰,101,027,台酒【紅麴黑麥汁】廣告曲
最新排行(簡譜)：最新單曲,眼色,林宥嘉,101,029,
最新排行(簡譜)：最新單曲,傳說,林宥嘉/劉力揚,101,031,韓劇【太王四神記】片尾曲
最新排行(簡譜)：最新單曲,漂流,品冠,101,033,電影【注定愛你】主題曲
流行豆芽譜,走盡,L桃籽,101,033,
最新排行(簡譜)：最新單曲,衝動,蕭亞軒,101,035,
流行豆芽譜,浮木,邱鋒澤,101,036,
最新排行(簡譜)：最新單曲,擁抱,蘇永康,101,037,
最新排行(簡譜)：最新單曲,戀單,戴愛玲,101,039,
流行豆芽譜,原來沒關係,胡彥斌,101,040,
最新排行(簡譜)：最新單曲,大玩笑,郭靜,101,041,
最新排行(簡譜)：最新單曲,流浪記,巴奈,101,043,
最新排行(簡譜)：最新單曲,原諒我,蕭敬騰,101,045,
最新排行(簡譜)：最新單曲,海芋戀,蕭敬騰,101,047,古道【貴爵奶茶】廣告曲
流行豆芽譜,腦袋都是你,陳勢安,101,048,LINE TV《HIStory5-遇見未來的你》片尾曲
最新排行(簡譜)：最新單曲,愛愛愛,方大同,101,049,
最新排行(簡譜)：最新單曲,難朋友,陳小春,101,051,
流行豆芽譜,烏梅子醬,李榮浩,101,051,
最新排行(簡譜)：最新單曲,不要說話,陳奕迅,101,053,韓劇【王與我】片頭曲/電影【時尚先生】主題曲
最新排行(簡譜)：最新單曲,不藥而癒,郭靜,101,055,
流行豆芽譜,人生海海,張哲瀚,101,055,
最新排行(簡譜)：最新單曲,天使之翼,戴愛玲,101,057,
流行豆芽譜,寂寞的另一端,炎亞綸,101,058,電影《我的婆婆怎麼把OO搞丟了》主題曲
最新排行(簡譜)：最新單曲,可愛美眉,張信哲,101,059,
最新排行(簡譜)：最新單曲,我的快樂,錦繡二重唱,101,061,偶像劇【命中注定我愛你】插曲
最新排行(簡譜)：最新單曲,花很迷惘,吳忠明/葉瑋庭,101,063,【民視】偶像劇【花之戀】主題曲
流行豆芽譜,別離開好嗎,許書豪,101,063,華劇《第9節課》插曲
最新排行(簡譜)：最新單曲,神秘嘉賓,林宥嘉,101,065,
流行豆芽譜,等待被理解的人,張若凡,101,066,
最新排行(簡譜)：最新單曲,陪我歌唱,蘇打綠,101,067,
最新排行(簡譜)：最新單曲,殘酷月光,林宥嘉,101,069,
流行豆芽譜,別讓愛停擺,蔡健雅,101,069,
最新排行(簡譜)：最新單曲,新歌試唱,張棟樑,101,071,
最新排行(簡譜)：最新單曲,一百種生活,盧廣仲,101,073,
流行豆芽譜,為你寫下這首情歌,五月天,101,074,
最新排行(簡譜)：最新單曲,王子的新衣,蕭敬騰,101,075,
最新排行(簡譜)：最新單曲,男人KTV,胡彥斌,101,077,
最新排行(簡譜)：最新單曲,想你的習慣,小宇,101,079,偶像劇【蜂蜜幸運草】片尾曲
流行豆芽譜,我有一棵樹,李聖傑,101,079,
最新排行(簡譜)：最新單曲,一顆心的距離,范瑋琪,101,081,
最新排行(簡譜)：最新單曲,幸運草的祝福,Clover,101,083,偶像劇【蜂蜜幸運草】片頭曲
流行豆芽譜,眼淚記得你,孫盛希,101,083,電影《想見你》主題曲
最新排行(簡譜)：最新單曲,歌手與模特兒,方大同,101,085,
最新排行(簡譜)：最新單曲,永不消失的彩虹,卓文萱,101,087,偶像劇【翻滾吧!蛋炒飯】片尾曲
流行豆芽譜,夢裡的女孩,陳零九,101,087,電影《想見你》插曲
最新排行(簡譜)：最新單曲,連哭都是我的錯,東來東往,101,089,
最新排行(簡譜)：最新單曲,有人為妳偷偷在哭,蘇永康,101,091,
流行豆芽譜,餘人節快樂,施語庭,101,091,
最新排行(簡譜)：最新單曲,你是此生最美的風景,JS,101,093,
最新排行(簡譜)：最新單曲,不要用我的愛來傷害我,韓晶,101,095,
最新排行(簡譜)：最新單曲,沒有你的日子我真的好孤單,韓晶,101,097,
流行豆芽譜,親愛的對象,蔡依林,101,097,電影《關於我和鬼變成家人的那件事》主題曲
最新排行(簡譜)：最新單曲,原來我最愛的人是你不是他,林健輝,101,099,
流行豆芽譜,癡心無名氏,艾薇,101,103,
流行豆芽譜,去有風的地方,郁可唯,101,107,電視《去有風的地方》主題曲
流行豆芽譜,連輸入法都記得你,陳勢安,101,110,LINE TV《HIStory5-遇見未來的你》片尾曲
流行豆芽譜,冰川消失那天,張哲瀚,101,115,
流行豆芽譜,當我變成我們,呂思緯,101,121,
最新排行(簡譜)：最新單曲,梳妝台,快樂二世代,100,001,
最新排行(簡譜)：最新單曲,無情兄,黃乙玲,100,003,
最新排行(簡譜)：最新單曲,感情線,黃乙玲,100,005,公視【亂世豪門】片尾曲
最新排行(簡譜)：最新單曲,隨風飛,黃乙玲,100,007,韓劇【美好人生】片頭曲
最新排行(簡譜)：最新單曲,無譜的歌,黃乙玲/林昕陽,100,009,GTV【第一劇場】片尾曲
最新排行(簡譜)：最新單曲,熱情恰恰,謝金燕,100,011,
最新排行(簡譜)：最新單曲,愛你一世人,蕭煌奇,100,013,
流行豆芽譜,剛好,白安,100,013,戲劇《台北女子圖鑑》插曲
最新排行(簡譜)：最新單曲,講乎自己聽,黃乙玲/林慧萍,100,015,韓劇【美好人生】片尾曲
最新排行(簡譜)：最新單曲,謝謝再聯絡,謝金燕,100,017,
最新排行(簡譜)：最新單曲,愛著不該愛的人,謝金燕,100,019,
流行豆芽譜,聊聊天,A-Lin,100,019,
最新排行(簡譜)：最新單曲,I Love You,王若琳,100,021,
最新排行(簡譜)：最新單曲,For No Reason,王若琳,100,023,
流行豆芽譜,毒藥,蕭秉治,100,024,
最新排行(簡譜)：最新單曲,Hi Hi Bye Bye,王心凌,100,025,
最新排行(簡譜)：最新單曲,Tiamo,炎亞綸/劉力揚,100,027,
流行豆芽譜,摯友,A-Lin,100,028,
最新排行(簡譜)：最新單曲,逃生,張信哲,100,029,
最新排行(簡譜)：最新單曲,累格,戴愛玲,100,031,韓劇 [ 家有七公主 ] 片尾曲
最新排行(簡譜)：最新單曲,頻率,蘇打綠,100,033,
流行豆芽譜,蝴蝶,柏霖,100,034,網路劇《基因決定我愛你》片尾曲
最新排行(簡譜)：最新單曲,鴕鳥,元衛覺醒,100,035,
最新排行(簡譜)：最新單曲,小太陽,五月天,100,037,
流行豆芽譜,500天,九九,100,038,
最新排行(簡譜)：最新單曲,半生熟,品冠/戴佩妮,100,039,韓劇【家有七公主】片尾曲
最新排行(簡譜)：最新單曲,半情歌,元若藍,100,041,偶像劇【命中注定我愛你】插曲
流行豆芽譜,平分慚愧,邱鋒澤,100,042,
最新排行(簡譜)：最新單曲,百分百,郭靜,100,043,
最新排行(簡譜)：最新單曲,快一點,郭采潔,100,045,
流行豆芽譜,雨夜花,家家,100,046,戲劇《華燈初上》插曲
最新排行(簡譜)：最新單曲,我不配,邰正宵,100,047,
最新排行(簡譜)：最新單曲,我很好,劉若英,100,049,
流行豆芽譜,唯一的你,張若凡,100,049,韓劇《現正分手中》中文主題曲
最新排行(簡譜)：最新單曲,投名狀,劉德華,100,051,電影【投名狀】主題曲
最新排行(簡譜)：最新單曲,情人節,吳克群,100,053,
流行豆芽譜,脫胎換骨,李榮浩,100,053,
最新排行(簡譜)：最新單曲,捨不得,弦子,100,055,
最新排行(簡譜)：最新單曲,傻孩子,閻韋伶,100,057,
流行豆芽譜,對等關係,李榮浩/張惠妹,100,057,
最新排行(簡譜)：最新單曲,愛來過,S.H.E,100,059,偶像劇【鬥牛要不要】插曲
最新排行(簡譜)：最新單曲,心裡有數,飛輪海,100,061,
流行豆芽譜,好不容易,告五人,100,062,戲劇《華燈初上》片尾曲
最新排行(簡譜)：最新單曲,半個月亮,梁靜茹,100,063,
最新排行(簡譜)：最新單曲,完整演出,黃義達,100,065,
最新排行(簡譜)：最新單曲,倦鳥餘花,游鴻明,100,067,
流行豆芽譜,就忘了吧,1K,100,067,
最新排行(簡譜)：最新單曲,牽牽牽手,吳克群,100,069,
最新排行(簡譜)：最新單曲,復刻回憶,方大同/薛凱琪,100,071,
流行豆芽譜,忘了對我說,郭靜,100,072,電視劇《今⽣有你》宣傳曲
最新排行(簡譜)：最新單曲,夢想巴士,棒棒堂,100,073,
最新排行(簡譜)：最新單曲,對愛渴望,楊宗緯,100,075,
最新排行(簡譜)：最新單曲,獨家記憶,陳小春,100,077,
流行豆芽譜,不想聽見的歌,戴愛玲,100,078,
最新排行(簡譜)：最新單曲,下一個天亮,郭靜,100,079,
最新排行(簡譜)：最新單曲,心願便利貼,吳忠明/元若藍,100,081,電視劇【命中注定我愛你】片尾曲
流行豆芽譜,來不及的告白,柏霖,100,082,東森電視自製戲劇《額外旅程》片頭曲
最新排行(簡譜)：最新單曲,至少還有我,飛輪海,100,083,
最新排行(簡譜)：最新單曲,我一直都在,林稷安/程于倫,100,085,偶像劇【花樣少年少女】插曲
流行豆芽譜,烏雲日記,艾薇,100,086,
最新排行(簡譜)：最新單曲,寂寞那麼多,張棟樑,100,087,
最新排行(簡譜)：最新單曲,越愛越難過,吳克群,100,089,
最新排行(簡譜)：最新單曲,九十九次我愛他,元若藍,100,091,偶像劇【命中注定我愛你】片頭曲
流行豆芽譜,你為我撐過的傘,范倪Liu,100,091,
最新排行(簡譜)：最新單曲,第三者的第三者,弦子,100,093,
最新排行(簡譜)：最新單曲,那些女孩教我的事,品冠,100,095,
流行豆芽譜,最偉大的作品,周杰倫,100,095,
最新排行(簡譜)：最新單曲,生命中不可承受的輕,梁靜茹,100,097,
最新排行(簡譜)：最新單曲,愛到最後一秒也不委曲,曹格,100,099,
流行豆芽譜,我以為你不會出現,告五人,100,104,UAG安全感形象曲
流行豆芽譜,想知道你在想什麼,周興哲,100,110,電影《我吃了那男孩一整年的早餐》 主題曲
流行豆芽譜,你是心動的理由,丁噹,100,118,電影《再說一次我願意》主題曲
流行豆芽譜,閉上眼睛會想起的人,家家,100,123,電影《一杯熱奶茶的等待》主題曲
流行豆芽譜,願你快樂與我有關,張語噥,100,127,
流行豆芽譜,沒有人寫歌給你過吧,白安,100,131,
流行豆芽譜,長成什麼樣子算愛情,麋先生,100,138,
兩琴相樂(吉他譜),壞的好人,張惠妹,1,001,https://drive.google.com/open?id=190uhBBO85iT8IP1wRqtat9TZpFRfesRn
兩琴相樂(吉他譜),我們不一樣,大壯,1,002,https://drive.google.com/open?id=1OQ3lzHehdPg-BJxKpi14lF5Bw73uiT9K
兩琴相樂(吉他譜),學貓叫,[小潘潘+小峰峰],1,003,https://drive.google.com/open?id=1gcExc01ocnOeNxGGfcRbdVLR1CPtnjwx
兩琴相樂(吉他譜),夢田,[齊豫+潘越雲],1,004,https://drive.google.com/open?id=18Jc3_7ya58GmXQrIMxJfH14WteihycHj
兩琴相樂(吉他譜),厚臉皮,Ella(陳嘉樺),1,005,https://drive.google.com/open?id=19QoVLzRGFxUGVyUTufYrPOXxxyVcH46t
兩琴相樂(吉他譜),愛X無限大,元若藍,1,006,https://drive.google.com/open?id=1R_UE0e3VLEYUyYU2DqFgKAQuDvTCuMJH
兩琴相樂(吉他譜),LOVE,田馥甄,1,007,https://drive.google.com/open?id=1wfOR04s_iYm9uV6dUmHR2poet0TQjltA
兩琴相樂(吉他譜),兩種,周華健,1,008,https://drive.google.com/open?id=1etOwaXudeFJA124Drm7rHZn0in5P7Ocd
兩琴相樂(吉他譜),明天我要嫁給你,周華健,1,009,https://drive.google.com/open?id=1DKcynN7iS3Xv8Yn2iKAUOe54B9ocBjrO
兩琴相樂(吉他譜),心動,林曉培,1,010,https://drive.google.com/open?id=10GQKT2nN0yXhgB15Se6Pze1R-dvW1Il2
兩琴相樂(吉他譜),在樹上唱歌,郭靜,1,011,https://drive.google.com/open?id=1tiK_GCk8N7J5jyMIFmlrYOXE3v9ucFnn
兩琴相樂(吉他譜),紅色氣球,陳昇,1,012,https://drive.google.com/open?id=1i_YxpKbWZWaQgLA8yAKkrnl-sxkkY8H0
兩琴相樂(吉他譜),我不會喜歡你,陳柏霖,1,013,https://drive.google.com/open?id=1SmB6ivorNPNReAKs6F6VgGJmCGnz1TD_
兩琴相樂(吉他譜),越來越不懂,蔡健雅,1,014,https://drive.google.com/open?id=1ns9R9j8HA4yprk9dabqVt4iIikhNDjyG
兩琴相樂(吉他譜),進行式,蕭亞軒,1,015,https://drive.google.com/open?id=1-1UZBo0iaHcFJ0b9SljYl-recATyosgT
兩琴相樂(吉他譜),打噴嚏,嚴爵,1,016,https://drive.google.com/open?id=1Q2w85C5SGQWWZEO9wAsXNkuhbfGllDKM
兩琴相樂(吉他譜),HOTELU大旅社,新寶島康樂隊,1,017,https://drive.google.com/file/d/1fkQanXBRsA9divu72ZvhOvPKy7mvMQTg/view?usp=sharing
兩琴相樂(吉他譜),屁屁體操,上野樹里,1,018,https://drive.google.com/file/d/13o-e4hEmVAm8sXDXKodanteM4sAJZ7mg/view?usp=sharing
兩琴相樂(吉他譜),私的世界,小原別哭,1,019,https://drive.google.com/file/d/1_XVJxTxOZfK_nDyEiKuc9MDpWk1oXYtL/view?usp=sharing
兩琴相樂(吉他譜),青花瓷,周杰倫,1,020,https://drive.google.com/file/d/1moS-2xWDOgf9pkYq0SmFMCww7R82cYiM/view?usp=sharing
兩琴相樂(吉他譜),蒲公英的約定(獨奏),周杰倫,1,021,https://drive.google.com/file/d/1DB9L0IRx1WOFGImjcUXT6UmTvr-JU4sV/view?usp=sharing
兩琴相樂(吉他譜),唯一的路,黃品源,1,022,https://drive.google.com/file/d/1ecKNDQNv_Hp6KQBgxWm9F-zHs32v0puY/view?usp=sharing
兩琴相樂(吉他譜),如果沒有,梁靜茹,1,023,https://drive.google.com/file/d/1U9DYyQb37JO1gP6tlMHfgk4uhxUS0m0U/view?usp=sharing
兩琴相樂(吉他譜),想你這件事,煙(許佳豪),1,024,https://drive.google.com/file/d/1-04r9bFH5DG6xqLUjrFeJq-LFktA0Hcz/view?usp=sharing
兩琴相樂(吉他譜),一生所愛,盧冠廷,1,025,https://drive.google.com/file/d/1wOBnDG9yori7TnSXDKJxKERagDEsEj9f/view?usp=sharing
兩琴相樂(吉他譜),多想在平庸的生活擁抱你,隔壁老樊,1,026,https://drive.google.com/file/d/1Tj4byUrnnM1UinQPc69DhjnWtqpwg_JV/view?usp=sharing
兩琴相樂(吉他譜),完美落地,亂彈阿翔,1,027,https://drive.google.com/file/d/1V2oyktMtfpkFvN2gxJg0ujQjRWJc6wof/view?usp=sharing
最新排行(簡譜)：最新單曲,因為有你,王識賢/秀蘭瑪雅,099,001,
最新排行(簡譜)：最新單曲,好啦好啦,蕭煌奇,099,003,
最新排行(簡譜)：最新單曲,今生共明月,秀蘭瑪雅/王識賢,099,005,
最新排行(簡譜)：最新單曲,甲我跳舞好否,蕭煌奇,099,007,
最新排行(簡譜)：最新單曲,I Need You,郭采潔,099,009,
最新排行(簡譜)：最新單曲,Memory,Elaine Paige,099,011,音樂劇【貓】主題曲
流行豆芽譜,如故,張碧晨,099,011,《周生如故》影視劇主題曲
最新排行(簡譜)：最新單曲,Yesterday,蔡淳佳,099,013,
最新排行(簡譜)：最新單曲,你,林依晨,099,015,偶像劇【惡作劇2吻】片尾曲
流行豆芽譜,如一,任嘉倫,099,016,《周生如故》影視劇周生辰人物主題曲
最新排行(簡譜)：最新單曲,讓,楊宗緯,099,017,
最新排行(簡譜)：最新單曲,兄弟,陳奕迅/劉德華,099,019,
最新排行(簡譜)：最新單曲,光年,李聖傑,099,021,
流行豆芽譜,我們,黃霆睿,099,022,《奇蹟》前導片插曲
最新排行(簡譜)：最新單曲,後悔,何書宇,099,023,偶像劇【惡作劇之吻】插曲
最新排行(簡譜)：最新單曲,洋蔥,楊宗緯,099,025,
最新排行(簡譜)：最新單曲,倒愛,蔡淳佳,099,027,
流行豆芽譜,定格,顏人中,099,028,電視劇《一生一世》插曲
最新排行(簡譜)：最新單曲,迷宮,王若琳,099,029,華視偶像劇【美味關係】插曲
最新排行(簡譜)：最新單曲,傘下,張宇,099,031,華視【歡喜來逗陣】片尾曲
流行豆芽譜,續寫,單依純,099,032,電視劇《一生一世》主題曲
最新排行(簡譜)：最新單曲,炎,LiSA,154,012,動畫電影《鬼滅之刃劇場版 無限列車篇》主題曲
最新排行(簡譜)：最新單曲,誰,李友廷,154,015,
最新排行(簡譜)：最新單曲,父親,胡彥斌,154,017,
最新排行(簡譜)：最新單曲,消愁,毛不易,154,019,
最新排行(簡譜)：最新單曲,紅蓮華,LiSA,154,021,電視動畫《鬼滅之刃 》片頭曲
最新排行(簡譜)：最新單曲,失重前幸褔,艾薇,154,025,
最新排行(簡譜)：最新單曲,不應該愛到你,董育君,154,027,電視劇《家和萬事興》插曲
最新排行(簡譜)：最新單曲,這一生只為你,羽泉,154,029,劍俠奇緣《Online》主題曲
最新排行(簡譜)：最新單曲,遠得要命的愛情,信,154,031,
最新排行(簡譜)：最新單曲,可可托海的牧羊人,王琪,154,033,
最新排行(簡譜)：最新單曲,囂張,en,154,035,
最新排行(簡譜)：最新單曲,我這個人,艾怡良,154,037,電影《我沒有談的那場戀愛》宣傳主題曲
最新排行(簡譜)：最新單曲,錯位時空,艾辰,154,039,
最新排行(簡譜)：最新單曲,如果能幸福,周興哲,154,041,HBO Asia 原創影集《戒指流浪記》片尾曲
最新排行(簡譜)：最新單曲,忘情冷雨夜,張學友,154,044,
最新排行(簡譜)：最新單曲,倔強的戆人,荒山亮,154,046,《角頭－浪流連》首支電影插曲
最新排行(簡譜)：最新單曲,遠距離的愛,CP Boys,154,048,民視綜藝娛樂《台灣那麼旺》 防疫歌
最新排行(簡譜)：最新單曲,你是我的春天,洪榮宏/張瀞云,154,050,
最新排行(簡譜)：最新單曲,全世界上好的朋友,康康/荒山亮,154,052,
最新排行(簡譜)：最新單曲,在這座城市遺失了你,告五人,154,054,戲劇《她們創業的那些鳥事》插曲
最新排行(簡譜)：最新單曲,日常,茄子蛋,154,057,
最新排行(簡譜)：最新單曲,保庇,CP BOYS 楊博智,154,059,
最新排行(簡譜)：最新單曲,絕美,艾薇,154,061,
最新排行(簡譜)：最新單曲,嘉賓,張遠,154,063,
最新排行(簡譜)：最新單曲,四季予你,程響,154,067,
最新排行(簡譜)：最新單曲,星辰大海,黃霄雲,154,069,
最新排行(簡譜)：最新單曲,嗜愛動物,麋先生,154,071,
最新排行(簡譜)：最新單曲,謝謝你們,CP BOYS 洪尚捷,154,073,
最新排行(簡譜)：最新單曲,阿拉斯加海灣,菲道爾,154,076,
最新排行(簡譜)：最新單曲,白月光與朱砂痣,大籽,154,078,
最新排行(簡譜)：最新單曲,奉勸,en,154,080,
最新排行(簡譜)：最新單曲,想到你,CP BOYS 楊博智,154,082,
最新排行(簡譜)：最新單曲,執迷不悟,小樂哥,154,084,
最新排行(簡譜)：最新單曲,麥講也罷,王建傑,154,086,
最新排行(簡譜)：最新單曲,愛情影畫戲,黎明,154,088,
最新排行(簡譜)：最新單曲,嘸甘離開妳,王建傑,154,090,
最新排行(簡譜)：最新單曲,情深深深深情,秀蘭瑪雅,154,092,
最新排行(簡譜)：最新單曲,熱愛105°C的你,阿肆,154,094,
最新排行(簡譜)：最新單曲,"寫一條歌,寫你我爾爾",蕭煌奇/茄子蛋,154,096,
最新排行(簡譜)：最新單曲,愛情你比我想的閣較偉大,茄子蛋,154,099,電影《當男人戀愛時》主題曲
最新排行(簡譜)：最新單曲,大眠,王心凌,153,002,
最新排行(簡譜)：最新單曲,別人的,徐若瑄,153,004,電影《孤味》片尾曲
最新排行(簡譜)：最新單曲,相信愛,周興哲,153,006,
最新排行(簡譜)：最新單曲,真面目,蘇慧倫,153,008,電視劇《跟鯊魚接吻》插曲
最新排行(簡譜)：最新單曲,鷹之戀,童安格,153,010,
最新排行(簡譜)：最新單曲,你的答案,阿冗,153,012,
最新排行(簡譜)：最新單曲,我很快樂,周興哲,153,014,
最新排行(簡譜)：最新單曲,很久以後,鄧紫棋,153,016,電影《可不可以，你也剛好喜歡我》主題曲
最新排行(簡譜)：最新單曲,等著等著就老了,李榮浩,153,018,
最新排行(簡譜)：最新單曲,少了一件牛仔褲,閻奕格,153,020,電視劇《跟鯊魚接吻》片尾曲
最新排行(簡譜)：最新單曲,單數,曹格,099,033,
最新排行(簡譜)：最新單曲,換季,A-Lin,099,035,
最新排行(簡譜)：最新單曲,無辜,曹格,099,037,
流行豆芽譜,煙雨,陳零九,099,037,電視劇《無神之地不下雨》插曲
最新排行(簡譜)：最新單曲,愛愛,曹格,099,039,
最新排行(簡譜)：最新單曲,新窩,飛輪海/S.H.E,099,041,電視劇【公主小妹】片頭曲
流行豆芽譜,雛形,徐佳瑩,099,041,
最新排行(簡譜)：最新單曲,靠近,李聖傑,099,043,
最新排行(簡譜)：最新單曲,防盜鎖,羅志祥,099,045,
流行豆芽譜,相信愛,周興哲,099,045,
最新排行(簡譜)：最新單曲,周大俠,周杰倫,099,047,電影【功夫灌籃】主題曲
最新排行(簡譜)：最新單曲,差一點,阿杜,099,049,
流行豆芽譜,牆外,黃明志/小花,099,050,金門觀光主題曲
最新排行(簡譜)：最新單曲,起床歌,曹格,099,051,
最新排行(簡譜)：最新單曲,因為是你,王心凌,099,053,
流行豆芽譜,Way Back then,,099,054,Netflix原創劇《魷魚遊戲》主題曲
最新排行(簡譜)：最新單曲,早知道愛,盧學叡,099,055,
最新排行(簡譜)：最新單曲,沒有白活,楊培安,099,057,中視八點檔【聊齋奇女子】片尾曲
流行豆芽譜,我的飛翔,黃偉晉,099,058,
最新排行(簡譜)：最新單曲,幸福的風,楊宗緯,099,059,
最新排行(簡譜)：最新單曲,幸福就好,棒棒堂,099,061,
流行豆芽譜,青空未來,阿信,099,062,
最新排行(簡譜)：最新單曲,為你寫詩,吳克群,099,063,
最新排行(簡譜)：最新單曲,落跑新娘,劉若英,099,065,
最新排行(簡譜)：最新單曲,擦肩而過,李聖傑,099,067,八大韓劇【黃真伊】片尾曲
流行豆芽譜,如果可以,韋禮安,099,067,電影《月老》主題曲
最新排行(簡譜)：最新單曲,關於情歌,李聖傑,099,069,
最新排行(簡譜)：最新單曲,不死心還在,信樂團動力火車,099,071,
流行豆芽譜,雨不停。流,孫盛希,099,072,電視劇《無神之地不下雨》片尾曲
最新排行(簡譜)：最新單曲,因為你愛我,王若琳,099,073,公視【我在墾丁天氣晴】片尾曲
最新排行(簡譜)：最新單曲,有你的快樂,王若琳,099,075,公視【我在墾丁天氣晴】片頭曲
最新排行(簡譜)：最新單曲,你一直都在,楊培安/蕭煌奇,099,077,
流行豆芽譜,時間過客,以冬,099,078,
最新排行(簡譜)：最新單曲,終於說出口,小宇,099,079,
最新排行(簡譜)：最新單曲,最後的風度,羅志祥,099,081,
最新排行(簡譜)：最新單曲,期待你的愛,林俊傑,099,083,偶像劇【原來我不帥】片尾曲
流行豆芽譜,自我的介紹,盧廣仲,099,084,
最新排行(簡譜)：最新單曲,誠實地想你,郭采潔,099,085,韓劇【咖啡王子1號店】片尾曲
最新排行(簡譜)：最新單曲,誅仙我回來,任賢齊,099,087,【誅仙online】主題曲
最新排行(簡譜)：最新單曲,慶幸有你愛我,蔡淳佳,099,089,韓劇【尋花而來】片尾曲
流行豆芽譜,你不屬於我,周興哲,099,089,《比悲傷更悲傷的故事》影集版片尾曲
最新排行(簡譜)：最新單曲,騎在銀龍背上,中島美雪,099,091,日劇【離島大夫日誌】片尾曲
最新排行(簡譜)：最新單曲,只要再看你一眼,楊培安/戴愛玲,099,093,中視【聊齋奇女子】片頭曲
最新排行(簡譜)：最新單曲,你們是我的星光,星光二班,099,095,
流行豆芽譜,昨天，一點愛,梁靜茹,099,096,
最新排行(簡譜)：最新單曲,能不能勇敢說愛,張韶涵,099,097,
最新排行(簡譜)：最新單曲,親愛的不要離開我,亮亮/香香,099,099,
流行豆芽譜,最悲傷的事,A-Lin,099,100,《比悲傷更悲傷的故事》影集版 主題曲
流行豆芽譜,愛在蔓延時,F.I.R.飛兒樂團,099,106,
流行豆芽譜,放棄又怎麼了,李芷婷,099,113,
流行豆芽譜,遺失的解藥,yihuik苡慧,099,118,
流行豆芽譜,我多想變成她,艾怡良,099,122,
最新排行(簡譜)：最新單曲,堅強,王識賢,098,001,
最新排行(簡譜)：最新單曲,紅線情,王中平/甲子慧,098,003,
最新排行(簡譜)：最新單曲,愛這首歌,蕭煌奇,098,005,
流行豆芽譜,英雄,盧廣仲,098,006,動畫電影《諸葛四郎－英雄的英雄》主題曲
最新排行(簡譜)：最新單曲,唱歌乎恁聽,蕭煌奇,098,007,
最新排行(簡譜)：最新單曲,等待相逢時,王識賢/秀蘭瑪雅,098,009,
最新排行(簡譜)：最新單曲,Don't Say Goodbye,柯有綸,098,011,
流行豆芽譜,繞,江美琪,098,011,原創影集《火神的眼淚》片尾曲
最新排行(簡譜)：最新單曲,I Love You,陳偉聯,098,013,
最新排行(簡譜)：最新單曲,口袋,溫嵐,098,015,
最新排行(簡譜)：最新單曲,左邊,蘇打綠,098,017,
流行豆芽譜,絕美,艾薇,098,018,
最新排行(簡譜)：最新單曲,背影,林宥嘉,098,019,偶像劇【鬥牛要不要】插曲
最新排行(簡譜)：最新單曲,這天,蘇打綠,098,021,
最新排行(簡譜)：最新單曲,圍牆,李玖哲,098,023,
流行豆芽譜,我很好騙,動力火車,098,023,
最新排行(簡譜)：最新單曲,路人,江美琪,098,025,
最新排行(簡譜)：最新單曲,瞬間,王心凌,098,027,
最新排行(簡譜)：最新單曲,101,梁靜茹,098,029,
最新排行(簡譜)：最新單曲,手寫愛,許茹芸,098,031,電影 (極地熊寶貝) 中文主題曲
流行豆芽譜,星辰大海,黃霄雲,098,031,
最新排行(簡譜)：最新單曲,安全感,潘裕文,098,033,
最新排行(簡譜)：最新單曲,那一天,棒棒堂,098,035,
流行豆芽譜,四季予你,程響,098,036,
最新排行(簡譜)：最新單曲,來不及,Hebe,098,037,
最新排行(簡譜)：最新單曲,背著你,蘇打綠,098,039,
最新排行(簡譜)：最新單曲,結果咧,大嘴巴,098,041,
流行豆芽譜,終點起點,魚丁糸,098,041,
最新排行(簡譜)：最新單曲,雙子星,光良,098,043,
最新排行(簡譜)：最新單曲,K歌情人,品冠/梁靜茹,098,045,電影【K歌情人】主題曲
最新排行(簡譜)：最新單曲,不想懂得,張韶涵,098,047,偶像劇【公主小妹】片尾曲
最新排行(簡譜)：最新單曲,我們之間,棒棒堂,098,049,
流行豆芽譜,平行世界,鄧紫棋,098,050,電影《刺殺小說家》主題曲
最新排行(簡譜)：最新單曲,我戀愛了,張韶涵,098,051,八大偶像劇【公主小妹】插曲
最新排行(簡譜)：最新單曲,男人女人,許如芸/阿穆隆,098,053,
最新排行(簡譜)：最新單曲,為妳存在,飛輪海,098,055,
最新排行(簡譜)：最新單曲,彩色拼圖,F.I.R.,098,057,
流行豆芽譜,錯位時空,艾辰,098,058,
最新排行(簡譜)：最新單曲,第十行星,F.I.R.,098,059,
最新排行(簡譜)：最新單曲,這就是愛,王心凌,098,061,
最新排行(簡譜)：最新單曲,愛情漫遊,羅文裕,098,063,韓劇【我的野蠻王子】片頭曲
流行豆芽譜,愛我的時候,周興哲/單依純,098,063,
最新排行(簡譜)：最新單曲,頭號甜心,張韶涵,098,065,
最新排行(簡譜)：最新單曲,讓我取暖,彭羚/王力宏,098,067,
流行豆芽譜,裹著心的光,林俊傑,098,067,
最新排行(簡譜)：最新單曲,一秒的天堂,梁靜茹,098,069,
最新排行(簡譜)：最新單曲,不安靜的夜,許仁杰,098,071,
最新排行(簡譜)：最新單曲,在世界中心,潘嘉麗,098,073,
流行豆芽譜,遺失的靈魂,陳勢安,098,073,LINE TV《HIStory4-近距離愛上你》插曲
最新排行(簡譜)：最新單曲,我不會唱歌,周定緯,098,075,
最新排行(簡譜)：最新單曲,秋天不回來,王強,098,077,
流行豆芽譜,送予你的歌,蕭煌奇,098,078,
最新排行(簡譜)：最新單曲,鬥牛要不要,Tank,098,079,(第五季SBL)(超級籃球聯賽)指定主題曲
最新排行(簡譜)：最新單曲,最近還好嗎,S.H.E,098,081,偶像劇【鬥牛要不要】片尾曲
最新排行(簡譜)：最新單曲,藍色土耳其,周傳雄,098,083,
最新排行(簡譜)：最新單曲,不是我不明白,梁靜茹/盧廣仲,098,085,
流行豆芽譜,離開你以後,周興哲,098,086,電影《你的婚禮》插曲
最新排行(簡譜)：最新單曲,愛請問怎麼走,A-Lin,098,087,
最新排行(簡譜)：最新單曲,不要再來傷害我,張振宇,098,089,
最新排行(簡譜)：最新單曲,看完煙火再回去,許茹芸,098,091,
最新排行(簡譜)：最新單曲,無與倫比的美麗,蘇打綠,098,093,
流行豆芽譜,白月光與硃砂痣,大籽,098,094,
最新排行(簡譜)：最新單曲,被你愛過我很快樂,卓文萱,098,095,
最新排行(簡譜)：最新單曲,親愛的那不是愛情,張韶涵,098,097,
最新排行(簡譜)：最新單曲,愛可以點亮整個世界,光良,098,099,
流行豆芽譜,阿拉斯加海灣,菲道爾,098,099,
流行豆芽譜,在這座城市遺失了你,告五人,098,104,電視劇《她們創業的那些鳥事》插曲
流行豆芽譜,熱愛105°C的你,阿肆,098,112,
流行豆芽譜,走建國路回家但後座少ㄌ泥,多多/以捷,098,117,
最新排行(簡譜)：最新單曲,兄妹,袁小迪/鄧玉賢,097,001,台視【星星知我心2007】片尾曲
最新排行(簡譜)：最新單曲,望鄉思情,王識賢/秀蘭瑪雅,097,003,三立【天下第一味】片頭曲
最新排行(簡譜)：最新單曲,愛到絕望,孫淑媚,097,005,
流行豆芽譜,誰,李友廷,097,005,
最新排行(簡譜)：最新單曲,分手的咖啡,孫淑媚,097,007,
最新排行(簡譜)：最新單曲,青春悲喜曲,羅美玲,097,009,
最新排行(簡譜)：最新單曲,風中的誓言,孫淑媚,097,011,
流行豆芽譜,炎,LiSA,097,011,鬼滅之刃劇場版 無限列車篇 主題曲
最新排行(簡譜)：最新單曲,無聲的情歌,孫淑媚,097,013,
最新排行(簡譜)：最新單曲,愛你的機會,孫淑媚/安伯政,097,015,
最新排行(簡譜)：最新單曲,C'est La Vie,梁靜茹,097,017,
流行豆芽譜,芒種,音闕詩聽/趙方婧,097,018,
最新排行(簡譜)：最新單曲,手心,卓文萱,097,019,
最新排行(簡譜)：最新單曲,多餘,楊宗緯,097,021,電影【沈睡的青春】主題曲
最新排行(簡譜)：最新單曲,倔強,楊丞琳,097,023,
流行豆芽譜,太陽,邱振哲,097,024,
最新排行(簡譜)：最新單曲,崇拜,梁靜茹,097,025,韓劇【黃貞伊】片尾曲
最新排行(簡譜)：最新單曲,彩虹,周杰倫,097,027,
最新排行(簡譜)：最新單曲,煙火,光良,097,029,
最新排行(簡譜)：最新單曲,熱愛,王心凌,097,031,
流行豆芽譜,消愁,毛不易,097,031,
最新排行(簡譜)：最新單曲,錯了,信,097,033,
最新排行(簡譜)：最新單曲,我不配,周杰倫,097,035,
最新排行(簡譜)：最新單曲,我恨妳,信,097,037,
流行豆芽譜,緩緩,張惠妹,097,037,
最新排行(簡譜)：最新單曲,那首歌,林宥嘉,097,039,
最新排行(簡譜)：最新單曲,空白格,蔡健雅,097,041,
流行豆芽譜,紅蓮華,LiSA,097,042,電視動畫《鬼滅之刃》
最新排行(簡譜)：最新單曲,青花瓷,周杰倫,097,043,
最新排行(簡譜)：最新單曲,捕夢人,潘裕文,097,045,
最新排行(簡譜)：最新單曲,狼來了,楊丞琳,097,047,
最新排行(簡譜)：最新單曲,敗給你,羅志祥/蕭亞軒,097,049,
最新排行(簡譜)：最新單曲,甜甜的,周杰倫,097,051,
流行豆芽譜,卷珠簾,霍尊,097,052,
最新排行(簡譜)：最新單曲,想太多,李玖哲,097,053,
最新排行(簡譜)：最新單曲,節拍器,蔡依林,097,055,
流行豆芽譜,倖存者,林俊傑,097,056,
最新排行(簡譜)：最新單曲,路太彎,潘瑋柏,097,057,
最新排行(簡譜)：最新單曲,三吋日光,梁靜茹,097,059,
最新排行(簡譜)：最新單曲,不會分離,光良,097,061,
最新排行(簡譜)：最新單曲,牛仔很忙,周杰倫,097,063,
流行豆芽譜,交換餘生,林俊傑,097,063,
最新排行(簡譜)：最新單曲,幸福氧氣,卓文萱,097,065,
最新排行(簡譜)：最新單曲,陽光宅男,周杰倫,097,067,
最新排行(簡譜)：最新單曲,不一樣的愛,羅美玲,097,069,中視【豪門本色】片頭曲
流行豆芽譜,你的答案,阿冗,097,070,
最新排行(簡譜)：最新單曲,我不會唱歌,羅志祥,097,071,
最新排行(簡譜)：最新單曲,最長的電影,周杰倫,097,073,
最新排行(簡譜)：最新單曲,會呼吸的痛,梁靜茹,097,075,
流行豆芽譜,飛鳥和蟬,任然,097,075,
最新排行(簡譜)：最新單曲,總在我身旁,星光幫,097,077,
最新排行(簡譜)：最新單曲,還是好朋友,王心凌,097,079,
最新排行(簡譜)：最新單曲,不完整的旋律,王力宏,097,081,
流行豆芽譜,敢傻敢衝,茄子蛋,097,082,2020黑松沙士年度主題曲
最新排行(簡譜)：最新單曲,我是你的天空,歐得洋,097,083,
最新排行(簡譜)：最新單曲,每天第一件事,梁靜茹,097,085,
最新排行(簡譜)：最新單曲,給未來的自己,梁靜茹,097,087,
流行豆芽譜,失重前幸褔,艾薇,097,088,
最新排行(簡譜)：最新單曲,當我們宅一塊,羅志祥,097,089,
最新排行(簡譜)：最新單曲,蒲公英的約定,周杰倫,097,091,
最新排行(簡譜)：最新單曲,當你離開的時候,蔡健雅,097,093,
流行豆芽譜,如果能幸福,周興哲,097,094,HBO Asia 原創影集戒指流浪記片尾曲
最新排行(簡譜)：最新單曲,薇多莉亞的祕密,張惠妹,097,095,
最新排行(簡譜)：最新單曲,一個星期的紀念日,羅美玲,097,097,
最新排行(簡譜)：最新單曲,不能跟情人說的話,范瑋琪/劉若英,097,099,電影【巴黎小情歌】中文主題曲
流行豆芽譜,別再想見我,許光漢,097,101,
流行豆芽譜,因為你 所以我,五月天,097,103,
流行豆芽譜,可可托海的牧羊人,王琪,097,112,
流行豆芽譜,Cafe for two,王胤喬,097,118,
最新排行(簡譜)：最新單曲,力量,林姍,096,001,
最新排行(簡譜)：最新單曲,放乎醉,蔡小虎,096,003,
最新排行(簡譜)：最新單曲,千年萬年,蔡小虎/龍千玉,096,005,台視【神機妙算劉伯溫】片尾曲
流行豆芽譜,一一,田馥甄,096,006,
最新排行(簡譜)：最新單曲,阿嬤的話,蕭煌奇,096,007,
最新排行(簡譜)：最新單曲,漂浪一生,方瑞娥,096,009,民視【濟公】片尾曲
最新排行(簡譜)：最新單曲,播送溫柔,向蕙玲,096,011,
流行豆芽譜,五百,黃明志,096,011,
最新排行(簡譜)：最新單曲,青春花再開,蔡小虎,096,013,民視【濟公】片尾曲
最新排行(簡譜)：最新單曲,阿嬤的老唱片,澎恰恰/潘麗麗,096,015,
最新排行(簡譜)：最新單曲,Leave,郭靜,096,017,
流行豆芽譜,少年,夢然,096,018,電影《怪胎》主題曲
最新排行(簡譜)：最新單曲,錯,范逸臣,096,019,華視【又見一簾幽夢】插曲
最新排行(簡譜)：最新單曲,苦茶,棒棒堂/黑澀會美眉,096,021,偶像劇【黑糖瑪奇朵】插曲
最新排行(簡譜)：最新單曲,缺氧,楊丞琳,096,023,偶像劇【換換愛】片尾曲
最新排行(簡譜)：最新單曲,麻雀,郭靜,096,025,韓劇【我的野蠻王子】片尾曲
流行豆芽譜,喃喃,采子,096,026,
最新排行(簡譜)：最新單曲,傻瓜,溫嵐,096,027,
最新排行(簡譜)：最新單曲,愛我,唐禹哲,096,029,
最新排行(簡譜)：最新單曲,熱浪,溫嵐,096,031,
流行豆芽譜,先知,田馥甄,096,031,
最新排行(簡譜)：最新單曲,歸宿,劉德華,096,033,
最新排行(簡譜)：最新單曲,一個人,蔡依林,096,035,
最新排行(簡譜)：最新單曲,不會愛,飛輪海,096,037,偶像劇【終極一家】片尾曲
流行豆芽譜,Hello Bye Bye,9m88,096,038,
最新排行(簡譜)：最新單曲,日不落,蔡依林,096,039,
最新排行(簡譜)：最新單曲,月牙灣,F.I.R.,096,041,
最新排行(簡譜)：最新單曲,任意門,楊丞琳,096,043,
流行豆芽譜,丟了你,井朧,096,044,
最新排行(簡譜)：最新單曲,怕什麼,蔡依林,096,045,韓劇【巴黎戀人】片尾曲
最新排行(簡譜)：最新單曲,非賣品,蔡依林,096,047,
最新排行(簡譜)：最新單曲,是非題,范瑋琪,096,049,
流行豆芽譜,不在乎,張語噥,096,049,
最新排行(簡譜)：最新單曲,哲學家,范瑋琪,096,051,
最新排行(簡譜)：最新單曲,桃花源,蔡依林,096,053,
流行豆芽譜,無濾鏡,林俊傑,096,054,
最新排行(簡譜)：最新單曲,淋雨中,林宇中,096,055,
最新排行(簡譜)：最新單曲,黑糖秀,棒棒堂/黑澀會美眉,096,057,偶像劇【黑糖瑪奇朵】片頭曲
最新排行(簡譜)：最新單曲,特務J,蔡依林,096,059,
最新排行(簡譜)：最新單曲,愛無赦,蔡依林,096,061,
最新排行(簡譜)：最新單曲,三個心願,飛/阿沁(F.I.R.),096,063,
最新排行(簡譜)：最新單曲,出神入化,飛輪海,096,065,偶像劇【終極一家】片頭曲
流行豆芽譜,天外來物,薛之謙,096,065,
最新排行(簡譜)：最新單曲,同手同腳,溫嵐,096,067,
最新排行(簡譜)：最新單曲,你是答案,王笠人,096,069,韓劇【朱蒙】片尾曲
流行豆芽譜,都挺好的,江靜/張震嶽,096,070,
最新排行(簡譜)：最新單曲,我們的歌,王力宏,096,071,【Sony Ericsson W580i 手機】廣告主題曲
最新排行(簡譜)：最新單曲,香水有毒,胡楊林,096,073,
最新排行(簡譜)：最新單曲,想個不停,郭靜,096,075,
流行豆芽譜,回不去的海,蔡佩軒,096,076,電視劇《浪漫輸給你》插曲
最新排行(簡譜)：最新單曲,愛情乞丐,卓義峰,096,077,
最新排行(簡譜)：最新單曲,離家出走,丁噹,096,079,
最新排行(簡譜)：最新單曲,衣櫥的祕密,王心凌,096,081,
流行豆芽譜,想和你一起,李友廷/洪安妮,096,081,
最新排行(簡譜)：最新單曲,你是愛我的,張惠妹,096,083,
最新排行(簡譜)：最新單曲,相遇的魔咒,張嘉倪,096,085,華視【又見一簾幽夢】片尾曲
流行豆芽譜,美麗舊世界,李芷婷,096,086,
最新排行(簡譜)：最新單曲,愛情瑪奇朵,棒棒堂,096,087,偶像劇【黑糖瑪奇朵】片尾曲
最新排行(簡譜)：最新單曲,需要你的愛,F.I.R./信,096,089,
最新排行(簡譜)：最新單曲,願意不愛你,炎亞綸,096,091,偶像劇【終極一家】插曲
流行豆芽譜,兄弟你說,草爺,096,091,
最新排行(簡譜)：最新單曲,101封情書,歐得洋,096,093,
最新排行(簡譜)：最新單曲,媽媽的老情歌,歐得洋,096,095,
最新排行(簡譜)：最新單曲,你是我所有的回憶,辰亦儒,096,097,偶像劇【終極一家】插曲
流行豆芽譜,刻在我心底的名字,盧廣仲,096,097,電影《刻在你心底的名字》主題曲
最新排行(簡譜)：最新單曲,愛是飛翔還是墜落,楊培安,096,099,中視電視劇【碧血劍】片頭曲
流行豆芽譜,祈雨 Praying Rain,緋櫻,096,104,
流行豆芽譜,不是因為天氣晴朗才愛你,魏嘉瑩,096,111,
流行豆芽譜,世界這麼大還是遇見你,程響,096,115,
流行豆芽譜,他們說我是沒有用的年輕人,好樂團,096,119,
最新排行(簡譜)：最新單曲,心疼,蔡小虎,095,001,
最新排行(簡譜)：最新單曲,望美夢,張蓉蓉,095,003,
最新排行(簡譜)：最新單曲,來去紅塵,翁立友,095,005,
最新排行(簡譜)：最新單曲,辜負妳的愛,翁立友,095,007,
流行豆芽譜,Better,謝博安,095,007,電影 《你的情歌》 暖心強打曲
最新排行(簡譜)：最新單曲,七,櫻桃幫,095,009,韓劇【姐姐】片頭曲
最新排行(簡譜)：最新單曲,王子,張棟樑,095,011,
流行豆芽譜,Mojito,周杰倫,095,012,
最新排行(簡譜)：最新單曲,仨人,郭靜/范瑋琪/張韶涵,095,013,
最新排行(簡譜)：最新單曲,西界,林俊傑,095,015,
最新排行(簡譜)：最新單曲,乖乖,櫻桃幫,095,017,
流行豆芽譜,撞,畢書盡,095,018,電視劇《姊妹們，追吧！》片尾曲
最新排行(簡譜)：最新單曲,祈許,劉虹翎,095,019,韓劇【朱蒙】片尾曲
最新排行(簡譜)：最新單曲,陌路,張棟樑,095,021,
最新排行(簡譜)：最新單曲,香水,五月天,095,023,
流行豆芽譜,受夠,周興哲,095,024,公視戲劇《生死接線員》片尾曲
最新排行(簡譜)：最新單曲,殺手,林俊傑,095,025,2007新加坡【Samsung Wog】活動主題曲
最新排行(簡譜)：最新單曲,最愛,周蕙,095,027,韓劇【綠薔薇】片尾曲
最新排行(簡譜)：最新單曲,尋寶,張韶涵,095,029,【Lotte+x無糖口香糖】廣告曲
最新排行(簡譜)：最新單曲,蝴蝶,王心凌,095,031,
流行豆芽譜,皆可,田馥甄,095,031,電視劇慶餘年主題曲
最新排行(簡譜)：最新單曲,燒火,伍佰,095,033,
最新排行(簡譜)：最新單曲,藉口,S.H.E,095,035,
最新排行(簡譜)：最新單曲,妳我他,康康,095,037,
流行豆芽譜,你存在,梁文音,095,038,
最新排行(簡譜)：最新單曲,甜甜圈,小薰/阿本,095,039,偶像劇【十八禁不禁】片尾曲
最新排行(簡譜)：最新單曲,夢時代,劉虹翎,095,041,高雄【夢時代購物中心】主題曲
最新排行(簡譜)：最新單曲,藍眼睛,張韶涵/蘇打綠,095,043,
最新排行(簡譜)：最新單曲,離開了,康康,095,045,
流行豆芽譜,別人的,徐若瑄,095,045,《孤味》電影片尾曲
最新排行(簡譜)：最新單曲,一眼瞬間,張惠妹/蕭敬騰,095,047,
最新排行(簡譜)：最新單曲,一簾幽夢,同恩,095,049,華視【又見一簾幽夢】主題曲
最新排行(簡譜)：最新單曲,你的香氣,郭靜,095,051,偶像劇【海豚愛上貓】片尾曲
流行豆芽譜,真的傻,徐佳瑩,095,052,
最新排行(簡譜)：最新單曲,你愛我嗎,櫻桃幫,095,053,
最新排行(簡譜)：最新單曲,改變自己,王力宏,095,055,【立頓廣告】主題曲
最新排行(簡譜)：最新單曲,兩敗俱傷,柯有綸,095,057,
最新排行(簡譜)：最新單曲,迦南美地,劉耕宏,095,059,
流行豆芽譜,真面目,蘇慧倫,095,059,三立/台視偶像劇《跟鯊魚接吻》插曲
最新排行(簡譜)：最新單曲,晚安寶貝,張棟樑,095,061,
最新排行(簡譜)：最新單曲,清新早晨,櫻桃幫,095,063,
流行豆芽譜,緣字書,蘇詩丁,095,064,電視劇《三生三世枕上書》插曲
最新排行(簡譜)：最新單曲,落葉歸根,王力宏,095,065,【SonyEricsson W880i手機】廣告主題曲
最新排行(簡譜)：最新單曲,誰來愛我,劉耕宏,095,067,
最新排行(簡譜)：最新單曲,可以不可以,丁噹,095,069,
流行豆芽譜,永遠不再,動力火車,095,069,《做工的人》戲劇片尾曲
最新排行(簡譜)：最新單曲,因為我相信,星光幫,095,071,
最新排行(簡譜)：最新單曲,私奔到月球,五月天/陳綺貞,095,073,
流行豆芽譜,如果如果,李佳薇,095,074,電視劇《生生世世》 主題曲
最新排行(簡譜)：最新單曲,幸福的理由,張棟樑,095,075,
最新排行(簡譜)：最新單曲,幸福的距離,劉耕宏,095,077,
最新排行(簡譜)：最新單曲,愛你每一天,劉虹翎,095,079,
流行豆芽譜,佛系少女,馮提莫,095,079,
最新排行(簡譜)：最新單曲,愛情的花樣,孫燕姿,095,081,
最新排行(簡譜)：最新單曲,愛情的傻瓜,楊克強,095,083,
最新排行(簡譜)：最新單曲,大男人小女孩,林俊傑,095,085,新加坡新傳媒電視劇【手足】插曲
流行豆芽譜,我很快樂,周興哲,095,086,
最新排行(簡譜)：最新單曲,不能說的秘密,周杰倫,095,087,電影【不能說的祕密】主題曲
最新排行(簡譜)：最新單曲,如果你也聽說,張惠妹,095,089,
最新排行(簡譜)：最新單曲,我不想忘記你,郭靜,095,091,偶像劇【偷天換日】主題曲
流行豆芽譜,命中注定,丁噹,095,092,愛情劇《你是我的命中注定》片尾曲
最新排行(簡譜)：最新單曲,思念是一種病,張震嶽/蔡健雅,095,093,
最新排行(簡譜)：最新單曲,第幾次愛上你,辛曉琪,095,095,
最新排行(簡譜)：最新單曲,離開地球表面,五月天,095,097,
最新排行(簡譜)：最新單曲,你是我心內的一首歌,王力宏/Selina,095,099,
流行豆芽譜,別讓我走遠,林宥嘉,095,099,
流行豆芽譜,少了一件牛仔褲,閻奕格,095,104,三立華劇【跟鯊魚接吻】片尾曲
流行豆芽譜,你是真的離開我,謝和弦,095,108,
流行豆芽譜,等著等著就老了,李榮浩,095,114,
流行豆芽譜,其實你並沒那麼孤單,周興哲,095,121,
最新排行(簡譜)：最新單曲,回航,翁立友/林姍,094,001,
最新排行(簡譜)：最新單曲,誤會,向蕙玲/袁小迪,094,003,
最新排行(簡譜)：最新單曲,手中情,翁立友,094,005,
最新排行(簡譜)：最新單曲,我問天,翁立友,094,007,民視8點檔【愛】片頭曲
最新排行(簡譜)：最新單曲,失落的夢,陳雷,094,009,電視劇【天下第一味】片頭片尾曲
流行豆芽譜,勇氣,棉子,094,009,
最新排行(簡譜)：最新單曲,用心交陪,龍千玉/翁立友,094,011,
最新排行(簡譜)：最新單曲,深深思戀,秀蘭/羅建豪,094,013,
最新排行(簡譜)：最新單曲,最愛的人,翁立友,094,015,
流行豆芽譜,句號,鄧紫棋,094,015,
最新排行(簡譜)：最新單曲,傷心車站,孫淑媚,094,017,
最新排行(簡譜)：最新單曲,醉夢人生,陳雷/謝婷婷,094,019,
最新排行(簡譜)：最新單曲,不免你抱歉,向蕙玲,094,021,三立電視【天下第一味】主題曲
流行豆芽譜,麻雀,李榮浩,094,022,
最新排行(簡譜)：最新單曲,阮的痛是真的,孫淑媚,094,023,
最新排行(簡譜)：最新單曲,BAD GIRL,徐懷鈺,094,025,
最新排行(簡譜)：最新單曲,好聽,許茹芸,094,027,
流行豆芽譜,囂張,en,094,028,
最新排行(簡譜)：最新單曲,安寧,孫燕姿,094,029,
最新排行(簡譜)：最新單曲,老婆,S.H.E,094,031,
最新排行(簡譜)：最新單曲,承諾,辛曉琪,094,033,三商美邦人壽【企業精神】主題曲
流行豆芽譜,一樣美麗,周興哲,094,034,粉紅絲帶宣導活動》主題曲
最新排行(簡譜)：最新單曲,約定,王心凌,094,035,
最新排行(簡譜)：最新單曲,淘汰,陳奕迅,094,037,
最新排行(簡譜)：最新單曲,笨蛋,金莎,094,039,
最新排行(簡譜)：最新單曲,漩渦,孫燕姿,094,041,
流行豆芽譜,心如止水,任家萱,094,042,
最新排行(簡譜)：最新單曲,飄著,孫燕姿,094,043,
最新排行(簡譜)：最新單曲,中國話,S.H.E,094,045,
最新排行(簡譜)：最新單曲,五月天,S.H.E,094,047,
流行豆芽譜,心欲止水,張碧晨,094,048,電視劇《三生三世枕上書》插曲
最新排行(簡譜)：最新單曲,那女孩,黃義達,094,049,電影【幸福三丁目】中文主題曲
最新排行(簡譜)：最新單曲,喜歡你,庭竹,094,051,電影【巴黎拜金女】中文主題曲
最新排行(簡譜)：最新單曲,天生一對,楊韻禾,094,053,【第五街牛仔褲】廣告曲
最新排行(簡譜)：最新單曲,月光日記,辛曉琪/阿杜,094,055,
流行豆芽譜,很久以後,鄧紫棋,094,056,
最新排行(簡譜)：最新單曲,功夫恰恰,任賢齊,094,057,義大利電影【合約情人】主題曲
最新排行(簡譜)：最新單曲,再別康橋,S.H.E,094,059,
最新排行(簡譜)：最新單曲,好久不見,陳奕迅,094,061,
流行豆芽譜,路過人間,郁可唯,094,062,電視劇《我們與惡的距離》插曲
最新排行(簡譜)：最新單曲,現在的你,庭竹,094,063,韓劇【朱蒙】片頭曲
最新排行(簡譜)：最新單曲,愛的回答,辛曉琪,094,065,宮崎駿動畫電影【海地戰記】中文主題曲
最新排行(簡譜)：最新單曲,愛情轉移,陳奕迅,094,067,電影【愛情呼叫轉移】主題曲
流行豆芽譜,你的情歌,TANK,094,068,電影《你的情歌》主題曲
最新排行(簡譜)：最新單曲,說你愛我,S.H.E,094,069,
最新排行(簡譜)：最新單曲,墮落天使,徐懷鈺,094,071,
最新排行(簡譜)：最新單曲,錯了再錯,張棟樑,094,073,
流行豆芽譜,愛妳也愛她,黃明志,094,073,
最新排行(簡譜)：最新單曲,心中的遺憾,徐懷鈺,094,075,
最新排行(簡譜)：最新單曲,城裡的月光,Tank,094,077,
最新排行(簡譜)：最新單曲,夏日初體驗,棒棒堂,094,079,
流行豆芽譜,迷人的危險,蔡黃汝,094,080,
最新排行(簡譜)：最新單曲,盛開的夢想,何耀珊,094,081,韓劇【綠薔薇】片尾曲
最新排行(簡譜)：最新單曲,最後的微笑,Tank,094,083,
最新排行(簡譜)：最新單曲,愛的天靈靈,王心凌,094,085,
流行豆芽譜,時間的輪,陳忻玥,094,086,
最新排行(簡譜)：最新單曲,蒼蠅的淚滴,林宇中,094,087,
最新排行(簡譜)：最新單曲,謝謝你的溫柔,S.H.E/飛輪海,094,089,
最新排行(簡譜)：最新單曲,飛機場的10:30,陶吉吉,094,091,
最新排行(簡譜)：最新單曲,倫敦大橋垮下來,S.H.E,094,093,
流行豆芽譜,如何忘記你,張若凡,094,093,戲劇《網紅的瘋狂世界》片尾曲
最新排行(簡譜)：最新單曲,聽袁惟仁彈吉他,S.H.E,094,095,
最新排行(簡譜)：最新單曲,那年夏天寧靜的海,王心凌,094,097,
最新排行(簡譜)：最新單曲,原來這才是真的你,王心凌,094,099,
流行豆芽譜,好想好想妳,鄧紫棋,094,101,
流行豆芽譜,我是如此相信,周杰倫,094,109,電影《天火》主題曲
流行豆芽譜,好想愛這個世界啊,華晨宇,094,115,
流行豆芽譜,想見你想見你想見你,八三夭,094,121,電視劇《想見你》片尾曲
最新排行(簡譜)：最新單曲,花香,江蕙,093,001,
最新排行(簡譜)：最新單曲,錯愛,龍千玉,093,003,三立八點檔【天下第一味】主題曲
最新排行(簡譜)：最新單曲,雲罩月,龍千玉/蔡小虎,093,005,電視劇【神機妙算劉伯溫】主題曲
最新排行(簡譜)：最新單曲,雙雙飛,張蓉蓉,093,007,
最新排行(簡譜)：最新單曲,一生的愛,龍千玉,093,009,民視八點檔【愛】主題曲
流行豆芽譜,Forever Young,艾怡良,093,010,
最新排行(簡譜)：最新單曲,Dear Tank,Tank,093,011,
最新排行(簡譜)：最新單曲,Honey Honey Honey,蕭亞軒,093,013,
最新排行(簡譜)：最新單曲,Paradise,李雅微,093,015,偶像劇【放羊的星星】插曲
最新排行(簡譜)：最新單曲,Superman,曹格,093,017,
流行豆芽譜,少女,林宥嘉,093,018,
最新排行(簡譜)：最新單曲,嵐,Tank,093,019,
最新排行(簡譜)：最新單曲,也許,蜜雪薇琪,093,021,
最新排行(簡譜)：最新單曲,旋律,林宇中,093,023,
最新排行(簡譜)：最新單曲,逆光,孫燕姿,093,025,
流行豆芽譜,候鳥,蕭煌奇,093,025,
最新排行(簡譜)：最新單曲,復活,林宇中/金莎,093,027,2007韓國電玩【Granado Espada】線上遊戲主題曲
最新排行(簡譜)：最新單曲,夢遊,孫燕姿,093,029,
最新排行(簡譜)：最新單曲,對望,林志穎,093,031,偶像劇【放羊的星星】片尾曲
流行豆芽譜,慢冷,梁靜茹,093,031,
最新排行(簡譜)：最新單曲,樣子,張韶涵,093,033,
最新排行(簡譜)：最新單曲,擁抱,何耀珊,093,035,
最新排行(簡譜)：最新單曲,錯過,蔡詩蕓,093,037,
流行豆芽譜,歌頌者,吳青峰,093,038,
最新排行(簡譜)：最新單曲,幻想愛,張韶涵,093,039,
最新排行(簡譜)：最新單曲,代言人,蕭亞軒,093,041,
最新排行(簡譜)：最新單曲,記得愛,阿沁/李玖哲,093,043,
最新排行(簡譜)：最新單曲,夢想號,棒棒堂,093,045,Edwin【廣告】主題曲
流行豆芽譜,說好不哭,周杰倫,093,045,
最新排行(簡譜)：最新單曲,不可思議,金莎,093,047,
最新排行(簡譜)：最新單曲,天天想念,許嘉凌,093,049,偶像劇【國光異校】片尾曲
流行豆芽譜,查某囡仔,李千那,093,050,
最新排行(簡譜)：最新單曲,在你身邊,張學友,093,051,韓劇【野蠻宮妃】片尾曲
最新排行(簡譜)：最新單曲,好久不見,張學友,093,053,
最新排行(簡譜)：最新單曲,你不知道,楊韻禾,093,055,
最新排行(簡譜)：最新單曲,我懷念的,孫燕姿,093,057,韓劇【綠薔薇】片頭曲
流行豆芽譜,一半人生,阿信,093,057,
最新排行(簡譜)：最新單曲,咕嘰咕嘰,孫燕姿,093,059,
最新排行(簡譜)：最新單曲,延長比賽,Tank,093,061,
最新排行(簡譜)：最新單曲,無人值守,許紹洋,093,063,偶像劇【愛情經紀約】插曲
流行豆芽譜,天黑請閉眼,陳零九,093,063,
最新排行(簡譜)：最新單曲,愛的味道,楊韻禾,093,065,【金蘭食品】廣告曲
最新排行(簡譜)：最新單曲,愛的勇氣,賴雅妍,093,067,偶像劇【轉角遇到愛】片頭曲
最新排行(簡譜)：最新單曲,好想對你說,何潤東/張娜拉,093,069,
流行豆芽譜,你懂我說的嗎,呂薔,093,069,
最新排行(簡譜)：最新單曲,你聽見了嗎,何耀珊,093,071,衛視【七劍下天山】片尾曲
最新排行(簡譜)：最新單曲,我要你幸福,盛噶仁波切,093,073,
最新排行(簡譜)：最新單曲,我們的紀念,李雅微,093,075,偶像劇【放羊的星星】插曲
流行豆芽譜,殘缺的彩虹,陳綺貞,093,076,電視劇《月村歡迎你》插曲
最新排行(簡譜)：最新單曲,其實還愛你,阿沁,093,077,
最新排行(簡譜)：最新單曲,春天的微笑,何耀珊,093,079,中視【傲劍江湖】主題曲/東森戲劇台【新醉打金枝】片尾曲
最新排行(簡譜)：最新單曲,做你的公主,何耀珊,093,081,華視【至尊玻璃鞋】片尾曲
流行豆芽譜,終於了解自由,周興哲,093,081,
最新排行(簡譜)：最新單曲,最愛還是你,唐禹哲,093,083,電視劇【終極一家】片尾曲
最新排行(簡譜)：最新單曲,愛的主旋律,卓文萱/黃鴻升,093,085,
最新排行(簡譜)：最新單曲,擁抱的問號,袁泉,093,087,
流行豆芽譜,將故事寫成我們,林俊傑,093,087,
最新排行(簡譜)：最新單曲,兩個人的風景,郭品超,093,089,
最新排行(簡譜)：最新單曲,天使忌妒的生活,曹格,093,091,
最新排行(簡譜)：最新單曲,被風吹過的夏天,金莎/林俊傑,093,093,
最新排行(簡譜)：最新單曲,痛也不說出口的我,楊培安,093,095,中視金庸八點大戲【碧血劍】片尾曲
流行豆芽譜,我比從前想你了,畢書盡,093,095,電視劇《我們不能是朋友》片尾曲
最新排行(簡譜)：最新單曲,謝謝你讓我愛上你,楊培安,093,097,韓劇【衝吧!阿達】片尾曲
最新排行(簡譜)：最新單曲,最愛的人傷我也最深,Fire,093,099,電視劇【食神】片尾曲
流行豆芽譜,我們不像我們,丁噹,093,100,LINE TV《HIStory 3-圈套》插曲
流行豆芽譜,讓我逃離平庸的生活,白安,093,105,
流行豆芽譜,有你在的那些日子,月球員外,093,114,
流行豆芽譜,我要給世界最悠長的濕吻,蔡健雅,093,119,
最新排行(簡譜)：最新單曲,知己,江蕙,092,001,
最新排行(簡譜)：最新單曲,海平線,江蕙,092,003,
最新排行(簡譜)：最新單曲,若不是你,江蕙,092,005,
最新排行(簡譜)：最新單曲,愛情藥單,詹雅雯,092,007,
流行豆芽譜,大眠,王心凌,092,008,
最新排行(簡譜)：最新單曲,夢中情網,秀蘭瑪雅/施文彬,092,009,
最新排行(簡譜)：最新單曲,返來阮的夢,江蕙/陳隨意,092,011,
最新排行(簡譜)：最新單曲,等愛的女人,江蕙,092,013,
最新排行(簡譜)：最新單曲,阿公的眠床腳,江蕙,092,015,
流行豆芽譜,大魚,周深,092,015,動畫電影《大魚海棠》印象曲
最新排行(簡譜)：最新單曲,是你對不起我,詹雅雯,092,017,
最新排行(簡譜)：最新單曲,無情不是阮的名,張蓉蓉,092,019,
最新排行(簡譜)：最新單曲,Shake It Baby,黑澀會美眉,092,021,
流行豆芽譜,綠色,陳雪凝,092,021,
最新排行(簡譜)：最新單曲,Shining Kiss,黑澀會美眉,092,023,
最新排行(簡譜)：最新單曲,不痛,張韶涵,092,025,韓劇【你來自哪顆星】中文指定曲
最新排行(簡譜)：最新單曲,不遠,蕭亞軒,092,027,電影【波特小姐彼得兔的誕生】中文主題曲
流行豆芽譜,木偶人,薛之謙,092,028,
最新排行(簡譜)：最新單曲,天使,五月天,092,029,【LePower廣告】主題曲
最新排行(簡譜)：最新單曲,同行,郭品超,092,031,
最新排行(簡譜)：最新單曲,自戀,羅志祥,092,033,
流行豆芽譜,走了嗎,張若凡,092,034,
最新排行(簡譜)：最新單曲,忘詞,五月天,092,035,
最新排行(簡譜)：最新單曲,求佛,誓言,092,037,
最新排行(簡譜)：最新單曲,怕黑,白歆惠,092,039,
流行豆芽譜,怎麼了,周興哲,092,040,華劇《你有念大學嗎？》片尾曲
最新排行(簡譜)：最新單曲,背叛,曹格,092,041,
最新排行(簡譜)：最新單曲,淚光,張韶涵,092,043,
最新排行(簡譜)：最新單曲,搬家,梁詠琪,092,045,
流行豆芽譜,怎麼辦,黃明志,092,046,
最新排行(簡譜)：最新單曲,對摺,元若藍,092,047,
最新排行(簡譜)：最新單曲,禮物,黃立行,092,049,
最新排行(簡譜)：最新單曲,C大調,張韶涵,092,051,電視【LeTea奇異果法式果茶】廣告曲
流行豆芽譜,我好嗎,梁靜茹,092,052,
最新排行(簡譜)：最新單曲,你,畢書盡,153,022,電視劇《都挺好》片頭曲 / 電視劇《姐妹們，追吧！》插曲
最新排行(簡譜)：最新單曲,花旦,周華健,153,024,
最新排行(簡譜)：最新單曲,大男人,許志安,153,026,
最新排行(簡譜)：最新單曲,你存在,梁文音,153,028,
最新排行(簡譜)：最新單曲,超有感,黃鴻升,153,030,
最新排行(簡譜)：最新單曲,分岔路口,周蕙,153,032,
最新排行(簡譜)：最新單曲,與我無關,阿冗,153,034,
最新排行(簡譜)：最新單曲,如何忘記你,張若凡,153,036,戲劇《網紅的瘋狂世界》片尾曲
最新排行(簡譜)：最新單曲,迷人的危險,蔡黃汝,153,038,
最新排行(簡譜)：最新單曲,愛妳也愛她,黃明志,153,040,
最新排行(簡譜)：最新單曲,五百,黃明志,153,042,
最新排行(簡譜)：最新單曲,先知,田馥甄,153,044,電影《怪胎》主題曲
最新排行(簡譜)：最新單曲,丟了你,井朧,153,048,
最新排行(簡譜)：最新單曲,無濾鏡,林俊傑,153,050,
最新排行(簡譜)：最新單曲,一樣美麗,周興哲,153,052,粉紅絲帶 宣傳活動主題曲
最新排行(簡譜)：最新單曲,什麼東西,吳克群,153,055,
最新排行(簡譜)：最新單曲,天外來物,薛之謙,153,057,
最新排行(簡譜)：最新單曲,兄弟你說,草爺,153,059,
最新排行(簡譜)：最新單曲,世界這麼大還是遇見你,程響,153,061,
最新排行(簡譜)：最新單曲,不是因為天氣晴朗才愛你,魏嘉瑩,153,063,
最新排行(簡譜)：最新單曲,喃喃,采子,153,065,
最新排行(簡譜)：最新單曲,大敦煌,刀郎,153,067,
最新排行(簡譜)：最新單曲,白薔薇,小百合 周月綺,153,069,
最新排行(簡譜)：最新單曲,終不悔,小百合 周月綺,153,071,
最新排行(簡譜)：最新單曲,寵上天,五月天,153,075,
最新排行(簡譜)：最新單曲,思念無邊,小百合 周月綺,153,077,
最新排行(簡譜)：最新單曲,第二順位,潘瑋柏,153,079,
最新排行(簡譜)：最新單曲,美麗舊世界,李芷婷,153,081,
最新排行(簡譜)：最新單曲,刻在我心底的名字,盧廣仲,153,083,電影《刻在你心底的名字》主題曲
最新排行(簡譜)：最新單曲,走了嗎,張若凡,153,086,
最新排行(簡譜)：最新單曲,交換餘生,林俊傑,153,088,
最新排行(簡譜)：最新單曲,回不去的海,蔡佩軒,153,090,電視劇《浪漫輸給你》插曲
最新排行(簡譜)：最新單曲,別再想見我,許光漢,153,092,
最新排行(簡譜)：最新單曲,他們說我是沒有用的年輕人,好樂團,153,094,
最新排行(簡譜)：最新單曲,Fly Away,鄧紫棋,152,002,
最新排行(簡譜)：最新單曲,Last Dance,伍佰,152,004,
最新排行(簡譜)：最新單曲,刪拾,楊丞琳,152,006,
最新排行(簡譜)：最新單曲,受夠,周興哲,152,008,
最新排行(簡譜)：最新單曲,懸日,田馥甄,152,011,
最新排行(簡譜)：最新單曲,友人說,林俊傑/懷秋,152,014,
最新排行(簡譜)：最新單曲,還有我,任賢齊,152,018,
最新排行(簡譜)：最新單曲,千言萬語,許富凱,152,020,
最新排行(簡譜)：最新單曲,天生一對,郭采潔/張棟樑,152,022,
最新排行(簡譜)：最新單曲,放過自己,莊心妍,152,024,
最新排行(簡譜)：最新單曲,7,陳奕迅,152,026,
最新排行(簡譜)：最新單曲,119,大嘴巴,152,028,
最新排行(簡譜)：最新單曲,左邊,蘇打綠,152,030,
最新排行(簡譜)：最新單曲,勇氣,棉子,152,032,
最新排行(簡譜)：最新單曲,荒唐,A-Lin,152,034,
最新排行(簡譜)：最新單曲,麻雀,李榮浩,152,036,
最新排行(簡譜)：最新單曲,米老鼠,五月天,092,053,
最新排行(簡譜)：最新單曲,無神論,黃立行,092,055,
最新排行(簡譜)：最新單曲,愛轉角,羅志祥,092,057,偶像劇【轉角遇到愛】片尾曲
最新排行(簡譜)：最新單曲,夢裡花,張韶涵,092,059,
流行豆芽譜,可不可以,張紫豪,092,059,
最新排行(簡譜)：最新單曲,生日快樂,劉若英,092,061,電影【生日快樂】主題曲
最新排行(簡譜)：最新單曲,完美世界,楊培安,092,063,線上遊戲【完美世界】主題曲
最新排行(簡譜)：最新單曲,我想要說,蔡旻佑,092,065,
流行豆芽譜,往後餘生,王貳浪,092,065,
最新排行(簡譜)：最新單曲,兩隻戀人,曹格,092,067,
最新排行(簡譜)：最新單曲,到底多久,黃義達,092,069,
最新排行(簡譜)：最新單曲,為愛而生,五月天,092,071,
流行豆芽譜,心跳的證明,劉人語,092,071,電影《一吻定情》心動版主題曲
最新排行(簡譜)：最新單曲,晴天娃娃,黑澀會美眉,092,073,
最新排行(簡譜)：最新單曲,超喜歡你,飛輪海,092,075,偶像劇【花樣少年少女】插曲
最新排行(簡譜)：最新單曲,愛情學測,棒棒堂,092,077,
最新排行(簡譜)：最新單曲,一千個世紀,五月天,092,079,遊戲機【XBOX360】代言主題曲
最新排行(簡譜)：最新單曲,七彩棒棒堂,棒棒堂,092,081,
最新排行(簡譜)：最新單曲,冬天的桔子,卓文萱,092,083,
流行豆芽譜,請先說你好,賀一航,092,083,
最新排行(簡譜)：最新單曲,有一天我會,蔡淳佳,092,085,
最新排行(簡譜)：最新單曲,我又初戀了,五月天,092,087,
流行豆芽譜,浪流連,茄子蛋,092,088,
最新排行(簡譜)：最新單曲,一千遍我愛你,伊能靜,092,089,
最新排行(簡譜)：最新單曲,好眼淚壞眼淚,徐若瑄,092,091,
最新排行(簡譜)：最新單曲,最重要的小事,五月天,092,093,
最新排行(簡譜)：最新單曲,給自己的情歌,梁詠琪,092,095,
流行豆芽譜,愛情怎麼了嗎,盧廣仲,092,095,電視劇《月村歡迎你》片頭曲
最新排行(簡譜)：最新單曲,愛上愛的味道,張韶涵,092,097,
最新排行(簡譜)：最新單曲,是你決定我的傷心,張玉華/李聖傑,092,099,
流行豆芽譜,說一句我不走了,阿涵,092,101,
流行豆芽譜,在青春迷失的咖啡館,王心凌,092,107,
流行豆芽譜,至少我還記得,周興哲,092,112,
流行豆芽譜,晨曦,船長,092,119,
最新排行(簡譜)：最新單曲,退路,林姍,091,001,電視劇【神機妙算劉伯溫】片尾曲
最新排行(簡譜)：最新單曲,博杯,江蕙,091,003,
流行豆芽譜,悟,劉德華,091,004,電影《新少林寺》主題曲
最新排行(簡譜)：最新單曲,心愛的,方瑞娥/高向鵬,091,005,
最新排行(簡譜)：最新單曲,再生緣,蔡小虎/龍千玉,091,007,民視【再生緣】主題曲
最新排行(簡譜)：最新單曲,真情味,施文彬,091,009,
流行豆芽譜,備胎,謝和弦,091,009,
最新排行(簡譜)：最新單曲,愛你愛伊,林姍,091,011,
最新排行(簡譜)：最新單曲,溫溫的酒杯,蔡小虎/王瑞霞,091,013,
流行豆芽譜,可樂,林采欣,091,014,
最新排行(簡譜)：最新單曲,像畫擱像花,林姍/蔡小虎,091,015,
最新排行(簡譜)：最新單曲,夢醒在三更,蔡小虎/張秀卿,091,017,民視【愛】片尾曲
最新排行(簡譜)：最新單曲,用心愛過的人,龍千玉/蔡小虎,091,019,
流行豆芽譜,耳朵,李榮浩,091,020,
最新排行(簡譜)：最新單曲,愛你一千一萬年,王識賢/孫淑媚,091,021,
最新排行(簡譜)：最新單曲,I Am who I Am,光良,091,023,
流行豆芽譜,思慕,郁可唯,091,024,電視劇《三生三世十里桃花》主人公人物曲
最新排行(簡譜)：最新單曲,Love,蕭亞軒,091,025,
最新排行(簡譜)：最新單曲,Super No.1,卓文萱,091,027,電視劇【戀愛女王】片頭曲
最新排行(簡譜)：最新單曲,女爵,楊乃文,091,029,
流行豆芽譜,長大,容祖兒,091,030,
最新排行(簡譜)：最新單曲,分開,楊乃文,091,031,
最新排行(簡譜)：最新單曲,出口,飛輪海,091,033,
最新排行(簡譜)：最新單曲,冰雨,伍佰,091,035,
流行豆芽譜,毒蘋果,鄧紫棋,091,035,
最新排行(簡譜)：最新單曲,鬧鬧,張芯瑜,091,037,中視偶像劇【星蘋果樂園】片頭曲
最新排行(簡譜)：最新單曲,北極圈,F.I.R.,091,039,
最新排行(簡譜)：最新單曲,好朋友,羅志祥,091,041,
流行豆芽譜,默默,A-Lin,091,041,電視劇 《創業時代 》插曲
最新排行(簡譜)：最新單曲,我以為,李聖傑,091,043,
最新排行(簡譜)：最新單曲,我以為,品冠,091,045,
流行豆芽譜,我在呢,TANK,091,046,電視劇《愛情進化論》插曲
最新排行(簡譜)：最新單曲,我好了,元若藍,091,047,
最新排行(簡譜)：最新單曲,怎麼辦,S.H.E,091,049,偶像劇【花樣少年少女】片頭曲
流行豆芽譜,再見煙火,卓義峰,091,050,電視劇《女兵日記》插曲
最新排行(簡譜)：最新單曲,黃金甲,周杰倫,091,051,
最新排行(簡譜)：最新單曲,聖誕節,張玉華,091,053,
最新排行(簡譜)：最新單曲,精舞門,羅志祥,091,055,
流行豆芽譜,沙漠駱駝,展展/羅羅,091,056,
最新排行(簡譜)：最新單曲,難相處,江美琪,091,057,
最新排行(簡譜)：最新單曲,危險情人,李玟,091,059,
最新排行(簡譜)：最新單曲,幸福獵人,羅志祥,091,061,
最新排行(簡譜)：最新單曲,哄我入睡,品冠,091,063,
流行豆芽譜,我不該躲,阿杜,091,064,
最新排行(簡譜)：最新單曲,專屬天使,Tank,091,065,偶像劇【花樣少年少女】片尾曲
最新排行(簡譜)：最新單曲,情逢敵手,蔡依林,091,067,
最新排行(簡譜)：最新單曲,無可救藥,品冠,091,069,
流行豆芽譜,三生三世,張杰,091,069,電視劇《三生三世十里桃花》片頭曲
最新排行(簡譜)：最新單曲,愛妳愛妳,黃品源,091,071,
最新排行(簡譜)：最新單曲,對你的愛,卓文萱,091,073,電視劇【戀愛女王】插曲電影【一年之初】中文主題曲
流行豆芽譜,歸去來兮,葉炫清,091,073,網路劇《雙世寵妃2》片尾曲
最新排行(簡譜)：最新單曲,可以不可以,卓文萱,091,075,
最新排行(簡譜)：最新單曲,我要愛的好,黑澀會美眉,091,077,
流行豆芽譜,何必紀念,莊鵑瑛,091,077,
最新排行(簡譜)：最新單曲,找幸福給你,飛輪海,091,079,
最新排行(簡譜)：最新單曲,雨季開始了,張芯瑜,091,081,中視偶像劇【星蘋果樂園】片尾曲
流行豆芽譜,你是答案,王笠人,091,082,電視劇《延禧攻略》片尾曲
最新排行(簡譜)：最新單曲,威尼斯迷路,許慧欣,091,083,
最新排行(簡譜)：最新單曲,陪我看日出,蔡淳佳,091,085,
最新排行(簡譜)：最新單曲,等一個晴天,蔡淳佳,091,087,
流行豆芽譜,回憶的沙漏,鄧紫棋,091,087,
最新排行(簡譜)：最新單曲,愛正要起飛,許紹洋,091,089,電視劇【愛情經紀約】插曲
最新排行(簡譜)：最新單曲,123木頭人,黑澀會美眉,091,091,韓劇【葡萄園之戀】片尾曲
流行豆芽譜,岩石裡的花,鄧紫棋,091,091,
最新排行(簡譜)：最新單曲,一顆心交給誰,品冠,091,093,
最新排行(簡譜)：最新單曲,不過是愛上妳,伍佰,091,095,
流行豆芽譜,終於等到你,張信哲,091,096,
最新排行(簡譜)：最新單曲,妳是我的花朵,伍佰,091,097,
最新排行(簡譜)：最新單曲,朋友出去走走,2moro,091,099,
最新排行(簡譜)：最新單曲,原來愛情這麼傷,梁詠琪,091,101,
流行豆芽譜,最美的遇見,徐佳瑩,091,102,電影《涼生   我們可不可以不憂傷》情感主題曲
流行豆芽譜,有一種悲傷,A-Lin,091,107,電影《比悲傷更悲傷的故事》主題曲
流行豆芽譜,你敢不敢再傻一次,吳克群,091,112,電影《為你寫詩》主題曲
流行豆芽譜,愛過你有多久就有多痛,蕭秉治,091,117,
流行豆芽譜,青春修煉手冊,TEBOYS,091,121,
最新排行(簡譜)：最新單曲,搖咧,翁立友,090,001,
最新排行(簡譜)：最新單曲,心落雪,蔡小虎,090,003,
最新排行(簡譜)：最新單曲,憨過頭,梁靜茹,090,005,
流行豆芽譜,十七,S.H.E,090,006,
最新排行(簡譜)：最新單曲,打拼為著你,翁立友/林姍,090,007,
最新排行(簡譜)：最新單曲,愛你袂變心,方瑞娥/高向鵬,090,009,布袋戲【六合水滸傳】片尾曲
最新排行(簡譜)：最新單曲,I Wanna Rock,櫻桃幫,090,011,
流行豆芽譜,如歌,張杰,090,012,電視劇《烈火如歌》主題曲
最新排行(簡譜)：最新單曲,Lovin' U,王傳一,090,013,電視劇【極道學園】片尾曲
最新排行(簡譜)：最新單曲,序,梁靜茹,090,015,
最新排行(簡譜)：最新單曲,小小,戴佩妮,090,017,電視劇【天堂來的孩子】插曲
流行豆芽譜,星火,F.I.R.Lydia,090,018,電影《鬥魚》主題曲
最新排行(簡譜)：最新單曲,失憶,梁靜茹,090,019,
最新排行(簡譜)：最新單曲,男傭,吳克群,090,021,
最新排行(簡譜)：最新單曲,城外,蔡旻佑,090,023,
最新排行(簡譜)：最新單曲,風箏,弦子,090,025,
流行豆芽譜,忘課,楊丞琳,090,025,電視劇《前男友不是人》片尾曲
最新排行(簡譜)：最新單曲,殘廢,吳克群,090,027,緯來電視【比花還美】片尾曲【律師們】片頭曲
最新排行(簡譜)：最新單曲,窗外,戴佩妮,090,029,電影【一公升的眼淚】中文主題曲
流行豆芽譜,過客,阿涵,090,029,
最新排行(簡譜)：最新單曲,愛到,飛輪海,090,031,
最新排行(簡譜)：最新單曲,暖暖,梁靜茹,090,033,
流行豆芽譜,向望(映望),郭婷筠,090,033,電視劇《大時代》片頭曲
最新排行(簡譜)：最新單曲,蝕月,櫻桃幫,090,035,
最新排行(簡譜)：最新單曲,親親,梁靜茹,090,037,
流行豆芽譜,聽雪,張碧晨,090,038,電視劇《烈火如歌》插曲
最新排行(簡譜)：最新單曲,小宇宙,蘇打綠,090,039,
最新排行(簡譜)：最新單曲,小烏龜,張棟樑,090,041,電視劇【微笑Pasta】插曲
最新排行(簡譜)：最新單曲,小情歌,蘇打綠,090,043,
流行豆芽譜,倒數,鄧紫棋,090,043,
最新排行(簡譜)：最新單曲,我可以,蔡旻佑,090,045,韓劇【不良家族】片尾曲
最新排行(簡譜)：最新單曲,紅花雨,趙詠華,090,047,
流行豆芽譜,珍惜,孫露,090,048,
最新排行(簡譜)：最新單曲,紅模仿,周杰倫,090,049,
最新排行(簡譜)：最新單曲,紙片人,吳克群,090,051,
流行豆芽譜,致青春,八三夭樂團,090,052,手機遊戲《琅琊榜 3D》主題曲
最新排行(簡譜)：最新單曲,第九夜,李玟,090,053,
最新排行(簡譜)：最新單曲,愛失控,Energy,090,055,
最新排行(簡譜)：最新單曲,綠袖子,元若藍,090,057,
流行豆芽譜,搭錯車,丁噹,090,058,《搭錯車音樂劇》主題曲
最新排行(簡譜)：最新單曲,親愛的,徐若瑄,090,059,
最新排行(簡譜)：最新單曲,上海姑娘,張信哲,090,061,
最新排行(簡譜)：最新單曲,可樂戒指,梁靜茹,090,063,
流行豆芽譜,學貓叫,小潘潘/小峰峰,090,063,
最新排行(簡譜)：最新單曲,幸福調味,卓文萱,090,065,
最新排行(簡譜)：最新單曲,明天過後,吳克群,090,067,
流行豆芽譜,紅牆嘆,胡夏,090,067,電視劇《延禧攻略》片尾曲
最新排行(簡譜)：最新單曲,胡思亂想,K ONE/IVY,090,069,
最新排行(簡譜)：最新單曲,唯舞獨尊,蔡依林,090,071,
流行豆芽譜,一愛難求,徐佳瑩,090,072,電視劇《扶搖》片尾曲
最新排行(簡譜)：最新單曲,淡水河邊,戴佩妮,090,073,韓劇【薯童謠】片頭曲【給父母親的信】片尾曲
最新排行(簡譜)：最新單曲,單身潛逃,戴佩妮,090,075,
最新排行(簡譜)：最新單曲,游泳的魚,于浩威,090,077,
流行豆芽譜,年少有為,李榮浩,090,077,
最新排行(簡譜)：最新單曲,愛我好嗎,卓文萱,090,079,
最新排行(簡譜)：最新單曲,小手拉大手,梁靜茹,090,081,
流行豆芽譜,另一個童話,G.E.M. 鄧紫棋,090,081,
最新排行(簡譜)：最新單曲,我有我的Young,飛輪海,090,083,內地【康師傅3+2夾心餅乾】電視廣告主題曲
最新排行(簡譜)：最新單曲,其實很愛你,張韶涵,090,085,
流行豆芽譜,如果有來生,譚維維,090,086,
最新排行(簡譜)：最新單曲,陪你等天亮,許慧欣/潘瑋儀,090,087,
最新排行(簡譜)：最新單曲,愛X無限大,元若藍,090,089,
流行豆芽譜,你不是我的,陳勢安,090,090,
最新排行(簡譜)：最新單曲,一個人的行李,戴佩妮,090,091,
最新排行(簡譜)：最新單曲,幸福洋菓子店,梁靜茹,090,093,
最新排行(簡譜)：最新單曲,翻不完的夏天,蔡旻佑,090,095,
流行豆芽譜,吻得太逼真,張敬軒,090,095,
最新排行(簡譜)：最新單曲,梁山伯與茱麗葉,卓文萱/曹格,090,097,
最新排行(簡譜)：最新單曲,不在乎有沒有以後,Energy,090,099,
流行豆芽譜,最美的期待,周筆暢,090,099,電視劇《繭鎮奇緣》片頭曲
最新排行(簡譜)：最新單曲,你怎麼會這樣離開我,黃品源,090,101,
流行豆芽譜,溫柔的奇蹟,范瑋琪,090,103,電視劇《我的男孩》片頭曲
流行豆芽譜,當每顆星星,阿信/黃渤,090,107,電視劇《一齣好戲》主題曲
流行豆芽譜,沒那麼脆弱,李玉璽,090,112,電視劇《名不虛傳》片尾曲
流行豆芽譜,雪落下的聲音,陸虎,090,117,電視劇《延禧攻略》片尾曲
流行豆芽譜,我的快樂就是想你,陳雅森,090,121,
最新排行(簡譜)：最新單曲,我愛你(愛伊希地魯),翁立友,089,001,
最新排行(簡譜)：最新單曲,放乎醉,張蓉蓉,089,003,
最新排行(簡譜)：最新單曲,一步一錯,孫淑媚,089,005,
流行豆芽譜,啞巴,潘瑋柏,089,005,
最新排行(簡譜)：最新單曲,挺你到底,蔡小虎,089,007,
最新排行(簡譜)：最新單曲,請你保重,施文彬/秀蘭瑪雅,089,009,
流行豆芽譜,我們,陳奕迅,089,009,電影《後來的我們》主題曲
最新排行(簡譜)：最新單曲,人生啊人生,袁小迪,089,011,民視古裝劇【台灣奇案】片頭曲
最新排行(簡譜)：最新單曲,因為妳的愛,翁立友,089,013,民視古裝劇【台灣奇案】片尾曲
流行豆芽譜,夙念,郁可唯,089,014,電視劇《大唐榮耀》插曲
最新排行(簡譜)：最新單曲,多情的戀夢,孫淑媚/秀蘭瑪雅,089,015,
最新排行(簡譜)：最新單曲,傷心的字條,孫淑媚/施文彬,089,017,
最新排行(簡譜)：最新單曲,永遠醉置你身邊,蔡小虎,089,019,
流行豆芽譜,稻草,鄭茵聲,089,019,
最新排行(簡譜)：最新單曲,Goodbye My Love,S.H.E,089,021,
最新排行(簡譜)：最新單曲,I DO,王心凌,089,023,偶像劇【微笑Pasta】插曲
流行豆芽譜,走心,賀敬軒,089,023,
最新排行(簡譜)：最新單曲,I Still Believe,徐若瑄,089,025,
最新排行(簡譜)：最新單曲,心雨,周杰倫,089,027,
流行豆芽譜,虐心,亦帆,089,028,
最新排行(簡譜)：最新單曲,雨天,孫燕姿,089,029,
最新排行(簡譜)：最新單曲,相信,林憶蓮,089,031,電視劇【新倚天屠龍記】片尾曲
最新排行(簡譜)：最新單曲,夏雪,飛輪海,089,033,台灣區【Heme-ManSimple男士保養品】廣告曲
流行豆芽譜,明仔載,盧廣仲,089,034,電影《花甲大人轉男孩》推廣曲
最新排行(簡譜)：最新單曲,退後,周杰倫,089,035,
最新排行(簡譜)：最新單曲,棄權,容祖兒,089,037,
最新排行(簡譜)：最新單曲,痊癒,張智成,089,039,電視劇【東方茱麗葉】插曲
流行豆芽譜,匆匆那年,王菲,089,039,
最新排行(簡譜)：最新單曲,眷戀,F.I.R.,089,041,
最新排行(簡譜)：最新單曲,對峙,庾澄慶,089,043,
最新排行(簡譜)：最新單曲,說謊,張信哲,089,045,
流行豆芽譜,到此為止,徐佳瑩,089,045,
最新排行(簡譜)：最新單曲,一把傘,183 Club,089,047,
最新排行(簡譜)：最新單曲,一個人,林憶蓮,089,049,
流行豆芽譜,斷訊,邱鋒澤/偉晉,089,049,
最新排行(簡譜)：最新單曲,太美麗,陶吉吉,089,051,
最新排行(簡譜)：最新單曲,再一遍,183 Club,089,053,
流行豆芽譜,說散就散,JC,089,054,
最新排行(簡譜)：最新單曲,我愛你,蕭賀碩,089,055,偶像劇【我們結婚吧】片頭曲
最新排行(簡譜)：最新單曲,找不到,楊丞琳,089,057,
流行豆芽譜,一起飆高音,黃明志/李佳薇,089,058,
最新排行(簡譜)：最新單曲,美人魚,徐若瑄,089,059,
最新排行(簡譜)：最新單曲,迷迭香,周杰倫,089,061,
最新排行(簡譜)：最新單曲,菊花台,周杰倫,089,063,
流行豆芽譜,終於愛情,陳嘉樺,089,063,電影《脫單告急》主題曲
最新排行(簡譜)：最新單曲,愛哭鬼,江美琪,089,065,
最新排行(簡譜)：最新單曲,千里之外,周杰倫/費玉清,089,067,
流行豆芽譜,不需要知道,韋禮安,089,068,電視劇《我的男孩》片尾曲
最新排行(簡譜)：最新單曲,心肝寶貝,劉德華,089,069,
最新排行(簡譜)：最新單曲,白色風車,周杰倫,089,071,
最新排行(簡譜)：最新單曲,似曾相識,陶吉吉,089,073,
流行豆芽譜,帶你去旅行,校長(張馳),089,074,
最新排行(簡譜)：最新單曲,沿海地帶,弦子,089,075,電視劇【天堂來的孩子】片尾曲
最新排行(簡譜)：最新單曲,飛行部落,F.I.R.,089,077,【威寶電信】廣告曲
流行豆芽譜,就這麼錯過,馬仕釗,089,078,電視劇《翻牆的記憶》片尾曲
最新排行(簡譜)：最新單曲,就微笑了,張棟樑,089,079,偶像劇【微笑Pasta】插曲
最新排行(簡譜)：最新單曲,愛情復興,容祖兒,089,081,
最新排行(簡譜)：最新單曲,永遠有多遠,黃品源,089,083,
流行豆芽譜,不愛我就拉倒,周杰倫,089,084,
最新排行(簡譜)：最新單曲,我最愛的人,F.I.R.,089,085,
最新排行(簡譜)：最新單曲,夜的第七章,周杰倫/潘兒,089,087,
流行豆芽譜,累了走了散了,六哲,089,088,
最新排行(簡譜)：最新單曲,做你的男人,張信哲,089,089,
最新排行(簡譜)：最新單曲,曾經太年輕,藍又時,089,091,偶像劇【白色巨塔】片尾曲
最新排行(簡譜)：最新單曲,對你有感覺,江美琪/光良,089,093,
流行豆芽譜,畢竟深愛過,六哲,089,093,
最新排行(簡譜)：最新單曲,還是喜歡你,Sweety,089,095,
最新排行(簡譜)：最新單曲,轉身的時候,賴雅妍,089,097,電視劇【深情密碼】插曲
流行豆芽譜,為愛流下傷心淚,暴林,089,098,
最新排行(簡譜)：最新單曲,聽媽媽的話,周杰倫,089,099,
最新排行(簡譜)：最新單曲,愛能不能不變,蜜雪薇琪,089,101,
流行豆芽譜,讓全世界知道我愛你,六哲/賀敬軒,089,102,
流行豆芽譜,123我愛你,新樂塵符/賀子玲,089,107,
流行豆芽譜,讓我為你唱情歌,蕭敬騰,089,112,
流行豆芽譜,愛了很久的朋友,田馥甄,089,119,電影《後來的我們》插曲
最新排行(簡譜)：最新單曲,思念,蔡亞玲,088,001,三立電視劇【戲說台灣】片頭曲
最新排行(簡譜)：最新單曲,尪仔某,鄭進一/詹雅雯,088,003,
流行豆芽譜,Will You Remember Me,李玖哲,088,003,
最新排行(簡譜)：最新單曲,一切隨緣,黃思婷,088,005,電視劇【麻辣一家親】片尾曲
最新排行(簡譜)：最新單曲,故鄉的歌,江蕙,088,007,
流行豆芽譜,兄弟,五月天,088,008,
最新排行(簡譜)：最新單曲,無名戀歌,蔡小虎,088,009,
最新排行(簡譜)：最新單曲,有你置身邊,鄭進一,088,011,
最新排行(簡譜)：最新單曲,放你自由飛,蔡小虎,088,013,
流行豆芽譜,什麼歌,五月天,088,014,
最新排行(簡譜)：最新單曲,今生最愛的人,蔡小虎,088,015,民視連續劇《意難忘》片尾主題曲
最新排行(簡譜)：最新單曲,Ring Ring Ring,S.H.E,088,017,2006年【手機必備鈴聲】代表作
最新排行(簡譜)：最新單曲,Scream,張懸,088,019,
最新排行(簡譜)：最新單曲,自由,黃思婷,088,021,
流行豆芽譜,聊傷,畢書盡(Bii),088,021,電視劇《1006的房客》片尾曲
最新排行(簡譜)：最新單曲,老婆,鄭進一,088,023,
最新排行(簡譜)：最新單曲,最近,李聖傑,088,025,
最新排行(簡譜)：最新單曲,著迷,潘瑋柏,088,027,
流行豆芽譜,無窮,吳汶芳,088,027,電視劇《當你沉睡時》片頭曲/《沒有名字的女人》片尾曲
最新排行(簡譜)：最新單曲,謝謝,潘瑋柏,088,029,
最新排行(簡譜)：最新單曲,寶貝,張懸,088,031,
流行豆芽譜,流浪記,楊宗緯,088,032,
最新排行(簡譜)：最新單曲,觸電,S.H.E,088,033,
最新排行(簡譜)：最新單曲,一下下,同恩,088,035,
流行豆芽譜,一次就好,楊宗緯,088,036,
最新排行(簡譜)：最新單曲,一年前,胡彥斌,088,037,
最新排行(簡譜)：最新單曲,不准哭,同恩,088,039,
最新排行(簡譜)：最新單曲,戒不掉,庾澄慶,088,041,
最新排行(簡譜)：最新單曲,我愛你,許晉豪,088,043,中視【神鵰俠侶】片尾曲
最新排行(簡譜)：最新單曲,雨櫻花,F.I.R.,088,045,
流行豆芽譜,天天年年,孫燕姿,088,046,
最新排行(簡譜)：最新單曲,很想說,李聖傑,088,047,
最新排行(簡譜)：最新單曲,紫藤花,S.H.E,088,049,
流行豆芽譜,壞的好人,張惠妹,088,050,
最新排行(簡譜)：最新單曲,黃昏曉,王心凌,088,051,偶像劇【微笑Pasta】插曲
最新排行(簡譜)：最新單曲,靜靜的,庾澄慶,088,053,中視偶像劇【深情密碼】片頭曲
最新排行(簡譜)：最新單曲,櫻花草,Sweety,088,055,
最新排行(簡譜)：最新單曲,127日,安七炫/吳建豪,088,057,
流行豆芽譜,幾分之幾,盧廣仲,088,057,電影《花甲大人轉男孩》主題曲
最新排行(簡譜)：最新單曲,天天夜夜,F.I.R.,088,059,韓劇【宮-野蠻王妃】片頭曲
最新排行(簡譜)：最新單曲,在你眼裡,同恩,088,061,電視劇【地下鐵】片尾曲
流行豆芽譜,我不會,那對夫妻,088,061,
最新排行(簡譜)：最新單曲,你的肩膀,何耀珊,088,063,中視【喬家大院】片尾曲
最新排行(簡譜)：最新單曲,你很愛他,F.I.R.,088,065,
最新排行(簡譜)：最新單曲,深信不疑,蔡健雅,088,067,
流行豆芽譜,三角題,二珂,088,067,
最新排行(簡譜)：最新單曲,眼底星空,李聖傑,088,069,
最新排行(簡譜)：最新單曲,藍色貝殼,邰正宵,088,071,
最新排行(簡譜)：最新單曲,離家不遠,南拳媽媽,088,073,
流行豆芽譜,等你下課,周杰倫/楊瑞代,088,073,
最新排行(簡譜)：最新單曲,一千零一夜,蜜雪薇琪,088,075,
最新排行(簡譜)：最新單曲,再見我的愛,櫻桃幫,088,077,
流行豆芽譜,黑夜問白天,林俊傑,088,078,
最新排行(簡譜)：最新單曲,快樂練習曲,周傳雄,088,079,
最新排行(簡譜)：最新單曲,我們怎麼了,S.H.E,088,081,
最新排行(簡譜)：最新單曲,彩虹的微笑,王心凌,088,083,偶像劇【微笑Pasta】片頭曲
最新排行(簡譜)：最新單曲,熟悉的溫柔,周渝民,088,085,電視劇【深情密碼】片尾曲
流行豆芽譜,對的人,莊心妍,088,085,電視劇《美好生活》主題曲
最新排行(簡譜)：最新單曲,還是會想他,何耀珊,088,087,
最新排行(簡譜)：最新單曲,關於妳的歌,李聖傑,088,089,
最新排行(簡譜)：最新單曲,讓我們自由,范瑋琪,088,091,中視【紅拂女】片尾曲
流行豆芽譜,青春住了誰,楊丞琳,088,091,
最新排行(簡譜)：最新單曲,北極星的眼淚,張棟樑,088,093,偶像劇【微笑Pasta】片尾曲
最新排行(簡譜)：最新單曲,只對你有感覺,飛輪海/Hebe,088,095,偶像劇【東方茱麗葉】插曲
最新排行(簡譜)：最新單曲,八十塊環遊世界,Twins,088,097,
流行豆芽譜,走在冷風中,劉思涵,088,097,
最新排行(簡譜)：最新單曲,今天妳要嫁給我,陶吉吉/蔡依林,088,099,
最新排行(簡譜)：最新單曲,愛上你是一個錯,楊培安,088,101,中視【神鵰俠侶】主題曲
流行豆芽譜,因為曾經愛過,蔡佩軒,088,101,電影《決戰千王》推廣曲
流行豆芽譜,只想對妳說,那對夫妻/Kim京燁,088,106,
流行豆芽譜,慢慢喜歡你,莫文蔚,088,112,
流行豆芽譜,多想留在你身邊,劉增瞳,088,118,
流行豆芽譜,沒有你陪伴真的好孤單,夢然,088,123,
最新排行(簡譜)：最新單曲,堅強,張蓉蓉,087,001,
最新排行(簡譜)：最新單曲,雨中情,張蓉蓉,087,003,
最新排行(簡譜)：最新單曲,歡喜乾一杯,陳雷,087,005,
流行豆芽譜,老街,李榮浩,087,006,
最新排行(簡譜)：最新單曲,情深深緣薄薄,龍千玉/俞隆華,087,007,
最新排行(簡譜)：最新單曲,今夜山風吹心房,江蕙,087,009,
流行豆芽譜,身後,張惠妹,087,010,
最新排行(簡譜)：最新單曲,請借問!心愛的人,詹雅雯,087,011,
最新排行(簡譜)：最新單曲,24 hrs,莫文蔚,087,013,
流行豆芽譜,風衣,孫燕姿,087,014,
最新排行(簡譜)：最新單曲,AM PM,莫文蔚,087,015,
最新排行(簡譜)：最新單曲,Baby是我,李玖哲,087,017,
最新排行(簡譜)：最新單曲,Beautiful Love,蔡健雅,087,019,
流行豆芽譜,戒菸,李榮浩,087,019,
最新排行(簡譜)：最新單曲,Mr.Q,蔡依林,087,021,
最新排行(簡譜)：最新單曲,Lucky Star 幸運星,i.n.g,087,023,
流行豆芽譜,歌謠,李榮浩,087,024,
最新排行(簡譜)：最新單曲,Tonight,南拳媽媽,087,025,
最新排行(簡譜)：最新單曲,再見,李玖哲,087,027,
流行豆芽譜,我想你了,畢書盡(Bii),087,028,電視劇《1%可能性》片尾曲
最新排行(簡譜)：最新單曲,放生,范逸臣,087,029,
最新排行(簡譜)：最新單曲,路口,蔡健雅,087,031,
最新排行(簡譜)：最新單曲,舞孃,蔡依林,087,033,
流行豆芽譜,追光者,岑寧兒,087,033,電視劇《夏至未至》插曲
最新排行(簡譜)：最新單曲,心型圈,蔡依林,087,035,
最新排行(簡譜)：最新單曲,用心聽,范逸臣,087,037,偶像劇【地下鐵】片頭曲
流行豆芽譜,祝你幸福,李榮浩,087,038,
最新排行(簡譜)：最新單曲,我相信,楊培安,087,039,2006【台灣啤酒】廣告曲
最新排行(簡譜)：最新單曲,男人心,楊培安,087,041,韓劇【這該死的愛】片尾曲
流行豆芽譜,連名帶姓,張惠妹,087,042,
最新排行(簡譜)：最新單曲,花戀蝶,南拳媽媽,087,043,韓劇【我愛河東獅】片尾曲
最新排行(簡譜)：最新單曲,甜心咒,楊丞琳,087,045,
流行豆芽譜,幸福路上,蔡依林,087,046,電影《幸福路上》主題曲
最新排行(簡譜)：最新單曲,健健美,i.n.g,087,047,2006職棒【兄弟象】加油主題曲
最新排行(簡譜)：最新單曲,最終話,蔡依林,087,049,
最新排行(簡譜)：最新單曲,開場白,蔡依林,087,051,
流行豆芽譜,如果雨之後,周興哲,087,051,
最新排行(簡譜)：最新單曲,黑白配,范瑋琪,087,053,
最新排行(簡譜)：最新單曲,愛情路,周華健,087,055,
流行豆芽譜,你說你愛我,蔡佩軒,087,056,
最新排行(簡譜)：最新單曲,醉青樓,范逸臣,087,057,
最新排行(簡譜)：最新單曲,中場時間,i.n.g,087,059,韓劇【妳還有夢嗎】片尾曲
最新排行(簡譜)：最新單曲,水晶蜻蜓,南拳媽媽,087,061,
流行豆芽譜,許多年以後,趙鑫,087,061,
最新排行(簡譜)：最新單曲,沉默玩具,曹格,087,063,
最新排行(簡譜)：最新單曲,非你莫屬,林依晨,087,065,電視劇【東方茱麗葉】片尾曲
流行豆芽譜,我們不一樣,大壯,087,065,
最新排行(簡譜)：最新單曲,唇唇欲動,蔡依林,087,067,【Maxfactor】【水漾動感唇蜜】廣告曲
最新排行(簡譜)：最新單曲,愛情Yogurt,林俊傑,087,069,
流行豆芽譜,偷故事的人,張惠妹,087,070,
最新排行(簡譜)：最新單曲,飄洋過海,何耀珊,087,071,電視劇【喬家大院】片頭曲
最新排行(簡譜)：最新單曲,人魚的眼淚,南拳媽媽,087,073,東森戲劇台【12月的熱帶夜】片尾曲
最新排行(簡譜)：最新單曲,不想想太多,蘇慧倫,087,075,韓劇【布拉格戀人】片頭曲
流行豆芽譜,最後一首情歌,陳零九,087,075,
最新排行(簡譜)：最新單曲,我很想愛他,Twins,087,077,
最新排行(簡譜)：最新單曲,初戀粉色系,南拳媽媽,087,079,2006【比雅久機車】廣告曲.電視劇【住左邊住右邊】片尾曲
流行豆芽譜,"我多喜歡你,你會知道",王俊琪,087,079,網劇《致我們單純的小美好》推廣曲
最新排行(簡譜)：最新單曲,風中的羽翼,楊培安,087,081,韓劇【露露公主】主題曲
最新排行(簡譜)：最新單曲,桃花朵朵開,阿牛,087,083,
最新排行(簡譜)：最新單曲,畢業的夏天,NICK,087,085,
流行豆芽譜,兩個人的回憶一個人過,莊心妍,087,085,
最新排行(簡譜)：最新單曲,這該死的愛,楊培安,087,087,韓劇【這該死的愛】片頭曲
最新排行(簡譜)：最新單曲,魚在水裡哭,深白色二人組,087,089,
流行豆芽譜,偉大的渺小,林俊傑,087,089,
最新排行(簡譜)：最新單曲,不說出的溫柔,范逸臣,087,091,
最新排行(簡譜)：最新單曲,我們的紀念日,范瑋琪,087,093,韓劇【玫瑰人生】片尾曲.電影【靈犬萊西】中文主題曲
流行豆芽譜,咱結婚好嗎,蕭煌奇/安心亞,087,094,
最新排行(簡譜)：最新單曲,午夜2點半的我,楊培安,087,095,
最新排行(簡譜)：最新單曲,對不起我很頑固,何以奇,087,097,
最新排行(簡譜)：最新單曲,一個像夏天一個像秋天,范瑋琪,087,099,韓劇【加油！金順】片尾曲
流行豆芽譜,無聲的約束,蕭煌奇,087,100,
最新排行(簡譜)：最新單曲,放我的真心在你的手心,張智成,087,101,
流行豆芽譜,最笨的人是我,方泂鑌,087,106,
流行豆芽譜,我看著你的時候,李榮浩,087,112,
流行豆芽譜,我怎麼可能與妳無關,邱勝翊,087,116,
流行豆芽譜,想回到那一天,周興哲,087,121,
最新排行(簡譜)：最新單曲,心愛的,吳淑敏,086,001,
最新排行(簡譜)：最新單曲,雨綿綿,龍千玉/蔡小虎,086,003,
最新排行(簡譜)：最新單曲,情深似海,陳雷/孫淑媚,086,005,
最新排行(簡譜)：最新單曲,飄浪的人,陳雷,086,007,三立八點檔【金色摩天輪】片頭曲
流行豆芽譜,一半,薛之謙,086,007,
最新排行(簡譜)：最新單曲,無人來作伴,林姍/翁立友,086,009,
最新排行(簡譜)：最新單曲,愛了無後悔,龍千玉/翁立友,086,011,
流行豆芽譜,轉眼,阿信,086,012,
最新排行(簡譜)：最新單曲,I Believe,絢香,086,013,日劇【輪舞曲】主題曲
最新排行(簡譜)：最新單曲,Only Human,K,086,015,日劇【一公升的眼淚】主題曲
最新排行(簡譜)：最新單曲,HAPPY.BIRTH.DAY,五月天,086,017,
最新排行(簡譜)：最新單曲,Love Story,范逸臣,086,019,
流行豆芽譜,偏愛,曾沛慈,086,019,韓劇《大力女都奉順》片尾曲
最新排行(簡譜)：最新單曲,手,莫文蔚,086,021,
最新排行(簡譜)：最新單曲,四季,A-Lin,086,023,
最新排行(簡譜)：最新單曲,回家,A-Lin,086,025,
流行豆芽譜,樣Young,TFBOYS,086,025,
最新排行(簡譜)：最新單曲,位置,A-Lin,086,027,
最新排行(簡譜)：最新單曲,快樂,張智成,086,029,
最新排行(簡譜)：最新單曲,忽略,蕭蕭,086,031,
流行豆芽譜,未至,郁可唯,086,031,電視劇《夏至未至》插曲
最新排行(簡譜)：最新單曲,雨人,周華健,086,033,
最新排行(簡譜)：最新單曲,假裝,蔡依林,086,035,韓劇【布拉格之戀】片尾曲
流行豆芽譜,紳士,薛之謙,086,036,
最新排行(簡譜)：最新單曲,等待,陳奕,086,037,
最新排行(簡譜)：最新單曲,傻瓜,陳奕,086,039,電視劇【我的兒子是老大】片尾曲
最新排行(簡譜)：最新單曲,遲早,AKI,086,041,
流行豆芽譜,年輪,張碧晨,086,041,電視劇《花千骨》插曲
最新排行(簡譜)：最新單曲,勾勾手,美美,086,043,
最新排行(簡譜)：最新單曲,自戀狂,陳奕,086,045,
最新排行(簡譜)：最新單曲,別疼我,何以奇,086,047,韓劇【美妙人生】【屋塔房小貓】片頭曲
流行豆芽譜,桃花諾,鄧紫棋,086,047,電視劇《上古情歌》片尾曲
最新排行(簡譜)：最新單曲,陌生人,Soler,086,049,
最新排行(簡譜)：最新單曲,超口愛,超口愛樂團,086,051,
流行豆芽譜,魚仔,盧廣仲,086,051,電視劇《花甲男孩轉大人》主題曲
最新排行(簡譜)：最新單曲,愛情樹,張智成,086,053,偶像劇【東方茱麗葉】主題曲
最新排行(簡譜)：最新單曲,寫情書,游鴻明,086,055,
流行豆芽譜,擊敗人,黃明志,086,056,
最新排行(簡譜)：最新單曲,離人節,蔡依林,086,057,韓劇【12月的熱帶夜】片頭曲
最新排行(簡譜)：最新單曲,讓你飛,何以奇,086,059,韓劇【浪漫滿屋】片頭曲.電影【愛無間】主題曲
最新排行(簡譜)：最新單曲,Mr.慢半拍,超口愛樂團,086,061,
流行豆芽譜,下雨了,薛之謙,086,061,
最新排行(簡譜)：最新單曲,不死之身,林俊傑,086,063,
最新排行(簡譜)：最新單曲,不要亂說,張惠妹,086,065,
最新排行(簡譜)：最新單曲,白色戀人,游鴻明,086,067,韓劇【露露公主】片尾曲
流行豆芽譜,小小天涯,郁可唯,086,067,電視劇《上古情歌》劇情版插曲
最新排行(簡譜)：最新單曲,我們不哭,周華健,086,069,
最新排行(簡譜)：最新單曲,孤單心事,藍又時,086,071,電視劇【終極一班】插曲
流行豆芽譜,猜猜看,曾之喬,086,071,電視劇《稍息立正我愛你》片尾曲
最新排行(簡譜)：最新單曲,記憶森林,深白色二人組,086,073,
最新排行(簡譜)：最新單曲,熟能生巧,林俊傑,086,075,
流行豆芽譜,夏至未至,胡夏,086,076,電視劇《夏至未至》主題曲
最新排行(簡譜)：最新單曲,燭光晚餐,曹格,086,077,
最新排行(簡譜)：最新單曲,如果沒有你,莫文蔚,086,079,韓劇【浪漫滿屋】片尾曲
最新排行(簡譜)：最新單曲,我要的選擇,蔡依林,086,081,
流行豆芽譜,就這樣,李榮浩,086,081,
最新排行(簡譜)：最新單曲,我會好好過,李玖哲,086,083,
最新排行(簡譜)：最新單曲,我還在等你,林志穎,086,085,
流行豆芽譜,很晚的晚安,孫盛希,086,086,三立華劇《浮士德的微笑》插曲
最新排行(簡譜)：最新單曲,芥茉巧克力,楊丞琳,086,087,
最新排行(簡譜)：最新單曲,離開你的我,吳佩珊,086,089,
最新排行(簡譜)：最新單曲,你要的不是我,林俊傑,086,091,
流行豆芽譜,我們的總和,艾怡良,086,091,
最新排行(簡譜)：最新單曲,沒有你的房間,陳奕,086,093,
最新排行(簡譜)：最新單曲,馬德里不思議,蔡依林,086,095,電視劇【麻辣一家親】片頭曲
流行豆芽譜,都是我的錯,玖壹壹,086,095,
最新排行(簡譜)：最新單曲,對不起我愛你,蕭蕭,086,097,
最新排行(簡譜)：最新單曲,數到五答應我,曹格,086,099,
流行豆芽譜,最初的記憶,徐佳瑩,086,099,電視劇《夏至未至》片尾曲
最新排行(簡譜)：最新單曲,謝謝你讓我愛過你,S.H.E,086,101,
最新排行(簡譜)：最新單曲,等待是愛情的一種方式,余憲忠,086,103,
流行豆芽譜,還能擁抱,潘嘉麗,086,103,電視劇《鐘樓愛人》插曲
流行豆芽譜,剛好遇見你,李玉剛,086,108,
流行豆芽譜,你離開他了嗎,曾沛慈,086,112,韓劇 《燦爛的守護神-鬼怪》片尾曲
流行豆芽譜,誰來剪月光,陳奕迅,086,116,
最新排行(簡譜)：最新單曲,人在江湖,陳雷,085,001,三立八點檔【金色摩天輪】片尾曲
最新排行(簡譜)：最新單曲,他愛的人,吳淑敏/林美美,085,003,
最新排行(簡譜)：最新單曲,美麗的錯誤,龍千玉/蔡小虎,085,005,
最新排行(簡譜)：最新單曲,Bomba Bomba,183 Club,085,007,電視劇【愛情魔髮師】插曲
流行豆芽譜,Hush,Lasse Lindh,085,007,電視劇《孤單又燦爛的神-鬼怪》OST
最新排行(簡譜)：最新單曲,Over...,K,085,009,日劇【H2好逑又又物語】主題曲
最新排行(簡譜)：最新單曲,You Are My Only Love,王心凌,085,011,
流行豆芽譜,You're My Garden(그대란 정원),鄭恩地,085,012,電視劇《大力女子都奉順》OST
最新排行(簡譜)：最新單曲,Your Heart My Heart,張棟樑,085,013,
最新排行(簡譜)：最新單曲,月光,胡歌,085,015,中視【天外飛仙】插曲
流行豆芽譜,安儷,聖結石/Saint,085,016,
最新排行(簡譜)：最新單曲,可愛,楊丞琳,085,017,
最新排行(簡譜)：最新單曲,左邊,楊丞琳,085,019,
最新排行(簡譜)：最新單曲,永晝,張韶涵,085,021,
流行豆芽譜,倒流,郁可唯,085,021,電視劇《浮士德的微笑》插曲
最新排行(簡譜)：最新單曲,姑娘,曹格,085,023,
最新排行(簡譜)：最新單曲,因為你,方大同,152,038,
最新排行(簡譜)：最新單曲,自以為,方大同/徐佳瑩,152,040,
最新排行(簡譜)：最新單曲,紅玫瑰,陳奕迅,152,042,
最新排行(簡譜)：最新單曲,差一點,阿杜,152,044,
最新排行(簡譜)：最新單曲,窮開心,花兒樂隊,152,046,
最新排行(簡譜)：最新單曲,心如止水,任家萱,152,048,
最新排行(簡譜)：最新單曲,心欲止水,張碧晨,152,050,電視劇《三生三世枕上書》插曲
最新排行(簡譜)：最新單曲,你的情歌,Tank,152,052,電影《你的情歌》主題曲
最新排行(簡譜)：最新單曲,好想好想你,鄧紫棋,152,054,
最新排行(簡譜)：最新單曲,你就要幸福,黃乙玲,152,056,
最新排行(簡譜)：最新單曲,愛笑的眼睛,林俊傑,152,058,
最新排行(簡譜)：最新單曲,我是如此相信,周杰倫,152,060,電影《天火》主題曲
最新排行(簡譜)：最新單曲,其實我也不知道,蕭煌奇,152,062,
最新排行(簡譜)：最新單曲,好想愛這個世界啊,華晨宇,152,064,
最新排行(簡譜)：最新單曲,Mojito,周杰倫,152,066,
最新排行(簡譜)：最新單曲,天空,王菲,152,068,
最新排行(簡譜)：最新單曲,一剪梅,費玉清,152,070,
最新排行(簡譜)：最新單曲,那一天,降央卓瑪,152,072,
最新排行(簡譜)：最新單曲,放風吹,許富凱,152,074,電視劇《生生世世》片尾曲
最新排行(簡譜)：最新單曲,新戀情,林慧萍,152,076,
最新排行(簡譜)：最新單曲,一無所有,崔建,152,078,
最新排行(簡譜)：最新單曲,天行九歌,霍尊,152,081,動漫《秦時明月之天行九歌》主題曲
最新排行(簡譜)：最新單曲,玫瑰人生,許景淳,152,083,
最新排行(簡譜)：最新單曲,愛了才懂,黃義達,152,085,
最新排行(簡譜)：最新單曲,愛了就對,范瑋琪,152,087,韓劇《加油！金順》片頭曲
最新排行(簡譜)：最新單曲,愛妳恨妳,周渝民,152,089,
最新排行(簡譜)：最新單曲,愛你一萬年,伍佰,152,091,
最新排行(簡譜)：最新單曲,一場遊戲一場夢,王傑,152,095,
最新排行(簡譜)：最新單曲,其實你不懂我的心,童安格,152,097,
最新排行(簡譜)：最新單曲,偽裝,大壯,151,002,
最新排行(簡譜)：最新單曲,彼時,許富凱,151,004,電視劇《大時代》片頭曲
最新排行(簡譜)：最新單曲,候鳥,蕭煌奇,151,006,
最新排行(簡譜)：最新單曲,預言家,邱鋒澤,151,008,
最新排行(簡譜)：最新單曲,一人一半,旺福,151,010,電視劇《俗女養成記》主題曲
最新排行(簡譜)：最新單曲,小小,容祖兒,151,012,
最新排行(簡譜)：最新單曲,喜歡我吧,魏嘉瑩,151,014,
最新排行(簡譜)：最新單曲,最想見到你,白安,151,016,
最新排行(簡譜)：最新單曲,想見你想見你想見你,八三夭,151,018,電視劇《想見你》片尾曲
最新排行(簡譜)：最新單曲,Wonderland,林俊傑,151,020,
最新排行(簡譜)：最新單曲,Home,王詩安,151,023,
最新排行(簡譜)：最新單曲,塵,薛之謙,151,025,
最新排行(簡譜)：最新單曲,少女,林宥嘉,151,027,
最新排行(簡譜)：最新單曲,相思痕,陳百潭/曹雅雯,151,029,
最新排行(簡譜)：最新單曲,天亮就分手,蕭煌奇,151,031,
最新排行(簡譜)：最新單曲,如何忘記你,張若凡,151,034,電視劇《網紅的瘋狂世界》片尾曲
最新排行(簡譜)：最新單曲,我還是不懂,魏嘉瑩,151,037,
最新排行(簡譜)：最新單曲,暫停時光,蕭煌奇,151,040,
最新排行(簡譜)：最新單曲,愛你今生今世,陳雷/甲子慧,151,042,
最新排行(簡譜)：最新單曲,我想和你虛度時光,程壁,151,044,
最新排行(簡譜)：最新單曲,Let Me Fall,孫盛希,151,049,電影《聖人大盜》片尾曲
最新排行(簡譜)：最新單曲,原來,林俊傑,085,025,電影【愛情決勝點】中文主題曲
流行豆芽譜,曖昧,薛之謙,085,026,
最新排行(簡譜)：最新單曲,迷宮,七朵花,085,027,偶像劇【愛情魔髮師】插曲
最新排行(簡譜)：最新單曲,習慣,楊丞琳,085,029,
最新排行(簡譜)：最新單曲,過敏,楊丞琳,085,031,【JUICEART愛戀金誓】廣告主題曲
流行豆芽譜,夫妻臉,胖虎老田/蕭小M,085,032,
最新排行(簡譜)：最新單曲,慶祝,楊丞琳,085,033,
最新排行(簡譜)：最新單曲,丁香花,唐磊,085,035,
流行豆芽譜,啪啪啪,黃明志,085,036,
最新排行(簡譜)：最新單曲,三國戀,Tank,085,037,中視【七劍下天山】片頭曲
最新排行(簡譜)：最新單曲,千年淚,Tank,085,039,中視【天外飛仙】片尾曲
最新排行(簡譜)：最新單曲,不值得,夢飛船,085,041,
流行豆芽譜,醜八怪,薛之謙,085,041,
最新排行(簡譜)：最新單曲,好時代,任賢齊,085,043,
最新排行(簡譜)：最新單曲,老地方,任賢齊,085,045,
流行豆芽譜,家家酒,家家,085,045,電視劇《極品絕配》片尾曲
最新排行(簡譜)：最新單曲,那個人,深白色二人組,085,047,
最新排行(簡譜)：最新單曲,秋意濃,張學友,085,049,
流行豆芽譜,為了你(너를 위해),EXO CHEN/伯賢/XIUMIN,085,050,電視劇《月之戀人－步步驚心：麗》OST
最新排行(簡譜)：最新單曲,都是你,光良,085,051,電影【情義我心知】主題曲
最新排行(簡譜)：最新單曲,想和你,王心凌,085,053,
流行豆芽譜,一吻之間,張碧晨,085,054,電視劇《青年醫生》插曲
最新排行(簡譜)：最新單曲,愛回來,李崗霖,085,055,
最新排行(簡譜)：最新單曲,遇上愛,楊丞琳,085,057,
流行豆芽譜,愛戀魔法,畢書盡(Bii),085,058,
最新排行(簡譜)：最新單曲,擁抱我,光良,085,059,
最新排行(簡譜)：最新單曲,天生註定,任賢齊/楊千嬅,085,061,電影【天生一對】主題曲
最新排行(簡譜)：最新單曲,天亮以後,胡歌,085,063,中視【天外飛仙】插曲
最新排行(簡譜)：最新單曲,日日夜夜,張棟樑,085,065,
流行豆芽譜,認真的雪,薛之謙,085,065,
最新排行(簡譜)：最新單曲,月兒彎彎,蕭蕭,085,067,
最新排行(簡譜)：最新單曲,只因為你,張棟樑,085,069,
流行豆芽譜,一直想著他,莊心妍,085,070,
最新排行(簡譜)：最新單曲,只對你說,林俊傑,085,071,
最新排行(簡譜)：最新單曲,失戀無罪,A-Lin,085,073,
最新排行(簡譜)：最新單曲,左右為難,蔡淳佳,085,075,韓劇【夏日香氣】中文主題曲
流行豆芽譜,真的不想嘴,聖結石Saint/聖嫂Dodo,085,075,
最新排行(簡譜)：最新單曲,星星之火,S.H.E,085,077,
最新排行(簡譜)：最新單曲,猶是情歌,游鴻明,085,079,韓劇【冬季戀歌】片頭曲
流行豆芽譜,不曾回來過,李千娜,085,080,電視劇《通靈少女》插曲
最新排行(簡譜)：最新單曲,痛徹心扉,張棟樑,085,081,
最新排行(簡譜)：最新單曲,愛情旅程,張韶涵,085,083,韓劇【我叫金三順】片尾曲
最新排行(簡譜)：最新單曲,獨唱情歌,Tank/Selina,085,085,
流行豆芽譜,美女與野獸,田馥甄/井柏然,085,086,電影《美女與野獸》中文主題曲
最新排行(簡譜)：最新單曲,不想失去妳,張學友,085,087,音樂劇【雪狼湖】插曲
最新排行(簡譜)：最新單曲,不像個大人,張惠妹,085,089,
最新排行(簡譜)：最新單曲,我們小時候,Tank,085,091,
流行豆芽譜,我還想念你,畢書盡(Bii),085,092,
最新排行(簡譜)：最新單曲,詩人的眼淚,游鴻明,085,093,
最新排行(簡譜)：最新單曲,世界唯一的妳,曹格,085,095,
最新排行(簡譜)：最新單曲,失眠的睡美人,楊丞琳,085,097,
流行豆芽譜,分開不是誰不好,郭靜,085,097,
最新排行(簡譜)：最新單曲,我就在你身邊,任賢齊,085,099,
最新排行(簡譜)：最新單曲,那女孩愛過我,李崗霖,085,101,
流行豆芽譜,永不失聯的愛,周興哲,085,101,
最新排行(簡譜)：最新單曲,沒有人可以叫你寶貝,元氣,085,103,緯來戲劇台【愛情餐歌】片尾曲
流行豆芽譜,流著淚說分手,莊心妍,085,106,
流行豆芽譜,你明明就很在乎我,莊心妍,085,110,
流行豆芽譜,別把疼你的人弄丟了,雨宗林,085,115,
流行豆芽譜,就像初雪我會走向你,Ailee,085,119,電視劇《孤單又燦爛的神-鬼怪》OST
最新排行(簡譜)：最新單曲,交代,秀蘭瑪雅,084,001,民視電視劇【八兩金】片頭曲
最新排行(簡譜)：最新單曲,陀螺,江蕙,084,003,
最新排行(簡譜)：最新單曲,紅海,羅時豐/張秀卿,084,005,
最新排行(簡譜)：最新單曲,傷心舞台,羅時豐/黃連煜,084,007,
流行豆芽譜,Love Story,LYn,084,007,電視劇《藍色海洋的傳說》OST
最新排行(簡譜)：最新單曲,風過雨無停,秀蘭瑪雅,084,009,三立電視劇【金色摩天輪】片尾曲
最新排行(簡譜)：最新單曲,情路越愛越痛,秀蘭瑪雅,084,011,三立電視劇【九龍傳說】片頭曲
流行豆芽譜,妮妮,黃宇哲,084,011,
最新排行(簡譜)：最新單曲,Superwoman,曹格,084,013,
最新排行(簡譜)：最新單曲,Woosa Woosa,王心凌,084,015,
流行豆芽譜,陪你,范瑋琪,084,015,電影《令伯特煩惱》主題曲
最新排行(簡譜)：最新單曲,人質,張惠妹,084,017,
最新排行(簡譜)：最新單曲,宇宙,Zayin,084,019,
流行豆芽譜,Beautiful,Crush,084,020,電視劇《孤獨又燦爛的神-鬼怪》OST
最新排行(簡譜)：最新單曲,約定,光良,084,021,
最新排行(簡譜)：最新單曲,真的,張韶涵,084,023,
流行豆芽譜,I Miss You,Soyou,084,024,電視劇《孤獨又燦爛的神-鬼怪》OST
最新排行(簡譜)：最新單曲,情畫,劉畊宏,084,025,電視劇【情人看招】片頭曲
最新排行(簡譜)：最新單曲,曹操,林俊傑,084,027,
流行豆芽譜,I Will Miss You,畢書盡(Bii),084,028,
最新排行(簡譜)：最新單曲,靠岸,林宇中,084,029,
最新排行(簡譜)：最新單曲,失戀學,林宇中,084,031,
最新排行(簡譜)：最新單曲,平常心,張惠妹,084,033,
流行豆芽譜,Somewhere Someday(어디선가 언젠가),成始璄,084,034,電視劇《藍色海洋的傳說》OST
最新排行(簡譜)：最新單曲,如果愛,張學友,084,035,電影【如果.愛】主題曲
最新排行(簡譜)：最新單曲,花田錯,王力宏,084,037,
最新排行(簡譜)：最新單曲,神槍手,S.H.E,084,039,
流行豆芽譜,演員,薛之謙,084,040,
最新排行(簡譜)：最新單曲,淘汰郎,羅志祥,084,041,
最新排行(簡譜)：最新單曲,牽著妳,2moro,084,043,
最新排行(簡譜)：最新單曲,黑眼圈,羅志祥,084,045,
流行豆芽譜,翻白眼,八三夭,084,046,電視劇《獨家保鑣》片頭曲
最新排行(簡譜)：最新單曲,感情線,183 club,084,047,電視劇【愛情魔髮師】插曲
最新排行(簡譜)：最新單曲,想忘了,蕭蕭,084,049,
最新排行(簡譜)：最新單曲,霍元甲,周杰倫,084,051,電影【霍元甲】主題曲
流行豆芽譜,好想你,四葉草,084,052,
最新排行(簡譜)：最新單曲,一眼萬年,S.H.E,084,053,中視【天外飛仙】片頭曲
最新排行(簡譜)：最新單曲,不怕不怕,美美,084,055,
流行豆芽譜,當你,田馥甄,084,055,
最新排行(簡譜)：最新單曲,不痛多好,羅美玲,084,057,
最新排行(簡譜)：最新單曲,心動心痛,劉畊宏/許慧欣,084,059,台視【愛情餐歌】片尾曲
流行豆芽譜,剛剛好,薛之謙,084,059,
最新排行(簡譜)：最新單曲,生日領悟,羅美玲,084,061,
最新排行(簡譜)：最新單曲,因為有妳,劉畊宏,084,063,
流行豆芽譜,光年之外,鄧紫棋,084,063,電影《Passengers》中國區主題曲
最新排行(簡譜)：最新單曲,完美情人,183 club,084,065,電視劇【愛情魔髮師】片頭曲
最新排行(簡譜)：最新單曲,我要快樂,張惠妹,084,067,
流行豆芽譜,時間有淚,張學友,084,068,
最新排行(簡譜)：最新單曲,某年某月,李翊君,084,069,衛視中文台【江山風雨情】片頭曲
最新排行(簡譜)：最新單曲,香水百合,張韶涵,084,071,
最新排行(簡譜)：最新單曲,甜蜜約定,183 club,084,073,電視劇【愛情魔髮師】片尾曲
流行豆芽譜,是他不配,孫盛希,084,073,電視劇《浮士德的微笑》片頭曲
最新排行(簡譜)：最新單曲,睫毛彎彎,王心凌,084,075,
最新排行(簡譜)：最新單曲,一個人流浪,飛輪海,084,077,電視劇【終極一班】插曲
流行豆芽譜,脫胎換骨,譚詠麟/五月天,084,077,
最新排行(簡譜)：最新單曲,口袋的天空,張韶涵,084,079,八大電視劇【愛殺17】片頭曲
最新排行(簡譜)：最新單曲,大聲說愛你,張善為,084,081,韓劇【美妙人生】中文主題曲
最新排行(簡譜)：最新單曲,不懂我的心,羅志祥,084,083,
流行豆芽譜,微笑帶過,孫盛希,084,083,
最新排行(簡譜)：最新單曲,你那麼愛她,林隆璇/李聖傑,084,085,韓劇【土地】片尾曲
最新排行(簡譜)：最新單曲,爸爸別緊張,蕭蕭,084,087,
流行豆芽譜,愛在身邊,周興哲,084,088,電視劇《愛在你聲邊》主題曲*3頁
最新排行(簡譜)：最新單曲,第一個清晨,王力宏,084,089,
最新排行(簡譜)：最新單曲,握不住的他,蕭蕭,084,091,韓劇【我叫金三順】片尾曲
最新排行(簡譜)：最新單曲,給我你的愛,Tank,084,093,電視劇【終極一班】片尾曲
流行豆芽譜,聽說聽說,藍又時,084,094,
最新排行(簡譜)：最新單曲,刺激2006,2moro,084,095,
最新排行(簡譜)：最新單曲,喜歡你沒道理,張韶涵,084,097,
最新排行(簡譜)：最新單曲,"對不起,我愛你",蔡淳佳,084,099,韓劇【對不起我愛你】中文主題曲
流行豆芽譜,難得孤寂,A-Lin,084,099,電視劇《鋼鐵之心》片尾曲
最新排行(簡譜)：最新單曲,怎麼還是沒人愛,永邦,084,101,
最新排行(簡譜)：最新單曲,愛是你眼裡的一首情歌,美美,084,103,
流行豆芽譜,不關你的事,八三夭,084,103,電視劇《浮士德的微笑》片尾曲
流行豆芽譜,靈魂伴侶,田馥甄,084,108,
流行豆芽譜,該忘的日子,郭靜,084,113,電視劇《雲畫的月光》片尾曲/《步步驚心》片頭曲
流行豆芽譜,孤獨是會上癮的,吳克群,084,117,
流行豆芽譜,忘記你這件事,Davichi,084,122,電視劇《月之戀人-步步驚心：麗》OST
最新排行(簡譜)：最新單曲,心碎,陳雷,083,001,
最新排行(簡譜)：最新單曲,等你,龍千玉,083,003,三立電視劇【金色摩天輪】片尾曲
最新排行(簡譜)：最新單曲,老情歌,江蕙,083,005,
最新排行(簡譜)：最新單曲,思念喲,江蕙/阿杜,083,007,
最新排行(簡譜)：最新單曲,炮仔聲,江蕙,083,009,
流行豆芽譜,ALL WITH YOU,太妍,083,009,電視劇《月之戀人-步步驚心：麗》OST
最新排行(簡譜)：最新單曲,自作多情,江蕙,083,011,
最新排行(簡譜)：最新單曲,獨身女子,江蕙,083,013,
流行豆芽譜,單,楊丞琳,083,013,
最新排行(簡譜)：最新單曲,我最愛的人,林姍,083,015,
最新排行(簡譜)：最新單曲,風中的玫瑰,龍千玉,083,017,民視【意難忘】片尾曲
流行豆芽譜,李白,李榮浩,083,017,
最新排行(簡譜)：最新單曲,笑看紅塵夢,江蕙,083,019,
最新排行(簡譜)：最新單曲,愛作夢的魚,江蕙,083,021,
最新排行(簡譜)：最新單曲,I Do,阿杜,083,023,
流行豆芽譜,觀眾,楊丞琳,083,023,
最新排行(簡譜)：最新單曲,I Only Want To Be With You,七朵花,083,025,
最新排行(簡譜)：最新單曲,I Think I,范瑋琪,083,027,韓劇【浪漫滿屋】片尾曲
流行豆芽譜,敗將,陳勢安,083,028,
最新排行(簡譜)：最新單曲,Kiss Goodbye,王力宏,083,029,韓劇【我叫金三順】片尾曲
最新排行(簡譜)：最新單曲,Loving You,李崗霖,083,031,
最新排行(簡譜)：最新單曲,光,劉若英,083,033,
流行豆芽譜,山丘,李宗盛,083,034,
最新排行(簡譜)：最新單曲,不睡,陳奕迅,083,035,
最新排行(簡譜)：最新單曲,手錶,王心凌,083,037,
最新排行(簡譜)：最新單曲,希望,陳慧琳,083,039,韓劇【大長今】中文主題曲
最新排行(簡譜)：最新單曲,拼圖,品冠,083,041,
流行豆芽譜,你啊你啊,魏如萱,083,041,
最新排行(簡譜)：最新單曲,祈禱,李崗霖,083,043,韓劇【藍色生死戀】中文主題曲
最新排行(簡譜)：最新單曲,轉角,童童,083,045,
流行豆芽譜,好愛好散,陳勢安,083,046,
最新排行(簡譜)：最新單曲,24樓,劉若英/楊坤,083,047,
最新排行(簡譜)：最新單曲,小飾品,童童,083,049,
最新排行(簡譜)：最新單曲,隱形人,孫燕姿,083,051,
流行豆芽譜,不說,李榮浩,083,052,電影《從你的全世界路過》路過版主題曲
最新排行(簡譜)：最新單曲,一臉清秀,蔡詩蕓,083,053,
最新排行(簡譜)：最新單曲,大城小愛,王力宏,083,055,
最新排行(簡譜)：最新單曲,不夠勇敢,183 Club,083,057,電視劇【王子變青蛙】插曲
流行豆芽譜,雲畫的月光,Gummy,083,057,電視劇《雲畫的月光》OST
最新排行(簡譜)：最新單曲,四面楚歌,周杰倫,083,059,
最新排行(簡譜)：最新單曲,我愛台妹,M.C.HOTDOG/張震嶽,083,061,
流行豆芽譜,"明天,你好",牛奶咖啡,083,061,
最新排行(簡譜)：最新單曲,泛泛之輩,吳克群,083,063,
最新排行(簡譜)：最新單曲,勇敢的愛,李翊君,083,065,韓劇【愛情餐車】片頭曲
流行豆芽譜,我要你過得好,車志立,083,066,
最新排行(簡譜)：最新單曲,拜金女孩,七朵花,083,067,
最新排行(簡譜)：最新單曲,彩虹天堂,劉畊宏,083,069,緯來電視台【說不出的愛】片尾曲
流行豆芽譜,深情的說再見,成始璄,083,070,電視劇《雲畫的月光》OST
最新排行(簡譜)：最新單曲,愛海滔滔,陳浩民,083,071,
最新排行(簡譜)：最新單曲,愛情輪廓,許慧欣,083,073,
流行豆芽譜,以你為名的世界,尹美萊,083,074,電視劇《藍色海洋的傳說》OST
最新排行(簡譜)：最新單曲,失落海平線,歐得洋,083,075,
最新排行(簡譜)：最新單曲,我會好好的,王心凌,083,077,
流行豆芽譜,讓我留在你身邊,陳奕迅,083,078,電影《擺渡人》主題曲
最新排行(簡譜)：最新單曲,勇敢的幸福,劉品言/曾之喬,083,079,偶像劇【綠光森林】片頭曲
最新排行(簡譜)：最新單曲,倔強的背後,許慧欣,083,081,
流行豆芽譜,終於結束的起點,五月天,083,082,
最新排行(簡譜)：最新單曲,對不起謝謝,陳奕迅,083,083,
最新排行(簡譜)：最新單曲,遠遠在一起,龔詩嘉,083,085,
最新排行(簡譜)：最新單曲,隱形的翅膀,張韶涵,083,087,電視劇【愛殺17】片尾曲/【愛戀金飾】年度廣告歌
最新排行(簡譜)：最新單曲,披著羊皮的狼,譚詠麟,083,089,
流行豆芽譜,回憶那麼傷,孫子涵,083,089,電視劇《羋月傳》片頭/片尾曲
最新排行(簡譜)：最新單曲,愛因為在心中,王力宏等,083,091,
最新排行(簡譜)：最新單曲,一次幸福的機會,劉若英,083,093,
流行豆芽譜,練習愛情,陳勢安,083,093,
最新排行(簡譜)：最新單曲,原來你一直都在,Saya,083,095,
最新排行(簡譜)：最新單曲,找不到人天荒地老,李翊君,083,097,電視劇【江山風雨情】片尾曲
流行豆芽譜,別再撐了,安心亞,083,098,
最新排行(簡譜)：最新單曲,孤獨時候你想誰呢,孟庭葦,083,099,
最新排行(簡譜)：最新單曲,黃昏以後天亮以前,劉若英,083,101,
最新排行(簡譜)：最新單曲,到底什麼時候才會想起我,張衛健,083,103,
流行豆芽譜,"想念,因為想念",Beige,083,103,電視劇《雲畫的月光》OST
流行豆芽譜,你的愛是什麼形狀,蔣卓嘉,083,108,電視劇《飛魚高校生》插曲
流行豆芽譜,夜空中最亮的星,鄧紫棋,083,113,
流行豆芽譜,你說那C和弦就是,五月天,083,118,
流行豆芽譜,原來我也可以幸福,黃美珍,083,122,
最新排行(簡譜)：最新單曲,傷心淚,孫淑媚,082,001,
最新排行(簡譜)：最新單曲,綿綿舊情,林姍,082,003,電視劇(舊情綿綿)片尾曲
最新排行(簡譜)：最新單曲,我的阿娜達,辦桌二人組,082,005,
最新排行(簡譜)：最新單曲,癡情第一憨,辦桌二人組,082,007,
流行豆芽譜,This Is Love,周興哲,082,007,
最新排行(簡譜)：最新單曲,你是阮的溫泉,孫淑媚/王識賢,082,009,
最新排行(簡譜)：最新單曲,為你夢為你等,孫淑媚,082,011,
流行豆芽譜,頑固,五月天,082,012,
最新排行(簡譜)：最新單曲,Forever,立威廉,082,013,偶像劇(綠光森林)插曲
最新排行(簡譜)：最新單曲,Seasons In The Sun,K ONE,082,015,
最新排行(簡譜)：最新單曲,Self,陳綺貞,082,017,
流行豆芽譜,年輪說,楊丞琳,082,018,植劇場《荼靡》片頭曲
最新排行(簡譜)：最新單曲,楓,周杰倫,082,019,
最新排行(簡譜)：最新單曲,路,梁靜茹,082,021,
最新排行(簡譜)：最新單曲,力量,羅志祥,082,023,
流行豆芽譜,好可惜,莊心妍,082,023,
最新排行(簡譜)：最新單曲,下雪,阿杜,082,025,
最新排行(簡譜)：最新單曲,不見,楊丞琳,082,027,
流行豆芽譜,天真有邪,林宥嘉,082,028,
最新排行(簡譜)：最新單曲,天灰,S.H.E,082,029,
最新排行(簡譜)：最新單曲,心願,孫燕姿,082,031,
最新排行(簡譜)：最新單曲,再見,張震嶽,082,033,
流行豆芽譜,以後以後,林芯儀,082,033,電視劇【我和我的十七歲】片尾曲
最新排行(簡譜)：最新單曲,再說,范逸臣,082,035,偶像劇(惡男宅急電)插曲
最新排行(簡譜)：最新單曲,重傷,張棟樑,082,037,
流行豆芽譜,告白氣球,周杰倫,082,037,
最新排行(簡譜)：最新單曲,遇到,方雅賢,082,039,電視劇(惡作劇之吻)插曲
最新排行(簡譜)：最新單曲,綠洲,S.H.E,082,041,
流行豆芽譜,半句再見,孫燕姿,082,042,電影《六弄咖啡館》主題曲
最新排行(簡譜)：最新單曲,聽見,方雅賢,082,043,電視劇(惡作劇之吻)插曲
最新排行(簡譜)：最新單曲,三個字,阮經天/喬喬,082,045,偶像劇(綠光森林)片尾曲
最新排行(簡譜)：最新單曲,我有罪,吳克群,082,047,
流行豆芽譜,愛情廢柴,周杰倫,082,047,
最新排行(簡譜)：最新單曲,珊瑚海,周杰倫/Lara,082,049,
最新排行(簡譜)：最新單曲,麥芽糖,周杰倫,082,051,
流行豆芽譜,如果再見,韋禮安,082,052,電影《極樂宿舍》主題曲
最新排行(簡譜)：最新單曲,惡作劇,王藍茵,082,053,電視劇(惡作劇之吻)片尾曲
最新排行(簡譜)：最新單曲,髮如雪,周杰倫,082,055,
最新排行(簡譜)：最新單曲,不要離開,Ben,082,057,電視劇(海豚愛上貓)插曲
流行豆芽譜,餘波蕩漾,田馥甄,082,057,電視劇《飛魚高校生》片尾曲*3頁
最新排行(簡譜)：最新單曲,不屑紀念,吳克群,082,059,
最新排行(簡譜)：最新單曲,不想長大,S.H.E,082,061,
流行豆芽譜,我愛過你,周興哲,082,062,電視劇《左耳》宣傳曲*3頁
最新排行(簡譜)：最新單曲,月桂女神,S.H.E,082,063,
最新排行(簡譜)：最新單曲,自我催眠,羅志祥,082,065,
最新排行(簡譜)：最新單曲,你太冷靜,陳慧琳,082,067,
流行豆芽譜,寂寞無害,艾怡良,082,068,電視劇《拜託了媽媽》片頭曲
最新排行(簡譜)：最新單曲,我只想要,七朵花,082,069,
最新排行(簡譜)：最新單曲,我還記得,梁靜茹,082,071,
最新排行(簡譜)：最新單曲,妳不愛我,康晉榮,082,073,
流行豆芽譜,當你老了,莫文蔚,082,074,
最新排行(簡譜)：最新單曲,浪漫手機,周杰倫,082,075,
最新排行(簡譜)：最新單曲,無法開口,蘇永康,082,077,偶像劇(綠光森林)插曲
流行豆芽譜,後來的我們,五月天,082,078,
最新排行(簡譜)：最新單曲,黑色毛衣,周杰倫,082,079,
最新排行(簡譜)：最新單曲,嗆司嗆司,羅志祥,082,081,
最新排行(簡譜)：最新單曲,痴痴的等,信,082,083,
最新排行(簡譜)：最新單曲,我給你幸福,動力火車,082,085,偶像劇(真命天女)插曲
流行豆芽譜,謝謝妳愛我,謝和弦(A.CHORD),082,085,
最新排行(簡譜)：最新單曲,兩個恰恰好,旺福,082,087,
最新排行(簡譜)：最新單曲,後來的我們,品冠,082,089,
流行豆芽譜,都是你害的,畢書盡(Bii),082,090,電視劇《我的極品男友》片尾曲
最新排行(簡譜)：最新單曲,微小的部分,趙薇,082,093,
最新排行(簡譜)：最新單曲,想念你的歌,Saya,082,095,電影(NANA)(中文)主題曲
流行豆芽譜,在沒有你以後,謝和弦(A.CHORD),082,095,
最新排行(簡譜)：最新單曲,不作你的朋友,S.H.E,082,097,
最新排行(簡譜)：最新單曲,好愛她好想他,七朵花/183 Club,082,099,偶像劇(王子變青蛙)(均昊與天瑜愛情)主題曲
流行豆芽譜,第一個想到你,韋禮安,082,100,電視劇《後菜鳥的燦爛時代》片尾曲*3頁
最新排行(簡譜)：最新單曲,你微笑時好美,謝霆鋒,082,101,
最新排行(簡譜)：最新單曲,第一次愛的人,王心凌,082,103,
最新排行(簡譜)：最新單曲,我們能不能不分手,花兒樂隊,082,105,
流行豆芽譜,走著走著就散了,莊心妍,082,106,
流行豆芽譜,我不是你該愛的那個人,曾沛慈,082,111,電視劇《終極一班4》片尾曲
流行豆芽譜,愛情教會我們的事,周興哲,082,116,
流行豆芽譜,好好(想把你寫成一首歌),五月天,082,122,
最新排行(簡譜)：最新單曲,泡茶,傅振輝,081,001,
最新排行(簡譜)：最新單曲,相逢,高向鵬/方瑞娥,081,003,電視劇(金色摩天輪)片尾曲
最新排行(簡譜)：最新單曲,世間事,高向鵬/方瑞娥,081,005,華視(舊情綿綿)片頭曲
最新排行(簡譜)：最新單曲,男人淚,王識賢,081,007,
最新排行(簡譜)：最新單曲,夜總會,張蓉蓉,081,009,
最新排行(簡譜)：最新單曲,雪中花,王識賢/孫淑媚,081,011,
最新排行(簡譜)：最新單曲,麥來亂,五月天,081,013,
最新排行(簡譜)：最新單曲,斷情歌,王識賢,081,015,
最新排行(簡譜)：最新單曲,人生的歌,黃乙玲,081,017,
流行豆芽譜,Talk Love (말해 뭐해),K.Will,081,017,電視劇《太陽的後裔》OST
最新排行(簡譜)：最新單曲,放我去飛,黃乙玲,081,019,
最新排行(簡譜)：最新單曲,粉紅色腰帶,蔡秋鳳,081,021,三立八點檔(金色摩天輪)片尾曲
最新排行(簡譜)：最新單曲,愛你的代價,高向鵬/方瑞娥,081,023,
最新排行(簡譜)：最新單曲,All For You,安室奈美惠,081,025,
最新排行(簡譜)：最新單曲,Baby Baby Tell Me,王心凌,081,027,
最新排行(簡譜)：最新單曲,Honey Honey,孫燕姿,081,029,
最新排行(簡譜)：最新單曲,太多,陳綺貞,081,031,
最新排行(簡譜)：最新單曲,心牆,Bag Fong,081,033,偶像劇(海豚愛上貓)插曲
最新排行(簡譜)：最新單曲,牙關,五月天,081,035,
最新排行(簡譜)：最新單曲,夜曲,周杰倫,081,037,
流行豆芽譜,不該,周杰倫/aMEI,081,037,
最新排行(簡譜)：最新單曲,星光,S.H.E,081,039,偶像劇(真命天女)主題曲
最新排行(簡譜)：最新單曲,絲路,梁靜茹,081,041,
流行豆芽譜,看淡,田馥甄,081,042,電視劇《一把青》片頭曲
最新排行(簡譜)：最新單曲,迴音谷,陳依依,081,043,大宇線上遊戲(軒轅Ⅱ飛天歷險)主題曲首部曲
最新排行(簡譜)：最新單曲,第一天,孫燕姿,081,045,
流行豆芽譜,鍊愛,李佳薇,081,046,韓劇《她很漂亮》《我的女兒琴四月》《羋月傳》片尾曲
最新排行(簡譜)：最新單曲,短消息,陳慧琳,081,047,
最新排行(簡譜)：最新單曲,紫外線,蔡詩蕓,081,049,
流行豆芽譜,一點點,周杰倫,081,050,
最新排行(簡譜)：最新單曲,慢火車,萬芳,081,051,
最新排行(簡譜)：最新單曲,管不著,Selina,081,053,電視劇(真命天女)插曲
最新排行(簡譜)：最新單曲,嘻唰唰,花兒樂隊,081,055,
流行豆芽譜,紅顏舊,劉濤,081,055,電視劇《瑯琊榜》插曲
最新排行(簡譜)：最新單曲,瘦瘦的,梁靜茹,081,057,
最新排行(簡譜)：最新單曲,豬之歌,香香,081,059,
流行豆芽譜,說實話,李千娜,081,060,
最新排行(簡譜)：最新單曲,一路向北,周杰倫,081,061,電影(頭文字D)插曲
最新排行(簡譜)：最新單曲,只想愛你,楊丞琳,081,063,
最新排行(簡譜)：最新單曲,草山的風,霍正奇/洪瑞襄,081,065,大愛劇場(草山春暉)主題曲
流行豆芽譜,大雨將至,徐佳瑩,081,065,電視劇【女醫明妃傳】主題曲
最新排行(簡譜)：最新單曲,理想情人,楊丞琳,081,067,
最新排行(簡譜)：最新單曲,眼淚成詩,孫燕姿,081,069,中視(邊城小子)片頭曲
流行豆芽譜,你好不好,周興哲,081,070,電視劇《遺憾拼圖》片尾曲*3頁
最新排行(簡譜)：最新單曲,跟我走吧,潘瑋柏,081,071,
最新排行(簡譜)：最新單曲,戀愛演習,柯有倫,081,073,
最新排行(簡譜)：最新單曲,一秒的安慰,黃義達,081,075,
流行豆芽譜,爸爸媽媽,李榮浩,081,075,
最新排行(簡譜)：最新單曲,下一次微笑,楊丞琳,081,077,
最新排行(簡譜)：最新單曲,可惜不是你,梁靜茹,081,079,韓劇(悲傷戀歌)主題曲
流行豆芽譜,道聽塗說,林芯儀,081,079,
最新排行(簡譜)：最新單曲,再一次擁有,龔詩嘉,081,081,偶像劇(真命天女)插曲
最新排行(簡譜)：最新單曲,再見北極雪,周傳雄/陳慧琳,081,083,
最新排行(簡譜)：最新單曲,完美的一天,孫燕姿,081,085,
流行豆芽譜,幸福太短,A-Lin,081,085,電視劇《奇妙的時光之旅》片尾曲
最新排行(簡譜)：最新單曲,我真的以為,張棟樑,081,087,
最新排行(簡譜)：最新單曲,每天的每夜,黃義達,081,089,
流行豆芽譜,派對動物,五月天,081,090,
最新排行(簡譜)：最新單曲,幸福的輪廓,徐若瑄,081,091,
最新排行(簡譜)：最新單曲,流星下的願,張學友/許慧欣,081,093,歌舞劇(雪狼湖)主題曲
最新排行(簡譜)：最新單曲,旅行的意義,陳綺貞,081,095,
最新排行(簡譜)：最新單曲,九份的咖啡店,陳綺貞,081,097,
流行豆芽譜,是我不夠好,李毓芬,081,098,電視劇《第二次20歲》片尾曲
最新排行(簡譜)：最新單曲,我比想像中愛你,JS,081,099,偶像劇(真命天女)插曲
最新排行(簡譜)：最新單曲,我不想知道她是誰,蔡詩蕓,081,101,衛視中文台(威尼斯戀人)片尾曲
流行豆芽譜,這是最後一次,謝和弦(A.CHORD),081,102,
最新排行(簡譜)：最新單曲,別說我的眼淚你無所謂,東來東往,081,103,
流行豆芽譜,假如愛有天意,李健,081,108,
流行豆芽譜,只是不夠愛自己,丁噹,081,115,電視劇《雲中歌》片尾曲
流行豆芽譜,如果我們不曾相遇,五月天,081,120,
最新排行(簡譜)：最新單曲,船隻,澎恰恰/陳美鳳,080,001,
最新排行(簡譜)：最新單曲,妝乎水水,黃妃,080,003,
最新排行(簡譜)：最新單曲,恨抹落心,翁立友/林姍,080,005,
最新排行(簡譜)：最新單曲,海誓山盟,傅振輝/張蓉蓉,080,007,
最新排行(簡譜)：最新單曲,幸福的通知,黃妃,080,009,
流行豆芽譜,You Raise Me Up,Josh Groban,080,009,
最新排行(簡譜)：最新單曲,真愛只有你,傅振輝/林珊,080,011,
最新排行(簡譜)：最新單曲,純情紅玫瑰,袁小迪/向蕙玲,080,013,
流行豆芽譜,默,那英,080,014,電影《何以笙簫默》插曲
最新排行(簡譜)：最新單曲,你愛的不是我,施文彬,080,015,
最新排行(簡譜)：最新單曲,DA DA DA,王心凌,080,017,
流行豆芽譜,讓,蕭煌奇,080,018,
最新排行(簡譜)：最新單曲,Do Re Mi,旺福,080,019,
最新排行(簡譜)：最新單曲,What Can I Do,南拳媽媽,080,021,韓劇(浪漫滿屋)片頭曲
最新排行(簡譜)：最新單曲,命運,Why 李景燮,080,023,韓劇(浪漫滿屋)主題曲
流行豆芽譜,父親,筷子兄弟,080,024,
最新排行(簡譜)：最新單曲,不眠,范瑋琪,080,025,
最新排行(簡譜)：最新單曲,失去,同恩,080,027,韓劇(浪漫滿屋)主題曲
最新排行(簡譜)：最新單曲,本來,同恩,080,029,
流行豆芽譜,再見,鄧紫棋,080,030,
最新排行(簡譜)：最新單曲,我們,Energy,080,031,
最新排行(簡譜)：最新單曲,知足,五月天,080,033,
流行豆芽譜,安靜,朱俐靜/陳勢安,080,034,電視劇《愛上哥們》插曲
最新排行(簡譜)：最新單曲,是否,孫嫣然,080,035,
最新排行(簡譜)：最新單曲,看清,輕鬆玩樂團,080,037,
最新排行(簡譜)：最新單曲,消失,南拳媽媽,080,039,
流行豆芽譜,勇敢,五月天,080,039,
最新排行(簡譜)：最新單曲,酸甜,蔡依林,080,041,
最新排行(簡譜)：最新單曲,曖昧,楊丞琳,080,043,電視劇(惡魔在身邊)片尾曲
流行豆芽譜,兜圈,林宥嘉,080,044,電視劇《必娶女人》片尾曲
最新排行(簡譜)：最新單曲,鞦韆,范瑋琪,080,045,韓劇(浪漫滿屋)片尾曲
最新排行(簡譜)：最新單曲,戀人,張鎬哲,080,047,韓劇(百萬朵玫瑰)主題曲
流行豆芽譜,底線,溫嵐,080,048,電視劇《愛上哥們》插曲
最新排行(簡譜)：最新單曲,牡丹江,南拳媽媽,080,049,
最新排行(簡譜)：最新單曲,星空下,周傳雄,080,051,
最新排行(簡譜)：最新單曲,瘋狂呢,同恩,080,053,
流行豆芽譜,我不要,Popu Lady,080,053,電視劇《戀愛鄰距離》片尾曲
最新排行(簡譜)：最新單曲,離別酒,張鎬哲,080,055,電視劇(小魚兒與花無缺)主題曲
最新排行(簡譜)：最新單曲,壞感覺,周傳雄,080,057,
流行豆芽譜,壞脾氣,吳汶芳,080,057,電視劇《星座愛情 牡羊女》片尾曲
最新排行(簡譜)：最新單曲,女人心事,陶晶瑩,080,059,
最新排行(簡譜)：最新單曲,不得不愛,潘瑋柏/弦子,080,061,
流行豆芽譜,關鍵詞,林俊傑,080,062,《Horae  Beaute' 》韓媞形象主題曲
最新排行(簡譜)：最新單曲,太愛你了,張善為,080,063,韓劇(愛在哈佛)片頭曲
最新排行(簡譜)：最新單曲,白色花漾,5566,080,065,
流行豆芽譜,也可以,閻奕格,080,066,電影《追婚日記》插曲
最新排行(簡譜)：最新單曲,好久不見,5566,080,067,
最新排行(簡譜)：最新單曲,幸福下載,元衛覺醒,080,069,
最新排行(簡譜)：最新單曲,相信未來,動靜樂團,080,071,
流行豆芽譜,飆高音,黃明志,080,071,
最新排行(簡譜)：最新單曲,哭笑不得,柯有倫,080,073,
最新排行(簡譜)：最新單曲,夏天的風,元衛覺醒,080,075,
流行豆芽譜,可以的話,梁靜茹,080,076,電視劇《料理高校生》插曲
最新排行(簡譜)：最新單曲,寂寞邊界,張棟樑,080,077,韓劇(玻璃畫&愛在哈佛)片尾曲
最新排行(簡譜)：最新單曲,專屬密碼,黃義達,080,079,
最新排行(簡譜)：最新單曲,橘子汽水,南拳媽媽,080,081,
流行豆芽譜,下雨的夜晚,蘇打綠,080,081,
最新排行(簡譜)：最新單曲,只要你快樂,汪佩蓉,080,083,
最新排行(簡譜)：最新單曲,你到底愛誰,亮亮,080,085,
流行豆芽譜,原來你都在,丁噹,080,086,《三商美邦人壽》2015年形象主題曲
最新排行(簡譜)：最新單曲,走路去紐約,陶晶瑩,080,087,
最新排行(簡譜)：最新單曲,狠心的一課,劉德華,080,089,
最新排行(簡譜)：最新單曲,寂寞沙洲冷,周傳雄,080,091,
流行豆芽譜,很久很久以後,范瑋琪,080,091,
最新排行(簡譜)：最新單曲,愛的號碼牌,Sweety,080,093,
最新排行(簡譜)：最新單曲,戀愛ING,五月天,080,095,
流行豆芽譜,為自己而自己,周蕙,080,096,
最新排行(簡譜)：最新單曲,又一年又三年,品冠,080,097,
最新排行(簡譜)：最新單曲,再說一次我愛你,劉德華,080,099,電影(再說一次我愛你)主題曲
流行豆芽譜,只要有你的地方,林俊傑,080,100,電影《消失的愛人》主題曲
最新排行(簡譜)：最新單曲,閉上眼默唸3遍,183 Club+7朵花,080,101,電視劇(王子變青蛙)插曲
最新排行(簡譜)：最新單曲,六個月後那年夏天,張善為,080,103,
最新排行(簡譜)：最新單曲,當你孤單你會想起誰,張棟樑,080,105,
流行豆芽譜,不為誰而作的歌,林俊傑,080,105,
流行豆芽譜,如果我們再相遇,王笠人,080,110,電視劇《致，第三者》片頭曲
流行豆芽譜,我不知道愛是什麼,艾怡良,080,116,電視劇《十六個夏天》插曲
流行豆芽譜,如果我變成一首歌,林宥嘉,080,121,電影《杜拉拉追婚記》主題曲
最新排行(簡譜)：最新單曲,送行,翁立友,079,001,電視劇(台灣龍捲風)片頭曲
最新排行(簡譜)：最新單曲,堅持,翁立友,079,003,電視劇(意難忘)片頭曲
最新排行(簡譜)：最新單曲,練舞功,謝金燕,079,005,
流行豆芽譜,Pinocchio,ROY KIM,079,005,電視劇《皮諾丘》插曲
最新排行(簡譜)：最新單曲,酒場情歌,黃乙玲/施文彬,079,007,
最新排行(簡譜)：最新單曲,漂泊的愛,向蕙玲/袁小迪,079,009,電視劇(台灣龍捲風)片尾曲
流行豆芽譜,Love More,畢書盡(Bii),079,009,電視劇《料理高校生》插曲
最新排行(簡譜)：最新單曲,跟你趴趴走,黃乙玲,079,011,
最新排行(簡譜)：最新單曲,愛親像放風箏,楊哲,079,013,電視劇(飛龍在天)片尾曲
流行豆芽譜,女孩,韋禮安,079,014,《2015韋禮安 台北小巨蛋演唱會》主題曲
最新排行(簡譜)：最新單曲,Open Arms,5566,079,015,電視劇(格鬥天王)插曲
最新排行(簡譜)：最新單曲,Take Me To Your Heart,Michael Learns to Rock,079,017,
最新排行(簡譜)：最新單曲,雪花,中島美嘉,079,019,偶像劇(求婚事務所)插曲
最新排行(簡譜)：最新單曲,櫻花紛飛時,中島美嘉,079,021,
流行豆芽譜,風聲,黃曉明,079,022,電影《風聲》主題曲
最新排行(簡譜)：最新單曲,First Love,K ONE,079,023,
最新排行(簡譜)：最新單曲,LOVE*3,F.I.R.,079,025,
最新排行(簡譜)：最新單曲,刺鳥,F.I.R.,079,027,
流行豆芽譜,生生,林俊傑,079,027,
最新排行(簡譜)：最新單曲,洗牌,李玖哲,079,029,
最新排行(簡譜)：最新單曲,消失,阿沁(F.I.R.),079,031,
流行豆芽譜,預告,蔣卓嘉,079,031,電視劇《他看她的第2眼》片頭曲
最新排行(簡譜)：最新單曲,真愛,183 Club,079,033,電視劇(王子變青蛙)片尾曲
最新排行(簡譜)：最新單曲,偏見,梁詠琪,079,035,
最新排行(簡譜)：最新單曲,趁早,張宇,079,037,
流行豆芽譜,刺蝟,林昕陽,079,037,電視劇《皮諾丘》片頭曲
最新排行(簡譜)：最新單曲,解脫,李玖哲,079,039,
最新排行(簡譜)：最新單曲,影子,李玖哲,079,041,韓劇(嫂嫂十九歲)片尾曲
流行豆芽譜,妳說他,Popu Lady,079,042,電影《我的少女時代》插曲
最新排行(簡譜)：最新單曲,一比一,范瑋琪,079,043,電視劇(巴黎戀人)片頭曲
最新排行(簡譜)：最新單曲,迷魂計,183 Club,079,045,偶像劇(王子變青蛙)主題曲
最新排行(簡譜)：最新單曲,順時針,梁詠琪,079,047,
流行豆芽譜,小幸運,田馥甄,079,047,電影《我的少女時代》主題曲
最新排行(簡譜)：最新單曲,嫁給我,杜德偉,079,049,
最新排行(簡譜)：最新單曲,愛回溫,溫嵐,079,051,
流行豆芽譜,一無所懼,戴愛玲,079,052,電視劇《好想談戀愛》插曲/電影《美人情園》中文主題曲
最新排行(簡譜)：最新單曲,謝謝你,蜜雪薇琪,079,053,愛戀金飾(媽咪謝謝你)主題曲
最新排行(簡譜)：最新單曲,不由自主,徐若瑄,079,055,碧兒泉(2005年形象廣告)主題曲
流行豆芽譜,忘記擁抱,A-Lin,079,056,電影《234說愛你》主題曲
最新排行(簡譜)：最新單曲,六色彩虹,歐得洋,079,057,
最新排行(簡譜)：最新單曲,反覆記號,蔡依林,079,059,
最新排行(簡譜)：最新單曲,如果的事,范瑋琪/張韶涵,079,061,電視劇(巴黎戀人)片頭曲
流行豆芽譜,我不離開,戴愛玲/A-Lin,079,062,
最新排行(簡譜)：最新單曲,男人的好,張宇,079,063,
最新排行(簡譜)：最新單曲,勇敢去愛,K ONE,079,065,
流行豆芽譜,我們青春,李玉璽,079,066,電影《我的少女時代》插曲/電視劇《料理高校生》片頭曲
最新排行(簡譜)：最新單曲,突然累了,林俊傑,079,067,
最新排行(簡譜)：最新單曲,彩虹眼淚,Sweety,079,069,
最新排行(簡譜)：最新單曲,最愛是你,K ONE,079,071,
流行豆芽譜,大齡女子,彭佳慧,079,071,
最新排行(簡譜)：最新單曲,無敵超人,Twins,079,073,
最新排行(簡譜)：最新單曲,獨佔神話,蔡依林,079,075,
流行豆芽譜,命中注定,A-Lin/孫楠,079,076,電影《命中注定》主題曲
最新排行(簡譜)：最新單曲,隱形的雪,蜜雪薇琪,079,077,
最新排行(簡譜)：最新單曲,離不開他,溫嵐,079,079,
最新排行(簡譜)：最新單曲,我心似海洋,江美琪,079,081,歌舞劇(跑路天使)插曲
流行豆芽譜,Something,嚴  爵,079,081,
最新排行(簡譜)：最新單曲,沒那麼愛他,范瑋琪,079,083,電視劇(小魚兒與花無缺)片尾曲
最新排行(簡譜)：最新單曲,那年的情書,江美琪,079,085,電視劇(巴黎戀人)片尾曲
流行豆芽譜,放下旅行,李玉璽,079,086,電視劇《再說一次我願意》片尾曲
最新排行(簡譜)：最新單曲,愛笑的眼睛,徐若瑄,079,087,
最新排行(簡譜)：最新單曲,那女孩對我說,黃義達,079,089,電視劇(想結婚的女子)片尾曲
最新排行(簡譜)：最新單曲,昨天我十五歲,同恩,079,091,
流行豆芽譜,浪費眼淚,ELLA,079,091,
最新排行(簡譜)：最新單曲,說不出的告別,林志炫,079,093,
最新排行(簡譜)：最新單曲,兵變,邱鋒澤/陳零九/黃偉晉/小賴,151,051,
最新排行(簡譜)：最新單曲,芒種,音闕詩聽/趙方婧,151,053,
最新排行(簡譜)：最新單曲,盡頭,趙方婧,151,056,
最新排行(簡譜)：最新單曲,水星記,郭頂,151,059,
最新排行(簡譜)：最新單曲,別勉強,鄧紫棋/周興哲,151,062,
最新排行(簡譜)：最新單曲,一筆勾銷,蕭煌奇,151,064,電視劇《噬罪者》片頭曲
最新排行(簡譜)：最新單曲,吾愛無愛,白安,151,066,
最新排行(簡譜)：最新單曲,那個人該是我,盧瑮俐,151,069,
最新排行(簡譜)：最新單曲,全世界的朋友都讓我失望,吳卓源,151,072,
最新排行(簡譜)：最新單曲,透明,鄧紫棋,151,075,
最新排行(簡譜)：最新單曲,往事,李明洋,151,077,
最新排行(簡譜)：最新單曲,捲菸,美秀集團,151,079,
最新排行(簡譜)：最新單曲,煙幕,陳忻玥,151,081,
最新排行(簡譜)：最新單曲,默念你,宋念宇,151,083,
最新排行(簡譜)：最新單曲,渡紅塵,張碧晨,151,085,網遊蜀山縹緲錄主題曲
最新排行(簡譜)：最新單曲,平凡天使,鄧紫棋,151,087,武漢抗疫公益歌曲
最新排行(簡譜)：最新單曲,左手指月,薩頂頂,151,089,電視劇《香蜜沉沉燼如霜》片尾曲
最新排行(簡譜)：最新單曲,千年一聲唱,那英/肖戰,151,091,
最新排行(簡譜)：最新單曲,月半小夜曲,李克勤,151,094,
最新排行(簡譜)：最新單曲,帶刺的玫瑰,蘇路,151,096,
最新排行(簡譜)：最新單曲,最初的地方,楊乃文/伍佰,151,098,
最新排行(簡譜)：最新單曲,無力去愛誰,迪克牛仔,151,102,灌籃高手台灣中文版主題曲
最新排行(簡譜)：最新單曲,別把愛你的人弄丟了,司徒蘭芳,151,104,
最新排行(簡譜)：最新單曲,當你和心跳一起出現,蕭亞軒,151,106,
最新排行(簡譜)：最新單曲,消失的昨天,華晨宇,150,002,
最新排行(簡譜)：最新單曲,情話,陳怡婷,150,004,
最新排行(簡譜)：最新單曲,有何不可,封茗冏菌,150,009,
最新排行(簡譜)：最新單曲,對的時間點,林俊傑,150,011,
最新排行(簡譜)：最新單曲,願,鄭冰冰,150,013,電影《大清十二刑》推廣曲
最新排行(簡譜)：最新單曲,句號,鄧紫棋,150,015,
最新排行(簡譜)：最新單曲,病態,薛之謙,150,017,
最新排行(簡譜)：最新單曲,窒息,茄子蛋,150,019,
最新排行(簡譜)：最新單曲,灰姑娘,陳雪凝,150,021,
最新排行(簡譜)：最新單曲,差一步,大壯,150,023,
最新排行(簡譜)：最新單曲,來個蹦蹦,玖壹壹/陳嘉樺,150,025,
最新排行(簡譜)：最新單曲,佛系少女,馮提莫,150,028,
最新排行(簡譜)：最新單曲,應許之地,F.I.R.,150,030,
最新排行(簡譜)：最新單曲,巴別塔慶典,吳青峰,150,033,
最新排行(簡譜)：最新單曲,有一種悲傷,劉以豪,150,035,電影《比悲傷更悲傷的故事》主題曲
最新排行(簡譜)：最新單曲,怎麼能這樣,曾沛慈,150,037,
最新排行(簡譜)：最新單曲,趁我還會記,荒山亮,150,039,電視劇《含笑食堂》片尾曲
最新排行(簡譜)：最新單曲,月光下的影子,張語噥,150,041,電影《第九分局》片尾曲
最新排行(簡譜)：最新單曲,你懂我說的嗎,呂薔,150,043,
最新排行(簡譜)：最新單曲,我想要的快樂,家家,150,046,
最新排行(簡譜)：最新單曲,我還是沒改變,大壯,150,048,
最新排行(簡譜)：最新單曲,這款自作多情,茄子蛋,150,050,
最新排行(簡譜)：最新單曲,陽光裡的時光梯,郭頂,150,053,
最新排行(簡譜)：最新單曲,我要給世界最悠長的濕吻,蔡健雅,150,055,
最新排行(簡譜)：最新單曲,Forever young,艾怡良,150,057,
最新排行(簡譜)：最新單曲,太陽,曲肖冰,150,059,
最新排行(簡譜)：最新單曲,莎士比亞的天份,林俊傑,079,095,
流行豆芽譜,別說沒愛過,韋禮安,079,095,
最新排行(簡譜)：最新單曲,許願池的希臘少女,蔡依林,079,097,
流行豆芽譜,孤獨的總和,吳汶芳,079,100,電視劇《愛的生存之道》插曲
流行豆芽譜,幸福的溫度,江蕙,079,108,
流行豆芽譜,當時的我們,BY2,079,112,
流行豆芽譜,突然好想你,徐佳瑩,079,113,
流行豆芽譜,女孩你知道嗎,謝和弦(A.CHORD),079,117,
流行豆芽譜,一個人還是想著一個人,曾沛慈,079,122,
最新排行(簡譜)：最新單曲,意難忘,蔡小虎,078,001,
最新排行(簡譜)：最新單曲,蝴蝶夢,蔡小虎/龍千玉,078,003,
最新排行(簡譜)：最新單曲,甲你作伴,黃乙玲,078,005,
最新排行(簡譜)：最新單曲,無情風雨,孫淑媚,078,007,電視劇(台灣龍捲風)片頭曲
流行豆芽譜,小星星幻想曲,V.K克,078,007,
最新排行(簡譜)：最新單曲,故鄉的地圖,蔡小虎,078,009,
最新排行(簡譜)：最新單曲,真愛無後悔,蔡小虎/陳美鳳,078,011,
最新排行(簡譜)：最新單曲,請你麥擱卡,黃乙玲,078,013,
流行豆芽譜,沒有出口的迷宮,V.K克,078,014,
最新排行(簡譜)：最新單曲,唯有你,曹成模,078,015,電視劇(巴黎戀人)插曲
最新排行(簡譜)：最新單曲,陪在你身邊,曹成模,078,017,電視劇(巴黎戀人)插曲
最新排行(簡譜)：最新單曲,Only One,順子,078,019,電視劇(101次求婚)主題曲
最新排行(簡譜)：最新單曲,天空,蔡依林,078,021,
流行豆芽譜,空,汪小敏,078,021,電視劇《聽見幸福》片尾曲
最新排行(簡譜)：最新單曲,少年,光良/曹格,078,023,
最新排行(簡譜)：最新單曲,火光,石康軍,078,025,
流行豆芽譜,千秋,孫楠,078,025,電視劇《武媚娘傳奇》片頭曲*1頁
最新排行(簡譜)：最新單曲,孩子,陳綺貞,078,027,
流行豆芽譜,冷火,信,078,028,電視劇《皮諾丘》片頭曲
最新排行(簡譜)：最新單曲,原點,5566,078,029,電視劇(格鬥天王)插曲
最新排行(簡譜)：最新單曲,愛錯,王力宏,078,031,
最新排行(簡譜)：最新單曲,木乃伊,林俊傑,078,033,
最新排行(簡譜)：最新單曲,好想你,徐若瑄,078,035,廣告(觀月清酒)主題曲/電影(現在很想見你)中文主題曲
流行豆芽譜,你的愛,王力宏,078,035,
最新排行(簡譜)：最新單曲,往前飛,戴佩妮,078,037,
最新排行(簡譜)：最新單曲,狠狠愛,徐若瑄,078,039,碧兒泉(Hang Ten 2005年)廣告主題曲
流行豆芽譜,不將就,李榮浩,078,039,電影《何以笙簫默》片尾曲*3頁
最新排行(簡譜)：最新單曲,瓶中沙,Twins,078,041,
最新排行(簡譜)：最新單曲,逍遙歎,胡歌,078,043,電視劇(仙劍奇俠傳)插曲
流行豆芽譜,無字碑,張靚穎,078,044,電視劇《武媚娘傳奇》片尾曲
最新排行(簡譜)：最新單曲,愛瘋了,戴佩妮,078,045,
最新排行(簡譜)：最新單曲,蹺蹺板,王心凌,078,047,
流行豆芽譜,罪惡感,A-Lin,078,048,電視劇《布穀鳥之窩》片尾曲
最新排行(簡譜)：最新單曲,千年之戀,F.I.R.,078,049,
最新排行(簡譜)：最新單曲,六月的雨,胡歌,078,051,電視劇(仙劍奇俠傳)插曲
最新排行(簡譜)：最新單曲,手機留言,光良,078,053,
流行豆芽譜,母系社會,AMIT,078,053,
最新排行(簡譜)：最新單曲,好心分手,盧巧音/王力宏,078,055,
最新排行(簡譜)：最新單曲,把愛放開,F.I.R.,078,057,
流行豆芽譜,我遇見你,家家,078,057,演唱會《飛Wind beneath my wings》主題曲
最新排行(簡譜)：最新單曲,見習愛神,Twins,078,059,(OK WAP手機)廣告曲
最新排行(簡譜)：最新單曲,兩只蝴蝶,龐龍,078,061,
流行豆芽譜,信愛成癮,ELLA,078,062,電視劇《皮諾丘》片尾曲
最新排行(簡譜)：最新單曲,野蠻遊戲,蔡依林,078,063,
最新排行(簡譜)：最新單曲,愛中飛行,石康軍/阿信,078,065,
最新排行(簡譜)：最新單曲,簡簡單單,林俊傑,078,067,電視劇(真愛宣言)片頭曲
流行豆芽譜,反正我信了,信,078,068,
最新排行(簡譜)：最新單曲,一千年以後,林俊傑,078,069,
最新排行(簡譜)：最新單曲,一直很安靜,阿桑,078,071,電視劇(仙劍奇俠傳)插曲
最新排行(簡譜)：最新單曲,失戀歌迷黨,王心凌,078,073,
流行豆芽譜,聽爸爸的話,周杰倫,078,074,
最新排行(簡譜)：最新單曲,老鼠愛大米,王啟文,078,075,
最新排行(簡譜)：最新單曲,你們要快樂,李聖傑,078,077,
最新排行(簡譜)：最新單曲,依然是朋友,宇恆,078,079,
流行豆芽譜,敢為天下先,張靚穎,078,079,電視劇《武媚娘傳奇》插曲
最新排行(簡譜)：最新單曲,星光遊樂園,Twins,078,081,
最新排行(簡譜)：最新單曲,無盡的思念,林俊傑,078,083,
流行豆芽譜,替我照顧她,胡夏,078,083,電視劇《好想談戀愛》片尾曲/電影《我是女王》主題曲
最新排行(簡譜)：最新單曲,衝動的懲罰,刀郎,078,085,
流行豆芽譜,我怎麼哭了,八三夭,078,087,
最新排行(簡譜)：最新單曲,不顧一切的愛,李聖傑,078,089,
最新排行(簡譜)：最新單曲,聽!是誰在唱歌,劉若英/黃韻玲,078,091,電視劇(候鳥E人)主題曲
流行豆芽譜,你是我的星球,吳克群,078,092,
最新排行(簡譜)：最新單曲,莫斯科沒有眼淚,Twins,078,093,
最新排行(簡譜)：最新單曲,睜一隻眼閉一隻眼,蔡依林,078,095,
最新排行(簡譜)：最新單曲,月亮可以代表我的心,蕭薔/楊坤,078,097,
流行豆芽譜,多遠都要在一起,鄧紫棋,078,098,
最新排行(簡譜)：最新單曲,2002年的第一場雪,刀郎,078,099,
流行豆芽譜,聽見下雨的聲音,周杰倫,078,103,
流行豆芽譜,當我們一起走過,蘇打綠,078,108,
流行豆芽譜,有些事現在不做一輩子都不會做了,五月天,078,114,
流行豆芽譜,如果你還在就好了,信,078,121,
最新排行(簡譜)：最新單曲,約束,江蕙,077,001,
最新排行(簡譜)：最新單曲,天若光,蕭煌奇,077,003,
流行豆芽譜,不搭,李榮浩,077,004,電視劇《不要戀愛要結婚》《奇皇后》片尾曲《戀愛的發現》片頭曲
最新排行(簡譜)：最新單曲,思相枝,蔡小虎,077,005,
最新排行(簡譜)：最新單曲,情難忘,王識賢,077,007,民視八點檔「意難忘」主題曲
流行豆芽譜,話說,李洪基,077,008,電視劇《繼承者們》OST
最新排行(簡譜)：最新單曲,台灣製造,伍佰,077,009,
最新排行(簡譜)：最新單曲,重出江湖,袁小迪,077,011,
最新排行(簡譜)：最新單曲,風颱心情,伍佰,077,013,
最新排行(簡譜)：最新單曲,美麗的交換,江蕙,077,015,
最新排行(簡譜)：最新單曲,無緣的牽掛,陳雷,077,017,
流行豆芽譜,九號球,五月天,077,018,電影《逆轉勝》主題曲
最新排行(簡譜)：最新單曲,點不著的番仔火,江蕙,077,019,
最新排行(簡譜)：最新單曲,Happy Day,宇恆,077,021,台新銀行廣告曲
最新排行(簡譜)：最新單曲,HONEY,王心凌,077,023,
流行豆芽譜,將軍令,五月天,077,024,電影《黃飛鴻》主題曲
最新排行(簡譜)：最新單曲,Won't Give Up,5566,077,025,電視劇 「格鬥天王」 片尾曲
最新排行(簡譜)：最新單曲,天堂,光良,077,027,
最新排行(簡譜)：最新單曲,太早,劉允樂,077,029,電視劇「冬季戀歌」片尾曲
流行豆芽譜,小蘋果,筷子兄弟,077,030,電視劇《老男孩猛龍過江》宣傳曲
最新排行(簡譜)：最新單曲,兩極,任賢齊,077,031,電視劇「風雲2」主題曲
最新排行(簡譜)：最新單曲,春雨,楊家成,077,033,電視劇「火線任務」插曲
最新排行(簡譜)：最新單曲,飛吧,王心凌,077,035,
流行豆芽譜,一起老去,薛凱琪/楊子姍/陳意涵,077,035,電影《閨密》主題曲
最新排行(簡譜)：最新單曲,原點,蔡健雅/孫燕姿,077,037,
最新排行(簡譜)：最新單曲,翅膀,王心凌,077,039,
流行豆芽譜,分開以後,FS(Fuying & Sam),077,040,
最新排行(簡譜)：最新單曲,童話,光良,077,041,
最新排行(簡譜)：最新單曲,回來吧,五月天,077,043,
最新排行(簡譜)：最新單曲,猜不透,張韶涵,077,045,韓劇「巴黎戀人」片頭曲
流行豆芽譜,咬緊下唇,eSNa,077,045,電視劇《繼承者們》OST
最新排行(簡譜)：最新單曲,雪花飄,張玉華,077,047,華視電視劇「升空高飛」片頭曲
最新排行(簡譜)：最新單曲,愛盛開,徐婕兒,077,049,電視劇「火線任務」插曲
流行豆芽譜,第三人稱,蔡依林,077,050,
最新排行(簡譜)：最新單曲,慢慢來,孫燕姿,077,051,
最新排行(簡譜)：最新單曲,學不會,吳克群,077,053,
最新排行(簡譜)：最新單曲,永不退縮,任賢齊,077,055,電視劇「雙響炮」片頭曲
流行豆芽譜,時間煮雨,郁可唯,077,056,電影《小時代》宣傳曲
最新排行(簡譜)：最新單曲,你好就好,霍健華,077,057,
最新排行(簡譜)：最新單曲,我懂了她,李聖傑,077,059,
最新排行(簡譜)：最新單曲,明天過後,任賢齊,077,061,
流行豆芽譜,喜劇之王,李榮浩,077,061,
最新排行(簡譜)：最新單曲,青春考卷,王心凌,077,063,
最新排行(簡譜)：最新單曲,祝你開心,孫燕姿,077,065,
流行豆芽譜,下一次擁抱,朱俐靜,077,066,電視劇《再說一次我願意》插曲
最新排行(簡譜)：最新單曲,從今以後,信樂團,077,067,
最新排行(簡譜)：最新單曲,終於明白,動力火車,077,069,電視劇「仙劍奇俠傳」片尾曲
流行豆芽譜,手心的薔薇,林俊傑/鄧紫棋,077,070,
最新排行(簡譜)：最新單曲,就是愛你,陶吉吉,077,071,
最新排行(簡譜)：最新單曲,歌劇魅影,費翔/朱樺,077,073,電影「歌劇魅影」主題曲
最新排行(簡譜)：最新單曲,靜不下來,張韶涵,077,075,
流行豆芽譜,可惜沒如果,林俊傑,077,076,
最新排行(簡譜)：最新單曲,雙棲動物,蔡健雅,077,077,
最新排行(簡譜)：最新單曲,一分鐘追悔,蔡健雅,077,079,
最新排行(簡譜)：最新單曲,夜照亮了夜,萬芳,077,081,
流行豆芽譜,想你的夜,關喆,077,082,
最新排行(簡譜)：最新單曲,寂寞在唱歌,阿桑,077,083,
最新排行(簡譜)：最新單曲,愛我還是他,陶吉吉,077,085,
最新排行(簡譜)：最新單曲,聽愛情走過,張玉華,077,087,電視劇「升空高飛」片尾曲
流行豆芽譜,失憶的金魚,楊丞琳,077,087,
最新排行(簡譜)：最新單曲,一首簡單的歌,王力宏,077,089,韓劇「巴黎戀人」片尾曲
最新排行(簡譜)：最新單曲,向左走向右走,光良,077,091,
流行豆芽譜,算什麼男人,周杰倫,077,091,
最新排行(簡譜)：最新單曲,金鐘罩鐵布衫,S.H.E,077,093,
流行豆芽譜,我還是愛著你,MP魔幻力量,077,095,電視劇《幸福兌換卷》片尾曲
流行豆芽譜,時間都去哪兒了,王錚亮,077,100,
流行豆芽譜,愛．這件事情,傅又宣,077,104,電視劇《愛在異鄉》《愛上恢單女》片頭曲
流行豆芽譜,基因決定我愛你,陳彥允,077,109,電視劇《喜歡。一個人》插曲
流行豆芽譜,不過失去了一點點,曾沛慈,077,114,電視劇《終極惡女》《命中注定我愛你》《惡作劇2吻》片尾曲
流行豆芽譜,有一種勇氣叫放棄,丁噹,077,121,電視劇《風中奇緣》片尾曲
最新排行(簡譜)：最新單曲,反背,王識賢,076,001,
最新排行(簡譜)：最新單曲,王董,澎恰恰/李鑼/九孔,076,003,
最新排行(簡譜)：最新單曲,祝福,江蕙,076,005,
流行豆芽譜,Evolution era,V.K克,076,006,
最新排行(簡譜)：最新單曲,舊鞋,孫淑媚/王識賢,076,007,
最新排行(簡譜)：最新單曲,女人夢,詹雅雯,076,009,
最新排行(簡譜)：最新單曲,愛著啊,江蕙,076,011,
最新排行(簡譜)：最新單曲,擔輸贏,江蕙,076,013,
流行豆芽譜,海洋之息,V.K克,076,013,
最新排行(簡譜)：最新單曲,千年萬年,吳淑敏,076,015,
最新排行(簡譜)：最新單曲,愛到坎站,孫淑媚,076,017,電視劇「台灣龍捲風」片尾曲
流行豆芽譜,The Day,Zia,076,018,電視劇《奇皇后》OST
最新排行(簡譜)：最新單曲,風中的蠟燭,江蕙,076,019,
最新排行(簡譜)：最新單曲,阿爸的膨紗衫,向蕙玲,076,021,
流行豆芽譜,打呼,潘瑋柏/楊丞琳,076,022,電視劇《媽咪的男朋友》片頭曲
最新排行(簡譜)：最新單曲,I O U,Carry.N,076,023,電視劇「吐司男之吻」電視原聲帶插曲
最新排行(簡譜)：最新單曲,Forever Love,王力宏,076,025,【I Win」銀飾廣告曲】
最新排行(簡譜)：最新單曲,火星,林冠吟,076,027,
最新排行(簡譜)：最新單曲,外婆,周杰倫/張欣瑜,076,029,
流行豆芽譜,缺口,庾澄慶,076,029,電影《等一個人咖啡》主題曲
最新排行(簡譜)：最新單曲,長假,黃品源,076,031,
最新排行(簡譜)：最新單曲,信賴,郭品超,076,033,
流行豆芽譜,風聲 (바람결 balamgyeol),朴完奎,076,034,電視劇《奇皇后》OST
最新排行(簡譜)：最新單曲,挑釁,信樂團,076,035,
最新排行(簡譜)：最新單曲,海灘,溫嵐,076,037,
流行豆芽譜,淚街 (눈물길 nunmulgil),輝星,076,038,電視劇《擁抱太陽的月亮》OST
最新排行(簡譜)：最新單曲,浮雲,張韶涵,076,039,
最新排行(簡譜)：最新單曲,假如,信樂團,076,041,線上遊戲「金庸群俠傳Online20」主題曲
最新排行(簡譜)：最新單曲,超人,五月天,076,043,
流行豆芽譜,賠償,鍾汶,076,043,電視劇《奇皇后》OST
最新排行(簡譜)：最新單曲,小丑魚,羅志祥,076,045,
最新排行(簡譜)：最新單曲,小護士,五月天,076,047,
流行豆芽譜,墨紙 (먹지 meogji),藝聲,076,048,電視劇《那年冬天，風在吹》OST
最新排行(簡譜)：最新單曲,手放開,李聖傑,076,049,
最新排行(簡譜)：最新單曲,吳克群,吳克群,076,051,
最新排行(簡譜)：最新單曲,我愛你,S.H.E,076,053,
流行豆芽譜,愛情風 (사랑 바람 salang balam),Wax,076,054,電視劇《奇皇后》OST
最新排行(簡譜)：最新單曲,茉莉花,梁靜茹,076,055,
最新排行(簡譜)：最新單曲,歐若拉,張韶涵,076,057,
流行豆芽譜,我愛你 (사랑합니다 salanghabnida),金俊秀,076,058,電視劇《奇皇后》OST
最新排行(簡譜)：最新單曲,錯錯錯,五月天,076,059,
最新排行(簡譜)：最新單曲,有夢的人,任賢齊,076,061,
最新排行(簡譜)：最新單曲,別太溫柔,吳克群,076,063,
流行豆芽譜,致蝴蝶 (나비에게 nabiege),池昌旭,076,063,電視劇《奇皇后》OST
最新排行(簡譜)：最新單曲,男人海洋,周傳雄,076,065,
最新排行(簡譜)：最新單曲,單身公害,蔡依林,076,067,
流行豆芽譜,愛存在,王詩安,076,068,電視劇《終極X宿舍》片尾曲
最新排行(簡譜)：最新單曲,愛情程式,范逸臣,076,069,
最新排行(簡譜)：最新單曲,毀滅愛情,林冠吟,076,071,
最新排行(簡譜)：最新單曲,對號入座,S.H.E,076,073,
流行豆芽譜,但願不是,李基燦,076,073,
最新排行(簡譜)：最新單曲,輕閉雙眼,平井堅,076,075,電影「在世界的中心呼喊愛情」主題曲
最新排行(簡譜)：最新單曲,遠走高飛,李聖傑,076,077,
流行豆芽譜,荊棘的愛 (가시사랑 gasisalang),4MEN,076,078,電視劇《奇皇后》OST
最新排行(簡譜)：最新單曲,心中的日月,王力宏,076,079,
最新排行(簡譜)：最新單曲,手心的太陽,張韶涵,076,081,
最新排行(簡譜)：最新單曲,沒有你的夜,信樂團,076,083,
流行豆芽譜,美麗的你 (아름다운 그대여 aleumdaun geudaeyeo),朴相民,076,083,電視劇《你真漂亮》OST
最新排行(簡譜)：最新單曲,讓我照顧你,五月天,076,085,
最新排行(簡譜)：最新單曲,冷冷的心上人,沈文程,076,087,
流行豆芽譜,過了很久 (한참 지나서 hancam jinaseo),白智英,076,088,電視劇《屋塔房王世子》OST
最新排行(簡譜)：最新單曲,那一年這一天,任賢齊/舒淇,076,089,
最新排行(簡譜)：最新單曲,把悲傷留給自己,陳昇,076,091,
流行豆芽譜,奇皇后 Main theme,金章宇,076,092,電視劇《奇皇后》OST
最新排行(簡譜)：最新單曲,當我們同在一起,王羚柔,076,093,
流行豆芽譜,等一個人,林芯儀,076,096,電影《等一個人咖啡之思螢》主題曲
流行豆芽譜,以後別做朋友,周興哲,076,101,電視劇《16 個夏天》片尾曲
流行豆芽譜,我沒那麼愛你,丁噹,076,106,
流行豆芽譜,咖啡在等一個人,周慧敏,076,111,電影《等一個人咖啡》主題曲
流行豆芽譜,為你保留的空位 (너를 위한 빈자리 neoleul wihan binjali),朴有天,076,116,電視劇《雷普利小姐》OST
流行豆芽譜,陳淑芬與林志豪,王心凌,076,120,
最新排行(簡譜)：最新單曲,風箏,龍千玉,075,001,
最新排行(簡譜)：最新單曲,白鷺鷥,黃品源,075,003,
最新排行(簡譜)：最新單曲,垃圾車,五月天,075,005,
流行豆芽譜,Kelly,蕭敬騰,075,006,電視劇《來自星星的你》片尾曲
最新排行(簡譜)：最新單曲,男人的歌,徐嘉良,075,007,
最新排行(簡譜)：最新單曲,雲中月圓,王識賢/孫淑媚,075,009,民視八點檔「意難忘」片尾曲
最新排行(簡譜)：最新單曲,風中一句話,吳淑敏,075,011,
流行豆芽譜,Let It Go,Idina Menzel,075,011,迪士尼電影《冰雪奇緣》主題曲
最新排行(簡譜)：最新單曲,愛你的批紙,王識賢,075,013,民視八點檔「意難忘」插曲
最新排行(簡譜)：最新單曲,C'est Si Bon,5566/7朵花,075,015,
流行豆芽譜,月落,Heora,075,016,電視劇《擁抱太陽的月亮》
最新排行(簡譜)：最新單曲,So Far Away,張智成/陳綺萱,075,017,
最新排行(簡譜)：最新單曲,Stefanic,孫燕姿,075,019,
流行豆芽譜,泡沫,鄧紫棋,075,020,
最新排行(簡譜)：最新單曲,Waiting For You,胡彥斌,075,021,
最新排行(簡譜)：最新單曲,奔,孫燕姿,075,023,
最新排行(簡譜)：最新單曲,零,柯有倫,075,025,戰神Mars片頭曲
流行豆芽譜,再遇見,蘇打綠,075,025,
最新排行(簡譜)：最新單曲,同類,孫燕姿,075,027,
最新排行(簡譜)：最新單曲,你說,陳科妤,075,029,電視劇「鬥魚2」原聲帶插曲
最新排行(簡譜)：最新單曲,折磨,183 Club,075,031,電視原聲帶「天國的嫁衣」插曲
流行豆芽譜,很愛過,丁噹,075,032,電視劇《公主回來了》主題曲
最新排行(簡譜)：最新單曲,倔強,五月天,075,033,
最新排行(簡譜)：最新單曲,候鳥,S.H.E,075,035,電影「再見了可魯」中文主題曲
最新排行(簡譜)：最新單曲,情人,黃品源,075,037,
流行豆芽譜,10:10,RK金承熙,075,037,電視劇《來自星星的你》片頭曲
最新排行(簡譜)：最新單曲,痛快,S.H.E,075,039,電玩「新絕代雙驕」廣告曲
最新排行(簡譜)：最新單曲,答應,房祖名,075,041,
流行豆芽譜,快樂快了,家家,075,041,電視劇《A咖的路》片尾曲
最新排行(簡譜)：最新單曲,離歌,Tension,075,043,
最新排行(簡譜)：最新單曲,聽說,劉若英,075,045,
流行豆芽譜,不懂寂寞,羅美玲,075,046,電視劇《女人30情定水舞間》插曲
最新排行(簡譜)：最新單曲,因為愛,5566/7朵花/K-one,075,047,三立電視十週年主題曲
最新排行(簡譜)：最新單曲,忘了哭,張學友,075,049,韓劇「All In」片尾曲
最新排行(簡譜)：最新單曲,我的愛,孫燕姿,075,051,
流行豆芽譜,心痛的愛,李敏鎬,075,051,電視劇《繼承者》OST
最新排行(簡譜)：最新單曲,我要飛,飛兒樂團,075,053,黑松沙士廣告主題曲
最新排行(簡譜)：最新單曲,感情線,Tension,075,055,
流行豆芽譜,冬季愛情,The One,075,056,電視劇《那年冬天 風在吹》
最新排行(簡譜)：最新單曲,一首情歌,杜成義,075,057,
最新排行(簡譜)：最新單曲,灰色空間,羅志祥,075,059,電視劇「鬥魚2」片頭曲
流行豆芽譜,為你瘋狂,孝琳,075,060,電視劇《主君的太陽》
最新排行(簡譜)：最新單曲,快樂崇拜,潘瑋柏/張韶涵,075,061,
最新排行(簡譜)：最新單曲,我都知道,梁靜茹,075,063,
最新排行(簡譜)：最新單曲,幸福的路,劉若英,075,065,
流行豆芽譜,時間倒流,LYn,075,066,電視劇《擁抱太陽的月亮》
最新排行(簡譜)：最新單曲,保持微笑,S.H.E,075,067,
最新排行(簡譜)：最新單曲,黑白畫映,張學友,075,069,
最新排行(簡譜)：最新單曲,戀愛達人,羅志祥/小S,075,071,
流行豆芽譜,唯你一人,金秀賢,075,071,電視劇《擁抱太陽的月亮》
最新排行(簡譜)：最新單曲,讓我愛你,周渝民/徐熙媛,075,073,戰神Mars片尾曲
最新排行(簡譜)：最新單曲,下一個永遠,張信哲,075,075,
流行豆芽譜,笑到流淚,李佳薇,075,076,
最新排行(簡譜)：最新單曲,別說對不起,S.H.E,075,077,
最新排行(簡譜)：最新單曲,我也很想他,孫燕姿,075,079,電影「在世界的中心呼喊愛情」中文主題曲
流行豆芽譜,尋人啟事,徐佳瑩,075,080,電視劇《未來的選擇》主題曲
最新排行(簡譜)：最新單曲,我是幸福的,梁靜茹,075,081,Hitachi Htg-100 / 200手機廣告曲
最新排行(簡譜)：最新單曲,明天是晴天,JS,075,083,
最新排行(簡譜)：最新單曲,愛字怎麼寫,杜成義,075,085,
流行豆芽譜,還有一個,太妍,075,086,電視劇《那年冬天 風在吹》
最新排行(簡譜)：最新單曲,第一千個晝夜,游鴻明,075,087,韓劇「大長今」片頭曲
最新排行(簡譜)：最新單曲,守護天使的告白,No Name,075,089,
最新排行(簡譜)：最新單曲,愛情帶來的改變,No Name,075,091,
流行豆芽譜,你給我聽好,陳奕迅,075,091,
最新排行(簡譜)：最新單曲,跟著月亮慢慢走,Tension,075,093,
流行豆芽譜,我在你身旁,羅美玲,075,096,電視劇《女人30情定水舞間》片頭曲
流行豆芽譜,歲月這把刀,林凡,075,102,電視劇《女人30情定水舞間》片尾曲
流行豆芽譜,到不了的地方,蕭敬騰,075,108,電影《到不了的地方》主題曲
流行豆芽譜,哪裡都是你,周杰倫,075,115,
流行豆芽譜,不論在哪片天空下,朴基英,075,120,電視劇《屋塔房王世子》
最新排行(簡譜)：最新單曲,真心話,秀蘭瑪雅,074,001,
最新排行(簡譜)：最新單曲,心甘情願,黃妃,074,003,
最新排行(簡譜)：最新單曲,See You 阿囉哈,黃妃,074,005,
流行豆芽譜,Another Way,金秀賢,074,006,電視劇《擁抱太陽的月亮》OST
最新排行(簡譜)：最新單曲,無你的城市,李明洋/邱芸子,074,007,
最新排行(簡譜)：最新單曲,一生情一世愛,高向鵬/方瑞娥,074,009,
最新排行(簡譜)：最新單曲,你的名我的命,黃妃/江國賓,074,011,
流行豆芽譜,My Destiny,LYN,074,012,電視劇《來自星星的你》OST
最新排行(簡譜)：最新單曲,Alright,蜜雪薇琪,074,013,手機「Okwap267」廣告曲
最新排行(簡譜)：最新單曲,Revolution,F.I.R.,074,015,
流行豆芽譜,I Love You,Just,074,016,電視劇《來自星星的你》OST
最新排行(簡譜)：最新單曲,You Make Me Want To Fall In Love,飛兒樂團,074,017,
最新排行(簡譜)：最新單曲,中間,梁靜茹,074,019,電視劇「愛情合約」片頭曲
最新排行(簡譜)：最新單曲,失去,張震嶽,074,021,電視劇「愛情合約」插曲
流行豆芽譜,All For You,徐仁國/鄭恩地,074,021,電視劇《回答吧1997 LOVE STORY》OST
最新排行(簡譜)：最新單曲,接受,梁靜茹,074,023,韓劇「大長今」片頭曲
最新排行(簡譜)：最新單曲,終點,郭品超,074,025,
流行豆芽譜,再見,孝琳,074,026,電視劇《來自星星的你》OST
最新排行(簡譜)：最新單曲,脫掉,杜德偉,074,027,
最新排行(簡譜)：最新單曲,暖手,劉仲儀,074,029,公視戲劇「畫魂」插曲
最新排行(簡譜)：最新單曲,寧夏,梁靜茹,074,031,
流行豆芽譜,塵埃,家家,074,031,電視劇《步步驚情》片尾曲
最新排行(簡譜)：最新單曲,學著,蜜雪薇琪,074,033,
最新排行(簡譜)：最新單曲,擱淺,周杰倫,074,035,
流行豆芽譜,美麗,王大文,074,036,電視劇《回到愛以前》主題曲
最新排行(簡譜)：最新單曲,藉口,周杰倫,074,037,電視劇「四月之吻」片尾曲
最新排行(簡譜)：最新單曲,一公尺,言承旭,074,039,
最新排行(簡譜)：最新單曲,白月光,張信哲,074,041,韓劇「大長今」片尾曲
流行豆芽譜,克卜勒,孫燕姿,074,041,
最新排行(簡譜)：最新單曲,兩個人,郭品超,074,043,
最新排行(簡譜)：最新單曲,殺破狼,JS,074,045,電視劇「仙劍奇俠傳」主題曲
流行豆芽譜,不醉不會,田馥甄,074,046,電視劇《沒有名字的甜點店》主題曲
最新排行(簡譜)：最新單曲,園遊會,周杰倫,074,047,
最新排行(簡譜)：最新單曲,燕尾蝶,梁靜茹,074,049,
最新排行(簡譜)：最新單曲,止戰之殤,周杰倫,074,051,
流行豆芽譜,大雨欲來,亦帆,074,052,
最新排行(簡譜)：最新單曲,地心引力,言承旭,074,053,
最新排行(簡譜)：最新單曲,你好不好,張惠妹,074,055,
最新排行(簡譜)：最新單曲,你的理由,楊家成,074,057,
流行豆芽譜,你家門前,金秀賢,074,057,電視劇《來自星星的你》OST
最新排行(簡譜)：最新單曲,我不像我,郭品超,074,059,
最新排行(簡譜)：最新單曲,豆漿油條,林俊傑,074,061,
流行豆芽譜,用心愛你,朴正炫,074,061,電視劇《繼承者們》主題曲
最新排行(簡譜)：最新單曲,始作俑者,蔡依林,074,063,
最新排行(簡譜)：最新單曲,花的嫁紗,王心凌,074,065,電視劇「天國的嫁衣」片頭曲
流行豆芽譜,我沒資格,家家,074,066,電視劇《有愛一家人》片尾曲
最新排行(簡譜)：最新單曲,香草戀人,卓文萱,074,067,電視劇「香草戀人」片頭曲
最新排行(簡譜)：最新單曲,黃金比例,杜德偉,074,069,電視劇「四月之吻」片頭曲
最新排行(簡譜)：最新單曲,想要愛你,言承旭,074,071,
流行豆芽譜,明明愛你,林凡,074,071,電視劇《我的自由年代》片尾曲
最新排行(簡譜)：最新單曲,愛的天國,王心凌,074,073,電視劇「天國的嫁衣」片尾曲
最新排行(簡譜)：最新單曲,愛是唯一,張惠妹,074,075,
流行豆芽譜,練習愛情,王大文/陳芳語(Kimberley),074,076,
最新排行(簡譜)：最新單曲,遇見未來,JS,074,077,韓劇「大長今」片尾曲
最新排行(簡譜)：最新單曲,藍色眼睛,Zayin,074,079,
最新排行(簡譜)：最新單曲,如果不能愛,蜜雪薇琪,074,081,
最新排行(簡譜)：最新單曲,突然的自我,伍佰,074,083,電影「散打」主題曲
最新排行(簡譜)：最新單曲,做個好情人,言承旭,074,085,
最新排行(簡譜)：最新單曲,想我的理由,張信哲,074,087,
流行豆芽譜,分手說愛你,陳芳語(Kimberley),074,087,電視劇《主君的太陽》《歐若拉公主》片尾曲
最新排行(簡譜)：最新單曲,愛的鋼琴手,伍思凱,074,089,
最新排行(簡譜)：最新單曲,你怎麼捨得我難過,黃品源,074,091,
流行豆芽譜,天使的指紋,孫燕姿,074,091,
最新排行(簡譜)：最新單曲,我也會愛上別人的,辛曉琪,074,093,
流行豆芽譜,像星星一樣,K.Will,074,095,電視劇《來自星星的你》OST
流行豆芽譜,妳的所有瞬間,成詩京,074,100,電視劇《來自星星的你》OST
流行豆芽譜,轉角那個女孩,李唯楓,074,105,電視劇《幸福選擇題》插曲
流行豆芽譜,愛著愛著就永遠,田馥甄,074,110,
流行豆芽譜,像今天一樣的眼淚,許閣,074,116,電視劇《來自星星的你》OST
流行豆芽譜,像天堂的懸崖,李佳薇,074,120,電視劇《主君的太陽》片頭曲
最新排行(簡譜)：最新單曲,是真的,詹雅雯,073,001,
最新排行(簡譜)：最新單曲,笑情歌,王中平,073,003,
最新排行(簡譜)：最新單曲,紙雲煙,袁小迪,073,005,
最新排行(簡譜)：最新單曲,醉英雄,蔡秋鳳,073,007,
最新排行(簡譜)：最新單曲,青春開始美,江宏恩/向蕙玲,073,009,
流行豆芽譜,皮膚,陳勢安,073,009,電視劇《幸福街 第3號出口》插曲
最新排行(簡譜)：最新單曲,星星知我心,方文琳,073,011,民視「慾望人生」片尾曲
最新排行(簡譜)：最新單曲,愛恨攏是你,黃乙玲,073,013,
流行豆芽譜,步步,五月天,073,014,電視劇《步步驚情》主題曲
最新排行(簡譜)：最新單曲,癡情台西港,唐飛,073,015,
最新排行(簡譜)：最新單曲,癡情有憨膽,向蕙玲,073,017,
最新排行(簡譜)：最新單曲,愛愈深傷愈重,袁小迪,073,019,
流行豆芽譜,渺小,田馥甄,073,020,
最新排行(簡譜)：最新單曲,我愛的人不是愛我的人,向蕙玲,073,021,
最新排行(簡譜)：最新單曲,I Miss You So,廖珮伶,073,023,
最新排行(簡譜)：最新單曲,也許,廖珮伶,073,025,
流行豆芽譜,想逃,羅志祥,073,026,
最新排行(簡譜)：最新單曲,大海,張雨生,073,027,
最新排行(簡譜)：最新單曲,不忍,迪克牛仔,073,029,
最新排行(簡譜)：最新單曲,瓦解,南拳媽媽,073,031,
流行豆芽譜,早熟,王詩安,073,031,
最新排行(簡譜)：最新單曲,光芒,飛兒樂團,073,033,
最新排行(簡譜)：最新單曲,江南,林俊傑,073,035,
流行豆芽譜,不哭了,By2,073,036,
最新排行(簡譜)：最新單曲,幸福,許慧欣,073,037,
最新排行(簡譜)：最新單曲,背影,K ONE,073,039,電視劇「紫禁之巔」片尾曲
最新排行(簡譜)：最新單曲,害怕,林俊傑,073,041,
流行豆芽譜,捨不得,李唯楓,073,041,電視劇《幸福選擇題》插曲
最新排行(簡譜)：最新單曲,討好,K ONE,073,043,
最新排行(簡譜)：最新單曲,距離,林俊傑,073,045,
流行豆芽譜,身不由己,丁噹,073,046,電視劇《步步驚情》主題曲
最新排行(簡譜)：最新單曲,誤會,范逸臣/Melody,073,047,電視劇「紫藤戀」片頭曲
最新排行(簡譜)：最新單曲,靠近,元衛覺醒,073,049,
最新排行(簡譜)：最新單曲,獨立,蜜雪薇琪,073,051,
流行豆芽譜,非你不可,陳勢安,073,052,電視劇《幸福街 第3號出口》片頭曲
最新排行(簡譜)：最新單曲,遲早,廖珮伶,073,053,
最新排行(簡譜)：最新單曲,默契,吳宗憲/謝金燕,073,055,
最新排行(簡譜)：最新單曲,七里香,周杰倫,073,057,
流行豆芽譜,無聲抗議,黃美珍,073,058,
最新排行(簡譜)：最新單曲,小時候,南拳媽媽,073,059,
最新排行(簡譜)：最新單曲,只屬於我,江佑鎮,073,061,韓劇「天國的階梯」片尾曲
最新排行(簡譜)：最新單曲,末日之戀,張智成,073,063,韓劇「大長今」主題曲
流行豆芽譜,愛的海洋,曲婉婷,073,064,
最新排行(簡譜)：最新單曲,想你的夜,信樂團,073,065,
最新排行(簡譜)：最新單曲,愛斯基摩,蜜雪薇琪,073,067,
流行豆芽譜,就這樣嗎,By2,073,068,電視劇《我租了一個情人》插曲
最新排行(簡譜)：最新單曲,愛過以後,許慧欣,073,069,
最新排行(簡譜)：最新單曲,一直到最後,Energy,073,071,電視劇「米伽勒之舞」片尾曲
最新排行(簡譜)：最新單曲,孤單北半球,林依晨,073,073,電視劇「愛情合約」片尾曲
流行豆芽譜,踏破鐵鞋,亦帆,073,073,電視劇《笑傲江湖》片尾曲
最新排行(簡譜)：最新單曲,剛好的不夠,Melody,073,075,電視劇「紫藤戀」片尾曲
最新排行(簡譜)：最新單曲,真夏的櫻花,張善為,073,077,
流行豆芽譜,天台的月光,周杰倫,073,078,電影《天台的月光》主題曲
最新排行(簡譜)：最新單曲,匿名的寶貝,黃義達,073,079,韓劇「天國的階梯」主題曲
最新排行(簡譜)：最新單曲,單純的臉孔,張簡,073,081,電視劇「我的祕密花園II」片尾曲
流行豆芽譜,未完的承諾,羅志祥,073,081,
最新排行(簡譜)：最新單曲,如果沒有感覺,謝霆鋒,073,083,
最新排行(簡譜)：最新單曲,快來快來約我,閃亮三姊妹,073,085,
流行豆芽譜,惦在你身邊,黃乙玲,073,086,電視劇《天下女人心》片尾曲
最新排行(簡譜)：最新單曲,祝我生日快樂,溫嵐,073,087,衛視中文台「百萬新娘」片頭曲
最新排行(簡譜)：最新單曲,喜歡你喜歡我,黃義達,073,089,
最新排行(簡譜)：最新單曲,愛你的兩個我,溫嵐,073,091,
流行豆芽譜,悄悄告訴你,范瑋琪,073,092,電影《被偷走的那五年》主題曲
最新排行(簡譜)：最新單曲,你是我的一滴淚,蘇有朋,073,093,
流行豆芽譜,眼淚的名字,謝安琪,073,095,電視劇《我愛你愛你愛我》插曲
流行豆芽譜,愛上你不奇怪,唐從聖/林采欣,073,100,
流行豆芽譜,三八阿花吹喇叭,糯米糰,073,106,電影《總舖師》主題曲
流行豆芽譜,聽見下雨的聲音,魏如昀,073,111,電影《聽見下雨的聲音》主題曲
流行豆芽譜,你就不要想起我,田馥甄,073,116,
流行豆芽譜,分手後不要做朋友,梁文音,073,121,電視劇《回到愛以前》片尾曲
最新排行(簡譜)：最新單曲,毀類,張宇,072,001,
最新排行(簡譜)：最新單曲,世間人,方瑞娥/高向鵬,072,003,
流行豆芽譜,Me & U,鄧福如,072,004,
最新排行(簡譜)：最新單曲,紅紅的酒,龍千玉/蔡小虎,072,005,
最新排行(簡譜)：最新單曲,查某人的心,龍千玉/高向鵬,072,007,
最新排行(簡譜)：最新單曲,情孤單愛認命,詹雅雯,072,009,
流行豆芽譜,命運,家家,072,009,電視劇《蘭陵王》插曲
最新排行(簡譜)：最新單曲,為情為愛賭性命,辦桌二人組,072,011,
最新排行(簡譜)：最新單曲,一個人愛過一個人,孫淑媚,072,013,
流行豆芽譜,姐姐,謝金燕,072,014,線上遊戲《唯舞獨尊3》主題曲
最新排行(簡譜)：最新單曲,失戀的人唱失戀的歌,辦桌二人組,072,015,
最新排行(簡譜)：最新單曲,Fly Away,飛兒樂團,072,017,
最新排行(簡譜)：最新單曲,For You,5566,072,019,
流行豆芽譜,嚮往,李健,072,019,電視劇《閃閃發亮》片尾曲
最新排行(簡譜)：最新單曲,Over The Rainbow,張韶涵,072,021,
最新排行(簡譜)：最新單曲,想你,金范秀,072,023,韓劇「天國的階梯」主題曲
流行豆芽譜,潔癖,嚴爵/五月天,072,024,綠箭口香糖【DOUBLEMINT】廣告曲
最新排行(簡譜)：最新單曲,月光,王心凌,072,025,
最新排行(簡譜)：最新單曲,羽毛,王心凌,072,027,
最新排行(簡譜)：最新單曲,活該,信樂團,072,029,偶像劇「死了都要愛-信樂團故事」片尾曲
流行豆芽譜,一級棒,謝金燕,072,029,
最新排行(簡譜)：最新單曲,倒帶,蔡依林,072,031,偶像劇「求婚事務所」片尾曲
最新排行(簡譜)：最新單曲,彩虹,動力火車,072,033,電視劇「名揚四海」主題曲
最新排行(簡譜)：最新單曲,尋找,范瑋琪,072,035,
流行豆芽譜,入陣曲,五月天,072,035,電視劇《蘭陵王》片頭曲
最新排行(簡譜)：最新單曲,愛你,王心凌,072,037,
最新排行(簡譜)：最新單曲,獨照,容祖兒,072,039,
最新排行(簡譜)：最新單曲,藍天,黃義達,072,041,韓劇「天國的階梯」主題曲
流行豆芽譜,手掌心,丁噹,072,042,電視劇《蘭陵王》片尾曲
最新排行(簡譜)：最新單曲,找不到,S.H.E,072,043,
最新排行(簡譜)：最新單曲,明天見,王心凌,072,045,
最新排行(簡譜)：最新單曲,時光機,五月天,072,047,
流行豆芽譜,你好嗎,王詩安,072,048,
最新排行(簡譜)：最新單曲,莎郎嘿,迪克牛仔,072,049,
最新排行(簡譜)：最新單曲,糖罐子,王心凌,072,051,
最新排行(簡譜)：最新單曲,聽不到,五月天,072,053,
流行豆芽譜,能不能,李玟,072,053,電視劇《親愛的我愛上別人了》片頭曲
最新排行(簡譜)：最新單曲,千年之戀,信樂團/戴愛玲,072,055,
最新排行(簡譜)：最新單曲,你的微笑,飛兒樂團,072,057,
流行豆芽譜,好的情人,嚴爵,072,058,
最新排行(簡譜)：最新單曲,我們的愛,飛兒樂團,072,059,
最新排行(簡譜)：最新單曲,辛德瑞拉,戴佩妮,072,061,
最新排行(簡譜)：最新單曲,相對無言,蕭亞軒,072,063,
流行豆芽譜,我不懂愛,丁衣凡,072,064,電視劇《美味的想念》插曲
最新排行(簡譜)：最新單曲,香草把噗,南拳媽媽,072,065,
最新排行(簡譜)：最新單曲,海闊天空,信樂團,072,067,偶像劇「死了都要愛-信樂團故事」片頭曲
最新排行(簡譜)：最新單曲,離不開你,陳小春,072,069,電視劇「一米陽光」片尾曲
流行豆芽譜,一念之間,陶吉吉,072,069,
最新排行(簡譜)：最新單曲,再度重相逢,伍佰,072,071,
最新排行(簡譜)：最新單曲,妳是我老婆,任賢齊,072,073,
流行豆芽譜,我好想你,蘇打綠,072,074,電影《小時代》主題曲
最新排行(簡譜)：最新單曲,明明很愛你,品冠/梁靜茹,072,075,
最新排行(簡譜)：最新單曲,都只因為你,張韶涵,072,077,
最新排行(簡譜)：最新單曲,最初的夢想,范瑋琪,072,079,
流行豆芽譜,幸福無關,畢書盡(Bii),072,080,電視劇《真愛黑白配》片尾曲
最新排行(簡譜)：最新單曲,被遺忘的時光,蔡琴,072,081,電影「無間道3終極無間」插曲
最新排行(簡譜)：最新單曲,愛情三十六計,蔡依林,072,083,
流行豆芽譜,怕想起妳,劉子千,072,084,電視劇《看見你的愛》片尾曲
最新排行(簡譜)：最新單曲,天亮以後說分手,信樂團,072,085,
最新排行(簡譜)：最新單曲,揮著翅膀的女孩,容祖兒,072,087,
最新排行(簡譜)：最新單曲,顯微鏡下的愛情,黃義達,072,089,
流行豆芽譜,勇敢很好,楊丞琳,072,090,電視劇《需要浪漫2》片尾曲
最新排行(簡譜)：最新單曲,第一百零一個答案,江美琪,072,091,
最新排行(簡譜)：最新單曲,我想你的快樂是因為我,洛客班,072,093,
流行豆芽譜,突然心動,陳曉東,072,095,電視劇《蘭陵王》插曲
流行豆芽譜,你眼中的我,郭靜,072,100,電視劇《幸福選擇題》片尾曲
流行豆芽譜,愛情怎麼喊停,曾沛慈,072,105,電視劇 台版《原來是美男》插曲
流行豆芽譜,從未到過的地方,王心凌,072,110,電視劇《幸福選擇題》片頭曲
最新排行(簡譜)：最新單曲,台北今夜冷吱吱,洪榮宏/張瀞云,160,024,
最新排行(簡譜)：最新單曲,怎樣的愛才算擁有,李翊君,160,026,
最新排行(簡譜)：最新單曲,任性,五月天,160,028,電視劇《難哄》片頭曲
最新排行(簡譜)：最新單曲,鮮花,回春丹,160,030,
最新排行(簡譜)：最新單曲,又十年,張學友,160,034,
最新排行(簡譜)：最新單曲,跳樓機,LBI利比,160,036,
最新排行(簡譜)：最新單曲,刀劍如夢,周華健,160,038,電視劇《倚天屠龍記》片尾曲
最新排行(簡譜)：最新單曲,天地龍鱗,王力宏,160,040,
最新排行(簡譜)：最新單曲,可以不是你,戴羽彤,160,042,
最新排行(簡譜)：最新單曲,短暫的愛過我,陳華,160,044,
最新排行(簡譜)：最新單曲,我還年輕我還年輕,老王樂隊,160,046,
最新排行(簡譜)：最新單曲,我想你,李明洋,160,050,電視劇《天道》片頭曲
最新排行(簡譜)：最新單曲,知否知否,胡夏/郁可唯,160,052,電視劇《知否知否應是綠肥紅瘦》主題曲
最新排行(簡譜)：最新單曲,愚人節快樂,盧廣仲,160,054,
最新排行(簡譜)：最新單曲,我來人間一趟,關劍,160,056,
最新排行(簡譜)：最新單曲,像晴天像雨天,汪蘇瀧,160,058,電視劇《難哄》插曲
最新排行(簡譜)：最新單曲,我把我留在那了,陳華,160,060,
最新排行(簡譜)：最新單曲,致姍姍來遲的你,阿肆/林宥嘉,160,062,
最新排行(簡譜)：最新單曲,愛要怎麼說出口,趙傳,160,064,
最新排行(簡譜)：最新單曲,如果那通電話有接通,Dior大穎,160,066,
最新排行(簡譜)：最新單曲,祝福,辦桌二人組,160,068,
最新排行(簡譜)：最新單曲,唯一,告五人,160,070,電視劇《戀愛是科學》插曲
最新排行(簡譜)：最新單曲,我想要,蓋君炎,160,072,
最新排行(簡譜)：最新單曲,星星點燈,鄭智化,160,074,
最新排行(簡譜)：最新單曲,原來的我,齊秦,160,076,
最新排行(簡譜)：最新單曲,電台情歌,莫文蔚,160,078,
最新排行(簡譜)：最新單曲,世界贈予我的,王菲,160,080,
最新排行(簡譜)：最新單曲,看著我的眼睛說,張遠,160,082,
最新排行(簡譜)：最新單曲,有一種遺憾叫我們,于冬然,160,084,
最新排行(簡譜)：最新單曲,想悄悄住進你的靈魂,蕭秉治,160,086,電視劇《難哄》守護曲
最新排行(簡譜)：最新單曲,向雲端,小霞/海洋Bo,159,002,
最新排行(簡譜)：最新單曲,願某人,王澤科,159,005,
最新排行(簡譜)：最新單曲,我這一生,馬健濤,159,007,
最新排行(簡譜)：最新單曲,南方姑娘,趙雷,159,009,
最新排行(簡譜)：最新單曲,運轉人生,邱軍,159,011,影集《華麗計程車行 》插曲
最新排行(簡譜)：最新單曲,若月亮沒來,王宇宙Leto/喬浚丞,159,013,
最新排行(簡譜)：最新單曲,善良的我們,蔡健雅,159,015,影集《不夠善良的我們》片尾曲
最新排行(簡譜)：最新單曲,當我娶過她,莫叫姊姊,159,017,
最新排行(簡譜)：最新單曲,離開的一路上,理想混蛋,159,019,
最新排行(簡譜)：最新單曲,在加納共和國離婚,菲道爾/大穎,159,021,
最新排行(簡譜)：最新單曲,等千年,秀蓮,159,023,
最新排行(簡譜)：最新單曲,天下,張杰,159,025,
最新排行(簡譜)：最新單曲,可能,程響,159,027,
最新排行(簡譜)：最新單曲,棉照被,許富凱,159,029,
最新排行(簡譜)：最新單曲,愛的Message,黃春美,159,031,
最新排行(簡譜)：最新單曲,愛ㄚ愛ㄚ,BY2,159,033,
最新排行(簡譜)：最新單曲,暮色回響,吉星出租,159,035,
最新排行(簡譜)：最新單曲,總會有人,向思思,159,037,
最新排行(簡譜)：最新單曲,幸福情袂圓,黃春美,159,039,
最新排行(簡譜)：最新單曲,我終於失去了你,趙傳,159,041,
最新排行(簡譜)：最新單曲,貪心,張震嶽,150,061,
最新排行(簡譜)：最新單曲,樹搬家,陳昇,150,063,
最新排行(簡譜)：最新單曲,節日快樂,楊承琳,150,065,
最新排行(簡譜)：最新單曲,等待雨散,旺福,150,067,
最新排行(簡譜)：最新單曲,心動拍拍,陳芳語,150,069,
最新排行(簡譜)：最新單曲,失眠飛行,接個吻/開一槍/沈以誠/薛明媛,150,071,
最新排行(簡譜)：最新單曲,為了遇見你,薛之謙,150,073,
最新排行(簡譜)：最新單曲,迷路在雲端,蕭煌奇/A-lin,150,075,
最新排行(簡譜)：最新單曲,深海的星星,汪蘇瀧,150,077,電視劇 沒有秘密的你 片尾曲
最新排行(簡譜)：最新單曲,最勇敢的事,龔言脩,150,079,電影《陪你很久很久》宣傳曲
最新排行(簡譜)：最新單曲,殘缺的彩虹,陳綺貞,150,081,
最新排行(簡譜)：最新單曲,新寫的舊歌,李宗盛,150,083,
最新排行(簡譜)：最新單曲,一晃就老了,秋褲大叔,150,087,
最新排行(簡譜)：最新單曲,外面的世界,莫文蔚,150,089,
最新排行(簡譜)：最新單曲,永遠甲你牽,陳謙文,150,091,電視劇《天之蕉子》插曲
最新排行(簡譜)：最新單曲,剛剛好的眼淚,魏嘉瑩,150,093,
最新排行(簡譜)：最新單曲,將故事寫成我們,林俊傑,150,096,
最新排行(簡譜)：最新單曲,讓我逃離平庸的生活,白安,150,099,
最新排行(簡譜)：最新單曲,大魚,周深,149,002,動畫電影《大魚海棠》印象曲
最新排行(簡譜)：最新單曲,木偶人,薛之謙,149,004,
最新排行(簡譜)：最新單曲,怎麼辦,黃明志,149,006,
最新排行(簡譜)：最新單曲,情未央,崔子格,149,008,電視劇《秦時麗人明月心》插曲
最新排行(簡譜)：最新單曲,透秋風,陳百潭/麗蓉,149,010,
最新排行(簡譜)：最新單曲,可不可以,張紫豪,149,012,
最新排行(簡譜)：最新單曲,往後餘生,王貳浪,149,014,
最新排行(簡譜)：最新單曲,化妝,曾瑋中,149,016,
最新排行(簡譜)：最新單曲,或對或錯,賀一航,149,018,
最新排行(簡譜)：最新單曲,浪花人生,陳百潭,149,020,
最新排行(簡譜)：最新單曲,都幾歲了,Ella陳嘉樺,149,022,電視劇《幸福一家人》片尾曲
最新排行(簡譜)：最新單曲,說好不哭,周杰倫,149,024,
最新排行(簡譜)：最新單曲,心跳的證明,劉人語,149,026,電影《一吻定情》心動版主題曲
最新排行(簡譜)：最新單曲,請先說你好,賀一航,149,028,
最新排行(簡譜)：最新單曲,真愛來敲門,蔡仁皓,149,030,電影「心動奇蹟」中文數位電影宣傳主題曲
最新排行(簡譜)：最新單曲,我曾,隔壁老樊,149,032,
最新排行(簡譜)：最新單曲,沒有在一起,程小小,149,034,
最新排行(簡譜)：最新單曲,說一句我不走了,阿涵,149,036,
最新排行(簡譜)：最新單曲,抽根煙,賀一航,149,038,
最新排行(簡譜)：最新單曲,側臉,于果,149,040,
最新排行(簡譜)：最新單曲,你是真的離開我,謝和弦,149,042,
最新排行(簡譜)：最新單曲,我是真的愛過你,劉增瞳,149,044,
最新排行(簡譜)：最新單曲,備愛,阿涵,149,046,
最新排行(簡譜)：最新單曲,圓仔花,賴慧如,149,048,
最新排行(簡譜)：最新單曲,像魚,王貳浪,149,050,
最新排行(簡譜)：最新單曲,轉身以後,小男孩樂團,149,052,
最新排行(簡譜)：最新單曲,大風吹,曾沛慈,149,054,
最新排行(簡譜)：最新單曲,天長地久,沈建豪/詹曼鈴,149,056,
最新排行(簡譜)：最新單曲,太空,吳青峰,149,058,
最新排行(簡譜)：最新單曲,半壺紗,劉珂矣,149,060,電視劇《小女花不棄》插曲
最新排行(簡譜)：最新單曲,不晚,田馥甄,149,062,電影深夜食堂主題曲
最新排行(簡譜)：最新單曲,天亮請睜眼,陳零九,149,064,
流行豆芽譜,傷心的人別聽慢歌,五月天,072,114,
流行豆芽譜,想你的距離,戴愛玲,072,120,
最新排行(簡譜)：最新單曲,老父,詹雅雯,071,001,
最新排行(簡譜)：最新單曲,阿郎,龍千玉/袁小迪,071,003,
最新排行(簡譜)：最新單曲,紅酒,詹雅雯/沈文程,071,005,
最新排行(簡譜)：最新單曲,問花,龍千玉,071,007,
流行豆芽譜,何苦,溫昇豪,071,008,電視劇《金大花的華麗冒險》插曲
最新排行(簡譜)：最新單曲,感恩,秦楊,071,009,
最新排行(簡譜)：最新單曲,不愛英雄,秦楊/女生,071,011,
最新排行(簡譜)：最新單曲,破鏡重圓,龍千玉/翁立友,071,013,
流行豆芽譜,等等,Olivia Ong,071,014,
最新排行(簡譜)：最新單曲,想厝的人,詹雅雯,071,015,
最新排行(簡譜)：最新單曲,離水的魚,秦楊,071,017,
最新排行(簡譜)：最新單曲,Dream,徐若瑄,071,019,
流行豆芽譜,不變,Olivia Ong,071,020,電視劇《金大花的華麗冒險》插曲
最新排行(簡譜)：最新單曲,Love Love Love,蔡依林,071,021,
最新排行(簡譜)：最新單曲,Lydia,F.I.R.,071,023,電視劇(鬥魚)片尾曲
最新排行(簡譜)：最新單曲,Missing You,Energy,071,025,
流行豆芽譜,還我,S.H.E,071,025,
最新排行(簡譜)：最新單曲,Only Lonely,S.H.E,071,027,
最新排行(簡譜)：最新單曲,Shall We Talk,陳奕迅,071,029,
流行豆芽譜,忘了我,楊宗緯,071,030,
最新排行(簡譜)：最新單曲,守候,5566,071,031,
最新排行(簡譜)：最新單曲,寺廟,張峰奇,071,033,
最新排行(簡譜)：最新單曲,雨後,張韶涵,071,035,
流行豆芽譜,有點甜,汪蘇瀧/By2,071,035,電視劇《借用一下你的愛》插曲
最新排行(簡譜)：最新單曲,放棄,郭品超,071,037,
最新排行(簡譜)：最新單曲,海盜,蔡依林,071,039,
流行豆芽譜,紀念日,炎亞綸,071,040,電視劇《金大花的華麗冒險》插曲
最新排行(簡譜)：最新單曲,退讓,阿杜,071,041,
最新排行(簡譜)：最新單曲,寓言,張韶涵,071,043,
最新排行(簡譜)：最新單曲,對手,Toro/顏行書,071,045,
流行豆芽譜,執子之手,品冠,071,046,
最新排行(簡譜)：最新單曲,燃燒,孫楠,071,047,
最新排行(簡譜)：最新單曲,繼續,Energy,071,049,
最新排行(簡譜)：最新單曲,不公平,Jenny Yang,071,051,電視原聲帶「鬥魚」片頭主題曲
流行豆芽譜,幸福就是,劉若英,071,051,
最新排行(簡譜)：最新單曲,月半彎,雅立,071,053,
最新排行(簡譜)：最新單曲,失去你,蕭亞軒,071,055,
流行豆芽譜,放心不下,黃小琥,071,055,
最新排行(簡譜)：最新單曲,代表作,孫楠,071,057,
最新排行(簡譜)：最新單曲,地下鐵,蕭亞軒,071,059,
流行豆芽譜,不應該勇敢,蘇盈之,071,059,電視劇《美味的想念》片尾曲
最新排行(簡譜)：最新單曲,忘了愛,Toro,071,061,
最新排行(簡譜)：最新單曲,走向前,阿杜,071,063,
流行豆芽譜,溫柔累了,A-Lin,071,064,
最新排行(簡譜)：最新單曲,防空洞,戴佩妮,071,065,
最新排行(簡譜)：最新單曲,我的錯,B.A.D,071,067,
最新排行(簡譜)：最新單曲,波斯貓,S.H.E,071,069,
流行豆芽譜,遠走高飛,江蕙,071,070,
最新排行(簡譜)：最新單曲,紅蜻蜓,可米小子,071,071,
最新排行(簡譜)：最新單曲,就是愛,蔡依林,071,073,
最新排行(簡譜)：最新單曲,暴風雨,Toro,071,075,
流行豆芽譜,親愛的路人,劉若英,071,075,
最新排行(簡譜)：最新單曲,而我知道,五月天,071,077,
最新排行(簡譜)：最新單曲,我的最愛,張韶涵,071,079,
流行豆芽譜,心裡的孩子,梁文音,071,080,
最新排行(簡譜)：最新單曲,冷風過境,5566,071,081,
最新排行(簡譜)：最新單曲,愛的可能,葉蒨文,071,083,
流行豆芽譜,回憶的閣樓,郭靜,071,084,電視劇《鋼琴下的祕密》片尾曲
最新排行(簡譜)：最新單曲,他還是不懂,S.H.E,071,085,
最新排行(簡譜)：最新單曲,幸福的保證,周渝民,071,087,
最新排行(簡譜)：最新單曲,守候永恆的愛,大久保薰/王思涵,071,089,
流行豆芽譜,過我的生活,蕭煌奇,071,090,
最新排行(簡譜)：最新單曲,檸檬草的味道,蔡依林,071,091,
最新排行(簡譜)：最新單曲,你是我心中一句驚嘆,蕭亞軒,071,093,
流行豆芽譜,其實都沒有,楊宗緯,071,096,
流行豆芽譜,數不盡的星空,曾沛慈,071,101,偶像劇《終極一班2》插曲
流行豆芽譜,幸福不是情歌,劉若英,071,105,
流行豆芽譜,零度的親吻,林俊傑,071,110,
流行豆芽譜,我會在你身邊,朱俐靜/畢書盡(Bii),071,115,電視劇《帝王》片頭曲/《愛情奇蹟》片尾曲
流行豆芽譜,擁抱你的微笑,郭靜,071,120,電視劇《原來愛．就是甜蜜》片頭曲
最新排行(簡譜)：最新單曲,朋友,高向鵬/傅振輝,070,001,
最新排行(簡譜)：最新單曲,換帖,高向鵬/傅振輝,070,003,
最新排行(簡譜)：最新單曲,愛情,吳淑敏,070,005,
最新排行(簡譜)：最新單曲,親情,洪百慧,070,007,
最新排行(簡譜)：最新單曲,避雨,詹雅雯,070,009,
流行豆芽譜,Marry me,蕭敬騰,070,009,
最新排行(簡譜)：最新單曲,月光暝,吳淑敏,070,011,
最新排行(簡譜)：最新單曲,我愛你,江蕙,070,013,
流行豆芽譜,太陽,孫淑媚,070,014,電視劇《天下女人心》片頭曲
最新排行(簡譜)：最新單曲,無暝無日,江蕙,070,015,
最新排行(簡譜)：最新單曲,傷心小巷,陳雷,070,017,
流行豆芽譜,傻笑,周杰倫/袁詠琳,070,018,
最新排行(簡譜)：最新單曲,感情列車,吳淑敏,070,019,
最新排行(簡譜)：最新單曲,女人的故事,江蕙,070,021,
最新排行(簡譜)：最新單曲,無情的夜快車,王識賢,070,023,
流行豆芽譜,填空,家家,070,024,
最新排行(簡譜)：最新單曲,為情為愛夢一生,吳淑敏,070,025,
最新排行(簡譜)：最新單曲,兵變,康晉榮,070,027,
最新排行(簡譜)：最新單曲,哈囉,阿杜,070,029,
流行豆芽譜,都給你,宥勝,070,029,電視劇《我租了一個情人》片頭曲
最新排行(簡譜)：最新單曲,旋木,王菲,070,031,
最新排行(簡譜)：最新單曲,晚風,伍佰,070,033,
最新排行(簡譜)：最新單曲,淚橋,伍佰,070,035,
流行豆芽譜,謝了愛,趙傳,070,035,
最新排行(簡譜)：最新單曲,不想睡,梁靜茹,070,037,夏川里美「島歌」
最新排行(簡譜)：最新單曲,忘了愛,范逸臣,070,039,
流行豆芽譜,一念執著,胡歌/阿蘭,070,040,電視劇《步步驚心》主題曲
最新排行(簡譜)：最新單曲,我不想,阿桑,070,041,
最新排行(簡譜)：最新單曲,抓兇手,馮瑋君/馬志翔,070,043,
最新排行(簡譜)：最新單曲,很想妳,張智成,070,045,
流行豆芽譜,不說再見,S.H.E,070,046,
最新排行(簡譜)：最新單曲,原來愛,白吉勝,070,047,(電視劇「戀香」片頭曲)
最新排行(簡譜)：最新單曲,換日線,張智成,070,049,
最新排行(簡譜)：最新單曲,聖誕結,陳奕迅,070,051,
流行豆芽譜,因你而在,林俊傑,070,052,
最新排行(簡譜)：最新單曲,關東煮,丸子,070,053,
最新排行(簡譜)：最新單曲,女人不壞,徐婕兒,070,055,
最新排行(簡譜)：最新單曲,分開旅行,劉若英/黃立行,070,057,
流行豆芽譜,好好先生,蕭煌奇,070,057,
最新排行(簡譜)：最新單曲,半罐可樂,陳嘉唯,070,059,
最新排行(簡譜)：最新單曲,你記得嗎,胡彥斌,070,061,
流行豆芽譜,幸福就好,蘇盈之,070,062,電視劇《我租了一個情人》插曲
最新排行(簡譜)：最新單曲,最後我們,林嘉欣,070,063,
最新排行(簡譜)：最新單曲,溫暖的淚,鄭秀文,070,065,
流行豆芽譜,修煉愛情,林俊傑,070,066,
最新排行(簡譜)：最新單曲,親密愛人,梅艷芳,070,067,
最新排行(簡譜)：最新單曲,我可以忍受,徐婕兒,070,069,
最新排行(簡譜)：最新單曲,幸福的地圖,蕭亞軒,070,071,
流行豆芽譜,黑暗騎士,林俊傑/五月天,070,072,
最新排行(簡譜)：最新單曲,青春紀念冊,可米小子,070,073,
最新排行(簡譜)：最新單曲,開始的那句話,劉若英,070,075,
最新排行(簡譜)：最新單曲,我等的人會是誰,陳嘉唯,070,077,
最新排行(簡譜)：最新單曲,原來你也在這裡,劉若英,070,079,
流行豆芽譜,好朋友的祝福,A-Lin,070,080,
最新排行(簡譜)：最新單曲,寂寞讓你更快樂,陳奕迅,070,081,
最新排行(簡譜)：最新單曲,等到天晴離開妳,范逸臣,070,083,
最新排行(簡譜)：最新單曲,下雨的時候會想你,阿杜,070,085,
流行豆芽譜,愛你沒差,周杰倫,070,085,
最新排行(簡譜)：最新單曲,如果愛你只有這一次,阿桑,070,087,
流行豆芽譜,忘了我也不錯,王心凌,070,090,
流行豆芽譜,存在的力量,朱俐靜,070,095,電視劇《我的野蠻情人》片頭曲
流行豆芽譜,一千萬次的淚水,朱俐靜,070,100,電視劇《我的野蠻情人》片尾曲
流行豆芽譜,幸福了然後呢,A-Lin,070,105,電視劇《小媳婦女王》片頭曲
流行豆芽譜,我只想在乎我在乎的,白安,070,110,
流行豆芽譜,一個人想著一個人,曾沛慈,070,115,電視劇《終極一班2》片尾曲
流行豆芽譜,是什麼讓我遇見這樣的你,白安,070,120,電視劇《妒海》《愛情要不藥》片尾曲
最新排行(簡譜)：最新單曲,咖啡,江蕙,069,001,
最新排行(簡譜)：最新單曲,圍巾,江蕙,069,003,
最新排行(簡譜)：最新單曲,心狠手辣,江蕙,069,005,
最新排行(簡譜)：最新單曲,風吹的願望,江蕙/江淑娜,069,007,
流行豆芽譜,斷,太妃堂,069,008,電視劇《後宮甄嬛傳》片頭曲/《太陽的新娘》《三國》片尾曲
最新排行(簡譜)：最新單曲,Fly Away,梁靜茹,069,009,
最新排行(簡譜)：最新單曲,More Than Words,Energy,069,011,
流行豆芽譜,手紙,吳申梅,069,012,電視劇《阿爸的願望》片頭曲
最新排行(簡譜)：最新單曲,Run away,陶吉吉,069,013,
最新排行(簡譜)：最新單曲,天亮,信樂團,069,015,
最新排行(簡譜)：最新單曲,身邊,許紹洋,069,017,
流行豆芽譜,明明就,周杰倫,069,018,
最新排行(簡譜)：最新單曲,軌跡,周杰倫,069,019,電影「尋找周杰倫」主題曲
最新排行(簡譜)：最新單曲,握緊,何耀珊,069,021,
流行豆芽譜,洗衣機,五月天,069,022,
最新排行(簡譜)：最新單曲,想你,Saya,069,023,
最新排行(簡譜)：最新單曲,失心瘋,張善為,069,025,
最新排行(簡譜)：最新單曲,你不在,王力宏,069,027,
流行豆芽譜,馬賽克,蔡依林,069,028,
最新排行(簡譜)：最新單曲,你和我,王力宏,069,029,
最新排行(簡譜)：最新單曲,陌生人,蔡健雅,069,031,
最新排行(簡譜)：最新單曲,聽不到,梁靜茹,069,033,
流行豆芽譜,淚崩了,吳亦帆,069,034,電視劇《後宮甄嬛傳》片尾曲
最新排行(簡譜)：最新單曲,北歐神話,S.H.E,069,035,
最新排行(簡譜)：最新單曲,你不公平,江美琪,069,037,
最新排行(簡譜)：最新單曲,我在身邊,周傳雄,069,039,
流行豆芽譜,不敢哭,梁心頤,069,039,偶像劇《給愛麗絲的奇蹟》插曲/戲劇《逆轉千金》《黃色復仇草》片尾曲
最新排行(簡譜)：最新單曲,受了點傷,阿桑,069,041,
最新排行(簡譜)：最新單曲,孤單旅行,何耀珊,069,043,
流行豆芽譜,單細胞,嚴爵,069,044,
最新排行(簡譜)：最新單曲,突然之間,黃維德,069,045,
最新排行(簡譜)：最新單曲,揮之不去,殷悅,069,047,(華視「星願」主題曲)
最新排行(簡譜)：最新單曲,給你的歌,Energy,069,049,
流行豆芽譜,空中飛人,羅志祥,069,049,
最新排行(簡譜)：最新單曲,給你的歌,周傳雄,069,051,
最新排行(簡譜)：最新單曲,傷心的歌,周華健,069,053,
流行豆芽譜,紅塵客棧,周杰倫,069,054,
最新排行(簡譜)：最新單曲,傻瓜情人,王仁甫,069,055,
最新排行(簡譜)：最新單曲,愛情半徑,Energy,069,057,
最新排行(簡譜)：最新單曲,搞不懂愛,鄭秀文,069,059,
流行豆芽譜,單身美好,郭靜,069,060,電視劇《花是愛》片頭曲
最新排行(簡譜)：最新單曲,斷了的弦,周杰倫,069,061,
最新排行(簡譜)：最新單曲,四次我愛你,徐若瑄,069,063,
最新排行(簡譜)：最新單曲,死了都要愛,信樂團,069,065,
流行豆芽譜,會過去的,梁靜茹,069,065,
最新排行(簡譜)：最新單曲,我們都會錯,潘瑋柏,069,067,
最新排行(簡譜)：最新單曲,那天愛離開,黃維德,069,069,
流行豆芽譜,有形的翅膀,張韶涵,069,070,
最新排行(簡譜)：最新單曲,朋友的朋友,江美琪,069,071,
最新排行(簡譜)：最新單曲,恆星的恆心,五月天,069,073,
流行豆芽譜,花又開好了,S.H.E,069,074,
最新排行(簡譜)：最新單曲,穿越一光年,Energy,069,075,
最新排行(簡譜)：最新單曲,美好的原點,林嘉欣,069,077,
最新排行(簡譜)：最新單曲,美麗的誤會,鄭秀文,069,079,
最新排行(簡譜)：最新單曲,夏天的微笑,S.H.E,069,081,
流行豆芽譜,淋雨一直走,張韶涵,069,082,
最新排行(簡譜)：最新單曲,傻的好幸福,許紹洋,069,083,
最新排行(簡譜)：最新單曲,永遠不說再見,Energy,069,085,
最新排行(簡譜)：最新單曲,多愛我一秒鐘,周傳雄,069,087,
流行豆芽譜,吾在場證明,嚴爵,069,088,電視劇《真愛趁現在》插曲
最新排行(簡譜)：最新單曲,愛與痛的邊緣,王菲,069,089,
最新排行(簡譜)：最新單曲,一直在找一個人,馮瑋君,069,091,
最新排行(簡譜)：最新單曲,有多少愛可以重來,迪克牛仔,069,093,
流行豆芽譜,變成陌生人,王心凌,069,093,
流行豆芽譜,像女孩的女人,S.H.E,069,098,
流行豆芽譜,原來愛是這樣,陶妍霖,069,104,電視劇《剩女保鏢》插曲
流行豆芽譜,我們都能幸福著,郭靜,069,110,電視劇《妒海》《愛情要不藥》片尾曲
流行豆芽譜,再痛也沒關係,陳勢安,069,115,電視劇《花是愛》片尾曲
流行豆芽譜,怎麼愛妳都不夠,蔡旻佑,069,120,
最新排行(簡譜)：最新單曲,後悔,方馨,068,001,
最新排行(簡譜)：最新單曲,一片天,王識賢,068,003,
最新排行(簡譜)：最新單曲,望中秋,王識賢,068,005,
最新排行(簡譜)：最新單曲,落葉命,王瑞霞,068,007,
最新排行(簡譜)：最新單曲,無尾巷,袁小迪/龍千玉,068,009,
流行豆芽譜,浪費,林宥嘉,068,010,
最新排行(簡譜)：最新單曲,傷心啥滋味,洪百慧,068,011,
最新排行(簡譜)：最新單曲,一段情一場夢,蔡小虎/龍千玉,068,013,
最新排行(簡譜)：最新單曲,愛你千年萬年,袁小迪/林姍,068,015,
流行豆芽譜,忘了,楊丞琳,068,015,
最新排行(簡譜)：最新單曲,Any One Of Us,GarethGates,068,017,
最新排行(簡譜)：最新單曲,I O I O,S.H.E,068,019,
最新排行(簡譜)：最新單曲,Super Star,S.H.E,068,021,
流行豆芽譜,給他,郭采潔,068,021,
最新排行(簡譜)：最新單曲,The Moment,孫燕姿,068,023,
最新排行(簡譜)：最新單曲,Unchained Melody,GarethGates,068,025,
流行豆芽譜,琴傷,周杰倫,068,026,
最新排行(簡譜)：最新單曲,追,張國榮,068,027,
最新排行(簡譜)：最新單曲,嗨,Sweety,068,029,
最新排行(簡譜)：最新單曲,存在,5566,068,031,
流行豆芽譜,擁抱,五月天,068,031,
最新排行(簡譜)：最新單曲,看透,莫文蔚,068,033,
最新排行(簡譜)：最新單曲,面具,徐若瑄,068,035,
流行豆芽譜,小愛情,梁靜茹,068,036,電視劇《宮之料理對決》主題曲
最新排行(簡譜)：最新單曲,黑雨,莫文蔚,068,037,
最新排行(簡譜)：最新單曲,傳說,5566,068,039,
最新排行(簡譜)：最新單曲,煎熬,5566,068,041,
流行豆芽譜,好不好,李唯楓,068,042,電視劇《剩女保鏢》插曲
最新排行(簡譜)：最新單曲,遇見,孫燕姿,068,043,電影【向左走向右走】第一波主題曲
最新排行(簡譜)：最新單曲,遠方,S.H.E,068,045,
最新排行(簡譜)：最新單曲,只有我,Energy,068,047,
流行豆芽譜,打噴嚏,嚴爵,068,047,電視劇《螺絲小姐要出嫁》插曲
最新排行(簡譜)：最新單曲,長相思,S.H.E,068,049,
最新排行(簡譜)：最新單曲,落大雨,S.H.E,068,051,
流行豆芽譜,造飛機,謝金燕,068,052,電視劇《牽手》七月片頭曲
最新排行(簡譜)：最新單曲,算你狠,陳小春,068,053,
最新排行(簡譜)：最新單曲,0932,陳小春,068,055,
最新排行(簡譜)：最新單曲,分分秒秒,戴愛玲,068,057,
流行豆芽譜,最近好嗎,張韶涵,068,058,電視劇《芙蓉閣之戀》《后宮甄環傳》片尾曲
最新排行(簡譜)：最新單曲,半糖主義,S.H.E,068,059,
最新排行(簡譜)：最新單曲,她的睫毛,周杰倫,068,061,
最新排行(簡譜)：最新單曲,死灰復燃,戴愛玲,068,063,
流行豆芽譜,詩人漫步,蔡依林,068,063,電視劇《俏皮機長》片頭曲
最新排行(簡譜)：最新單曲,你太誠實,S.H.E,068,065,
最新排行(簡譜)：最新單曲,我心動了,順子/Ben,068,067,
流行豆芽譜,讓我愛她,倪安東,068,068,
最新排行(簡譜)：最新單曲,決定愛你,徐若瑄,068,069,
最新排行(簡譜)：最新單曲,咖哩辣椒,潘瑋柏,068,071,
最新排行(簡譜)：最新單曲,放不開手,陳慧琳,068,073,
流行豆芽譜,一個人生活,林凡,068,073,
最新排行(簡譜)：最新單曲,河濱公園,S.H.E,068,075,
最新排行(簡譜)：最新單曲,夢的地圖,方皓玟,068,077,
最新排行(簡譜)：最新單曲,夢的捕手,方皓玟,068,079,
流行豆芽譜,全部都給你,吳克群/鍾欣桐,068,079,
最新排行(簡譜)：最新單曲,一定要幸福,陳小春,068,081,
最新排行(簡譜)：最新單曲,我的麥克風,潘瑋柏,068,083,
流行豆芽譜,只想抱著你,陳乃榮,068,084,電視劇《我們發財了》片尾曲
最新排行(簡譜)：最新單曲,寂寞的季節,陶吉吉,068,085,
最新排行(簡譜)：最新單曲,不能和你一起,孫燕姿,068,087,
最新排行(簡譜)：最新單曲,向左走向右走,梁詠琪,068,089,
流行豆芽譜,你並不懂我,By2,068,090,
最新排行(簡譜)：最新單曲,愛上未來的你,潘瑋柏,068,091,
最新排行(簡譜)：最新單曲,愛情就像一張紙,Sweety,068,093,
流行豆芽譜,我的歌聲裡,曲婉婷,068,096,電視劇《在線愛》主題曲
流行豆芽譜,幸福難不難,郁可唯,068,100,電影《犀利人妻最終回》主題曲
流行豆芽譜,想幸福的人,楊丞琳,068,105,
流行豆芽譜,茶葉蛋的味道,周冠伶,068,110,電影《白天的星星》主題曲
流行豆芽譜,暫時的男朋友,嚴爵,068,116,
流行豆芽譜,寂寞來了怎麼辦,吳克群,068,121,
最新排行(簡譜)：最新單曲,愛著你,辦桌二人組,067,001,
最新排行(簡譜)：最新單曲,藏鏡人,秦楊,067,003,
最新排行(簡譜)：最新單曲,相逢的酒,蔡小虎/龍千玉,067,005,
流行豆芽譜,路,范瑋琪,067,005,電視劇《閣樓上的王子》片尾曲
最新排行(簡譜)：最新單曲,破浪人生,陳盈潔,067,007,
最新排行(簡譜)：最新單曲,傷心的你,辦桌二人組,067,009,
流行豆芽譜,不難,徐佳瑩,067,010,
最新排行(簡譜)：最新單曲,心愛走天涯,秦楊/方馨,067,011,
最新排行(簡譜)：最新單曲,來去帕一下,閃亮三姊妹,067,013,
最新排行(簡譜)：最新單曲,風吹的命運,秦楊,067,015,
最新排行(簡譜)：最新單曲,愛你一萬年,辦桌二人組,067,017,
流行豆芽譜,痛癢,林凡,067,017,
最新排行(簡譜)：最新單曲,愛住治恨內底,向蕙玲,067,019,
最新排行(簡譜)：最新單曲,Come With Me,林曉培,067,021,
最新排行(簡譜)：最新單曲,Journey,張韶涵,067,023,
流行豆芽譜,房間,江美琪,067,023,
最新排行(簡譜)：最新單曲,The Rose,阿桑,067,025,
最新排行(簡譜)：最新單曲,永恆,范瑋琪,067,027,
流行豆芽譜,胡鬧,吳克群,067,028,
最新排行(簡譜)：最新單曲,花海,陳司翰/徐婕兒,067,029,
最新排行(簡譜)：最新單曲,勇敢,張惠妹,067,031,
最新排行(簡譜)：最新單曲,晴天,周杰倫,067,033,
流行豆芽譜,好難得,丁噹,067,034,
最新排行(簡譜)：最新單曲,窗外,吳宗憲/Joanna,067,035,
最新排行(簡譜)：最新單曲,葉子,阿桑,067,037,
最新排行(簡譜)：最新單曲,獨唱,阿爆,067,039,
流行豆芽譜,偶陣雨,梁靜茹,067,039,
最新排行(簡譜)：最新單曲,我不怕,潘瑋柏,067,041,
最新排行(簡譜)：最新單曲,東風破,周杰倫,067,043,
流行豆芽譜,我確定,品冠,067,044,
最新排行(簡譜)：最新單曲,做不到,庾澄慶,067,045,
最新排行(簡譜)：最新單曲,進行式,蕭亞軒/胡彥斌,067,047,
最新排行(簡譜)：最新單曲,搖籃曲,動力火車,067,049,
流行豆芽譜,流星雨,孫淑媚,067,049,
最新排行(簡譜)：最新單曲,對的人,戴愛玲,067,051,(韓劇「守護天使」/「王中王」片頭曲)
最新排行(簡譜)：最新單曲,同進同出,黃大煒,067,053,
流行豆芽譜,不怕慶祝,徐佳瑩,067,054,電影《為你流的淚》宣傳主題曲
最新排行(簡譜)：最新單曲,妳聽的到,周杰倫,067,055,
最新排行(簡譜)：最新單曲,這邊那邊,伍思凱,067,057,
最新排行(簡譜)：最新單曲,麻吉弟弟,Machi,067,059,
流行豆芽譜,只怕想家,黃美珍,067,060,
最新排行(簡譜)：最新單曲,愛情懸崖,周杰倫,067,061,
最新排行(簡譜)：最新單曲,騎士精神,蔡依林,067,063,
最新排行(簡譜)：最新單曲,邊走邊愛,謝霆鋒,067,065,
流行豆芽譜,你敢不敢,徐佳瑩,067,066,
最新排行(簡譜)：最新單曲,7月7日晴,許慧欣,067,067,
最新排行(簡譜)：最新單曲,也許有一天,陳綺萱/陳忠義,067,069,
最新排行(簡譜)：最新單曲,你是我的眼,蕭煌奇,067,071,
流行豆芽譜,愛不用說,羅志祥,067,072,微電影《再一次心跳》插曲
最新排行(簡譜)：最新單曲,你給我記住,錦繡二重唱/趙之璧,067,073,
最新排行(簡譜)：最新單曲,兩人的畫像,吳宗憲,067,075,
最新排行(簡譜)：最新單曲,留給你的窗,伍思凱,067,077,
流行豆芽譜,勉強幸福,林宥嘉,067,078,
最新排行(簡譜)：最新單曲,街角的情歌,范逸臣,067,079,
最新排行(簡譜)：最新單曲,我美麗的愛情,許慧欣,067,081,
最新排行(簡譜)：最新單曲,愛多少早知道,殷悅,067,083,
最新排行(簡譜)：最新單曲,當你回來找我,吳宗憲,067,085,
流行豆芽譜,我還是一樣,丁噹,067,085,
最新排行(簡譜)：最新單曲,爆米花的味道,蔡依林,067,087,
最新排行(簡譜)：最新單曲,一起吃苦的幸福,周華健,067,089,
流行豆芽譜,無邊無岸,江蕙,067,090,
最新排行(簡譜)：最新單曲,某年某月某一天,Energy,067,091,
最新排行(簡譜)：最新單曲,我為什麼那麼愛你,張惠妹,067,093,
流行豆芽譜,愛久見人心,梁靜茹,067,095,
流行豆芽譜,Maybe的機率,大嘴巴,067,102,電視劇《翻糖花園》片頭曲
流行豆芽譜,最好的結局,八三夭樂團,067,108,電視劇《閣樓上的王子》片頭曲
流行豆芽譜,最親愛的你,范瑋琪,067,114,美國棉2012年度代言廣告曲
流行豆芽譜,今天妳最漂亮,羅志祥,067,120,微電影《再一次心跳》插曲
最新排行(簡譜)：最新單曲,憂愁,小安,066,001,
最新排行(簡譜)：最新單曲,可恨的愛人,蔡秋鳳,066,003,
最新排行(簡譜)：最新單曲,用心乾杯,蔡秋鳳/辦桌二人組,066,005,
流行豆芽譜,倉頡,五月天,066,006,
最新排行(簡譜)：最新單曲,傷心情話,王瑞霞/李明育,066,007,
最新排行(簡譜)：最新單曲,愛甲超過,向蕙玲,066,009,
最新排行(簡譜)：最新單曲,飄浪的愛情,蔡秋鳳,066,011,
流行豆芽譜,手印,溫嵐,066,012,
最新排行(簡譜)：最新單曲,聽人在風聲,蔡秋鳳,066,013,
最新排行(簡譜)：最新單曲,愛甲無路好退,王瑞霞,066,015,
最新排行(簡譜)：最新單曲,有情驚拆散無情驚拖磨,向蕙玲,066,017,
流行豆芽譜,傳奇,王菲,066,017,
最新排行(簡譜)：最新單曲,Beautiful,梁靜茹,066,019,
最新排行(簡譜)：最新單曲,I Will Be Fine,順子,066,021,
流行豆芽譜,途中,黃美珍,066,022,電視劇《愛上巧克力》片尾曲
最新排行(簡譜)：最新單曲,My Way,張敬軒,066,023,
最新排行(簡譜)：最新單曲,十年,陳奕迅,066,025,
最新排行(簡譜)：最新單曲,兄妹,陳奕迅,066,027,
流行豆芽譜,乾杯,五月天,066,028,
最新排行(簡譜)：最新單曲,春泥,庾澄慶,066,029,
最新排行(簡譜)：最新單曲,毒藥,那英,066,031,
最新排行(簡譜)：最新單曲,凍結,林俊傑,066,033,
最新排行(簡譜)：最新單曲,翅膀,林俊傑,066,035,
流行豆芽譜,愛你,陳芳語(Kimberley),066,036,電視劇《翻糖花園》片尾曲
最新排行(簡譜)：最新單曲,當你,王心凌,066,037,
最新排行(簡譜)：最新單曲,斷點,張敬軒,066,039,
最新排行(簡譜)：最新單曲,離開,張宇,066,041,
流行豆芽譜,燃點,胡夏,066,041,
最新排行(簡譜)：最新單曲,離歌,信樂團,066,043,
最新排行(簡譜)：最新單曲,大丈夫,張宇,066,045,
流行豆芽譜,厚臉皮,陳嘉樺,066,046,
最新排行(簡譜)：最新單曲,不愛你,阿爆/Brandy,066,047,
最新排行(簡譜)：最新單曲,手牽手,大合唱,066,049,
最新排行(簡譜)：最新單曲,水中央,戴佩妮,066,051,
流行豆芽譜,壞女孩,陳嘉樺,066,052,電影《女孩壞壞》主題曲*3頁
最新排行(簡譜)：最新單曲,百慕達,范逸臣,066,053,
最新排行(簡譜)：最新單曲,就是我,林俊傑,066,055,
最新排行(簡譜)：最新單曲,無底洞,蔡健雅,066,057,
流行豆芽譜,該忘了,郭采潔,066,058,電視劇《向前走向愛走》片尾曲
最新排行(簡譜)：最新單曲,愛無邊,林寶,066,059,
最新排行(簡譜)：最新單曲,天高地厚,信樂團,066,061,
最新排行(簡譜)：最新單曲,我的朋友,順子,066,063,
流行豆芽譜,牽阮的手,蔡幸娟,066,063,
最新排行(簡譜)：最新單曲,那些花兒,范瑋琪,066,065,
最新排行(簡譜)：最新單曲,妳愛我嗎,范逸臣,066,067,
流行豆芽譜,三寸天堂,嚴藝丹,066,068,湖南衛視《步步驚心》片尾曲
最新排行(簡譜)：最新單曲,信仰愛情,范逸臣,066,069,
最新排行(簡譜)：最新單曲,浪費愛情,小安,066,071,
最新排行(簡譜)：最新單曲,斷了思念,信樂團,066,073,
流行豆芽譜,該放手了,黃小琥,066,073,
最新排行(簡譜)：最新單曲,布拉格廣場,蔡依林,066,075,
最新排行(簡譜)：最新單曲,花都開好了,S.H.E,066,077,
最新排行(簡譜)：最新單曲,做一天的你,蔡依林,066,079,
流行豆芽譜,傷心童話,胡夏,066,079,
最新排行(簡譜)：最新單曲,給我幾秒鐘,閃亮三姊妹,066,081,
最新排行(簡譜)：最新單曲,遺失的美好,張韶涵,066,083,
流行豆芽譜,對愛期待,黃小琥,066,084,
最新排行(簡譜)：最新單曲,還剩下什麼,羽泉/蘇慧倫,066,085,
最新排行(簡譜)：最新單曲,最快樂那一年,梁靜茹,066,087,
最新排行(簡譜)：最新單曲,傻瓜與野ㄚ頭,張宇/小S,066,089,
流行豆芽譜,擦心而過,陳浩民,066,089,電視劇《朱蒙、擁抱太陽的月亮》片尾曲
最新排行(簡譜)：最新單曲,可不可以不勇敢,范瑋琪,066,091,
最新排行(簡譜)：最新單曲,當刺蝟愛上玫瑰,游鴻明,066,093,
流行豆芽譜,不是你的錯,丁噹,066,094,電視劇《真的漢子》片尾曲
流行豆芽譜,失敗的分手,倪安東,066,099,
流行豆芽譜,忍不住原諒,溫嵐,066,104,
流行豆芽譜,不具名的悲傷,羅志祥,066,109,
流行豆芽譜,一個人不可能,丁噹,066,115,電視劇《真愛找麻煩》插曲
流行豆芽譜,假裝我們沒愛過,汪東城,066,120,電視劇《絕對達令》片尾曲
最新排行(簡譜)：最新單曲,彼呢愛你,江蕙,065,001,
最新排行(簡譜)：最新單曲,幸福的小站,江蕙,065,003,
流行豆芽譜,Love U U,林俊傑,065,003,
最新排行(簡譜)：最新單曲,愛你的記號,向蕙玲/王中平,065,005,
最新排行(簡譜)：最新單曲,爽到你艱苦到我,蔡秋鳳,065,007,
流行豆芽譜,OAOA,五月天,065,008,
最新排行(簡譜)：最新單曲,As Time Goes By,王心凌,065,009,
最新排行(簡譜)：最新單曲,Kiss Me 1 2 3,潘瑋柏,065,011,
最新排行(簡譜)：最新單曲,On My Way,王心凌,065,013,
流行豆芽譜,逞強,蕭亞軒,065,014,
最新排行(簡譜)：最新單曲,When I Have A Dream,Sweety,065,015,
最新排行(簡譜)：最新單曲,光,光良,065,017,
最新排行(簡譜)：最新單曲,了解,孫燕姿,065,019,
流行豆芽譜,對摺,任賢齊,065,020,電影《傾城之淚》主題曲
最新排行(簡譜)：最新單曲,天堂,李威,065,021,
最新排行(簡譜)：最新單曲,永遠,孫燕姿,065,023,
最新排行(簡譜)：最新單曲,告解,祝釩剛,065,025,
流行豆芽譜,不快樂,曾靜玟,065,026,電視劇《守護老闆》片尾曲
最新排行(簡譜)：最新單曲,原諒,張玉華,065,027,
最新排行(簡譜)：最新單曲,荒廢,張宇,065,029,
最新排行(簡譜)：最新單曲,牽手,高歌,065,031,
流行豆芽譜,傻子,林宥嘉,065,032,電影《 愛 Love》主題曲
最新排行(簡譜)：最新單曲,傷逝,葉蒨文,065,033,
最新排行(簡譜)：最新單曲,楓葉,伍佰,065,035,
最新排行(簡譜)：最新單曲,驀然,李翊君,065,037,
流行豆芽譜,公主病,周杰倫,065,037,
最新排行(簡譜)：最新單曲,白絲線,那英,065,039,
最新排行(簡譜)：最新單曲,別傻了,周華健/任賢齊,065,041,
最新排行(簡譜)：最新單曲,花蝴蝶,游鴻明,065,043,
流行豆芽譜,學不會,林俊傑,065,043,
最新排行(簡譜)：最新單曲,說愛你,蔡依林,065,045,
最新排行(簡譜)：最新單曲,不要為難,游艾迪,065,047,
流行豆芽譜,我很忙,A-Lin,065,048,
最新排行(簡譜)：最新單曲,天蠍蝴蝶,阿杜,065,049,
最新排行(簡譜)：最新單曲,四百龍銀,張宇,065,051,
最新排行(簡譜)：最新單曲,她不是妳,祝釩剛,065,053,
流行豆芽譜,指揮家,任賢齊,065,054,電視劇《真愛找麻煩》片頭曲
最新排行(簡譜)：最新單曲,我不會飛,張玉華,065,055,
最新排行(簡譜)：最新單曲,我比他好,王傑,065,057,
最新排行(簡譜)：最新單曲,沒完沒了,李心潔,065,059,
流行豆芽譜,心肝寶貝,鳳飛飛,065,060,
最新排行(簡譜)：最新單曲,重返寂寞,張智成,065,061,
最新排行(簡譜)：最新單曲,撒野到底,李威,065,063,
最新排行(簡譜)：最新單曲,壁虎漫步,潘瑋柏,065,065,
流行豆芽譜,諾亞方舟,五月天,065,066,
最新排行(簡譜)：最新單曲,什麼都捨得,戴佩妮,065,067,
最新排行(簡譜)：最新單曲,你明明知道,潘美辰,065,069,
最新排行(簡譜)：最新單曲,我只為你乖,李威,065,071,
流行豆芽譜,請比我愛她,柯震東,065,072,
最新排行(簡譜)：最新單曲,凌晨三點鐘,張智成,065,073,
最新排行(簡譜)：最新單曲,假面的告白,蔡依林,065,075,
最新排行(簡譜)：最新單曲,愛情躲避球,李威,065,077,
流行豆芽譜,不要不要,卓文萱,065,077,電視劇《小資女孩向前衝》片頭曲
最新排行(簡譜)：最新單曲,在KTV過夜,張智成,065,079,
最新排行(簡譜)：最新單曲,灰姑娘的眼淚,王心凌,065,081,
最新排行(簡譜)：最新單曲,看我七十二變,蔡依林,065,083,
流行豆芽譜,想要跟你飛,鳳飛飛,065,083,
最新排行(簡譜)：最新單曲,樓下那個女人,游鴻明/高家惠,065,085,
最新排行(簡譜)：最新單曲,一生託給一個人,潘美辰,065,087,
最新排行(簡譜)：最新單曲,我可以為你擋死,潘美辰,065,089,
流行豆芽譜,不存在的情人,林俊傑,065,089,
最新排行(簡譜)：最新單曲,愛是怎麼一回事,Sweety,065,091,
最新排行(簡譜)：最新單曲,讓我重新愛上你,楊千嬅,065,093,
流行豆芽譜,我不會喜歡你,陳柏霖,065,096,電視劇《我可能不會愛上妳》插曲
流行豆芽譜,訂做一個天堂,BMG大合唱,065,102,
流行豆芽譜,我不願讓你一個人,五月天,065,108,電視劇《真愛找麻煩》片尾曲
流行豆芽譜,那些你很冒險的夢,林俊傑,065,114,
流行豆芽譜,你被寫在我的歌裡,蘇打綠,065,119,
最新排行(簡譜)：最新單曲,靠站,陳雷,064,001,
最新排行(簡譜)：最新單曲,拼出頭,陳雷,064,003,
最新排行(簡譜)：最新單曲,看乎開,陳雷,064,005,
最新排行(簡譜)：最新單曲,情深深,袁小迪/龍千玉,064,007,
流行豆芽譜,Mine Mine,周杰倫,064,007,
最新排行(簡譜)：最新單曲,醉乎死,袁小迪,064,009,
最新排行(簡譜)：最新單曲,來去馬西,謝金燕,064,011,
最新排行(簡譜)：最新單曲,愛傷到我,孫淑媚,064,013,
流行豆芽譜,心.洞,陳勢安,064,014,韓劇《真心給我一滴淚》《同伊》片尾曲
最新排行(簡譜)：最新單曲,Always On My Mind,S.H.E,064,015,
最新排行(簡譜)：最新單曲,Hey Hah,可米小子,064,017,
最新排行(簡譜)：最新單曲,Tell Me,潘瑋柏,064,019,
流行豆芽譜,星空,五月天,064,020,電影《星空》主題曲
最新排行(簡譜)：最新單曲,幻想,阿杜,064,021,
最新排行(簡譜)：最新單曲,冰箱,S.H.E,064,023,
最新排行(簡譜)：最新單曲,自從,彭佳慧,064,025,
流行豆芽譜,茶湯,郁可唯,064,026,華視《溫柔的慈悲》片頭曲
最新排行(簡譜)：最新單曲,放手,阿杜,064,027,
最新排行(簡譜)：最新單曲,流域,周蕙,064,029,
最新排行(簡譜)：最新單曲,你應該很快樂,虎二,149,066,
最新排行(簡譜)：最新單曲,玫瑰少年,五月天,149,068,
最新排行(簡譜)：最新單曲,雨下的瞬間,李夢尹,149,070,
最新排行(簡譜)：最新單曲,情路車站,吳上明/簡美雀,149,072,
最新排行(簡譜)：最新單曲,牽著你的手,袁小迪/麗蓉,149,074,三立五點檔一家人片尾金曲
最新排行(簡譜)：最新單曲,麥擱甲我擋,陳有娜,149,076,
最新排行(簡譜)：最新單曲,無名之輩,陳雪燃,149,078,電視劇親愛的熱愛的主題曲
最新排行(簡譜)：最新單曲,過去的,李明洋,149,081,三立戲劇台八點檔「炮仔聲」片尾曲
最新排行(簡譜)：最新單曲,白衣少年,許詩茵,149,083,電視劇《小女花不棄》片尾曲
最新排行(簡譜)：最新單曲,夜半的探戈,洪榮宏/張瀞云,149,085,
最新排行(簡譜)：最新單曲,雨中的花蕊,李素專,149,087,
最新排行(簡譜)：最新單曲,流浪狗,黃明志/蕭敬騰,149,089,
最新排行(簡譜)：最新單曲,沒有錯,家家,149,092,
最新排行(簡譜)：最新單曲,I will carry you,五月天,148,002,《傳說對決》主打歌
最新排行(簡譜)：最新單曲,38度6,黑龍,148,005,
最新排行(簡譜)：最新單曲,人間情多,李殊,148,007,電視劇《神醫喜來樂》片尾曲
最新排行(簡譜)：最新單曲,天黑請閉眼,陳零九,148,009,
最新排行(簡譜)：最新單曲,出山,花粥/勝南,148,011,
最新排行(簡譜)：最新單曲,好想好想你,九九,148,013,電影 大囍臨門 插曲
最新排行(簡譜)：最新單曲,自由之歌,F.I.R,148,015,
最新排行(簡譜)：最新單曲,我們都是一家人,林玉英,148,017,
最新排行(簡譜)：最新單曲,愛上屬於你的天空,F.I.R,148,019,
最新排行(簡譜)：最新單曲,綠色,陳雪凝,148,021,
最新排行(簡譜)：最新單曲,我們倆,郭頂,148,023,
最新排行(簡譜)：最新單曲,夜之光,花姐,148,025,
最新排行(簡譜)：最新單曲,夏天的風,溫嵐,148,027,
最新排行(簡譜)：最新單曲,終於了解自由,周興哲,148,029,
最新排行(簡譜)：最新單曲,脫單,李玖哲,148,033,
最新排行(簡譜)：最新單曲,微雨,邵雨薇,148,035,
最新排行(簡譜)：最新單曲,愛上你,萬芳/李英宏,148,037,電影《誰先愛上他的》插曲
最新排行(簡譜)：最新單曲,愛情的模樣,田馥甄/五月天,148,041,
最新排行(簡譜)：最新單曲,路過人間,郁可唯,148,044,電視劇《我們與惡的距離》插曲
最新排行(簡譜)：最新單曲,慢冷,梁靜茹,148,046,
最新排行(簡譜)：最新單曲,少一點天份,孫盛希,148,049,電視劇《俏摩女搶頭婚》歌曲
最新排行(簡譜)：最新單曲,別讓我走遠,林宥嘉,148,051,電視劇《我們與惡的距離》主題曲
最新排行(簡譜)：最新單曲,我好嗎,梁靜茹,148,053,
最新排行(簡譜)：最新單曲,來生願做一朵蓮,魏新雨,148,055,
最新排行(簡譜)：最新單曲,愛留乎明天,陳淑萍/林俊吉,148,057,
最新排行(簡譜)：最新單曲,愛情這杯酒誰喝都得醉,孫露,148,059,
最新排行(簡譜)：最新單曲,歌頌者,吳青峰,148,061,
最新排行(簡譜)：最新單曲,撥接,吳卓源,148,063,
最新排行(簡譜)：最新單曲,戀花,洪敬堯,148,066,
最新排行(簡譜)：最新單曲,戀夢,馬千譯,148,068,
最新排行(簡譜)：最新單曲,生僻字,陳柯宇,148,070,
最新排行(簡譜)：最新單曲,朵朵,郭頂,148,072,
最新排行(簡譜)：最新單曲,忘年會,F.I.R,148,074,
最新排行(簡譜)：最新單曲,我比從前想你了,畢書盡,148,077,電視劇《我們不能是朋友》片尾曲
最新排行(簡譜)：最新單曲,框不住的愛,王艷薇,148,079,
最新排行(簡譜)：最新單曲,退讓,曾昱嘉,148,081,
最新排行(簡譜)：最新單曲,得到你的人卻得不到你的心,歡子,148,083,
最新排行(簡譜)：最新單曲,相容,阿杜,064,031,
流行豆芽譜,翅膀,林依晨,064,032,電視劇《我可能不會愛你》片尾曲
最新排行(簡譜)：最新單曲,恩賜,阿杜,064,033,
最新排行(簡譜)：最新單曲,討厭,芮恩,064,035,
最新排行(簡譜)：最新單曲,陪他,彭佳慧,064,037,
流行豆芽譜,煎熬,李佳薇,064,037,
最新排行(簡譜)：最新單曲,雪花,黃品源,064,039,
最新排行(簡譜)：最新單曲,最美,江美琪,064,041,
流行豆芽譜,你好嗎,周杰倫,064,042,
最新排行(簡譜)：最新單曲,愛錯,李心潔,064,043,
最新排行(簡譜)：最新單曲,為我好,梁靜茹,064,045,
最新排行(簡譜)：最新單曲,第三者,梁靜茹,064,047,
流行豆芽譜,月彎彎,謝金燕,064,047,三立電視劇《家和萬事興》《台灣龍捲風》片尾曲
最新排行(簡譜)：最新單曲,超人心,可米小子,064,049,
最新排行(簡譜)：最新單曲,三月小雨,黃品源/小蟲/任賢齊/陳昇,064,051,
流行豆芽譜,還是會,韋禮安,064,052,電視劇《我可能不會愛上你》片頭曲
最新排行(簡譜)：最新單曲,只有分離,江美琪,064,055,
最新排行(簡譜)：最新單曲,白色羽毛,芮恩,064,057,
流行豆芽譜,傷不起,郁可唯,064,058,電視劇《小資女孩向前衝》插曲
最新排行(簡譜)：最新單曲,白色戀歌,S.H.E,064,059,
最新排行(簡譜)：最新單曲,收信快樂,萬芳,064,061,
最新排行(簡譜)：最新單曲,春光乍洩,江美琪,064,063,
流行豆芽譜,不愛別的,蔡日軒,064,063,韓劇《我的公主》片尾曲
最新排行(簡譜)：最新單曲,鐵罐咖啡,萬芳,064,065,
最新排行(簡譜)：最新單曲,天使在唱歌,S.H.E,064,067,
最新排行(簡譜)：最新單曲,多愛我一天,Energy,064,069,
流行豆芽譜,你不是說,那英,064,070,
最新排行(簡譜)：最新單曲,別對我太好,周蕙,064,071,
最新排行(簡譜)：最新單曲,求愛復刻版,可米小子,064,073,
最新排行(簡譜)：最新單曲,相愛的運氣,萬芳,064,075,
流行豆芽譜,依然愛你,王力宏,064,075,
最新排行(簡譜)：最新單曲,紅色向日葵,羅美玲,064,077,
最新排行(簡譜)：最新單曲,最重要的你,可米小子,064,079,
流行豆芽譜,看見彩虹,拉卡巫茂,064,080,
最新排行(簡譜)：最新單曲,愛一直閃亮,羅美玲,064,081,
最新排行(簡譜)：最新單曲,謝謝你的愛,李心潔,064,083,
最新排行(簡譜)：最新單曲,自己照顧自己,萬芳,064,085,
流行豆芽譜,勢在必行,陳勢安/畢書盡(Bii),064,086,建國百年大戲《勇士們》主題曲
最新排行(簡譜)：最新單曲,愛情無關是非,周蕙,064,087,
最新排行(簡譜)：最新單曲,那又怎麼樣呢,張玉華,064,089,
最新排行(簡譜)：最新單曲,我和幸福有約定,S.H.E,064,091,
流行豆芽譜,喜歡寂寞,蘇打綠,064,092,
最新排行(簡譜)：最新單曲,紅的黃的橙的灰的,彭佳慧,064,093,
流行豆芽譜,微加幸福,郁可唯,064,097,電視劇《小資女孩向前衝》片尾曲
流行豆芽譜,不習慣喊痛,陳勢安,064,102,建國百年大戲《勇士們》片尾曲/韓劇《真心給我一滴淚》片尾曲
流行豆芽譜,別再驚動愛情,張棟樑,064,107,
流行豆芽譜,魔鬼中的天使,田馥甄,064,112,
流行豆芽譜,好朋友只是朋友,郁可唯,064,116,電視劇《小資女孩向前衝》插曲
流行豆芽譜,不愛了也是一種愛,周蕙,064,121,八大韓劇《相信愛》片尾曲
最新排行(簡譜)：最新單曲,雨衣,阿杜,063,001,
最新排行(簡譜)：最新單曲,紅線,江蕙,063,003,
最新排行(簡譜)：最新單曲,叉燒包,謝金燕,063,005,
流行豆芽譜,My Love,田馥甄,063,006,
最新排行(簡譜)：最新單曲,不想你,謝金燕,063,007,
最新排行(簡譜)：最新單曲,拜拜啦,孫淑媚,063,009,
最新排行(簡譜)：最新單曲,啦啦啦,孫淑媚,063,011,
流行豆芽譜,天地,黃文星,063,012,電視劇《戀夜市人生》片尾曲
最新排行(簡譜)：最新單曲,想起伊,江蕙,063,013,
最新排行(簡譜)：最新單曲,愛人啊,孫淑媚,063,015,
最新排行(簡譜)：最新單曲,Yo Yo 姊妹,謝金燕,063,017,
流行豆芽譜,仰望,楊丞琳,063,017,
最新排行(簡譜)：最新單曲,十八相送,謝金燕,063,019,
最新排行(簡譜)：最新單曲,上海假期,江蕙,063,021,
最新排行(簡譜)：最新單曲,山盟海誓,蔡小虎,063,023,
流行豆芽譜,迴憶,演奏曲,063,024,電影《那些年，我們一起追的女孩》插曲
最新排行(簡譜)：最新單曲,傷心日期,孫淑媚,063,025,
流行豆芽譜,笨蛋,演奏曲,063,026,電影《那些年，我們一起追的女孩》插曲
最新排行(簡譜)：最新單曲,愈博愈重,蔡小虎,063,027,
流行豆芽譜,離開,郭靜,063,028,
最新排行(簡譜)：最新單曲,爸爸親像山,楊宗憲,063,029,
最新排行(簡譜)：最新單曲,夢中的情話,江蕙/阿杜,063,031,
最新排行(簡譜)：最新單曲,遙遠的等待,江蕙,063,033,
流行豆芽譜,戀花,洪敬堯,063,033,
最新排行(簡譜)：最新單曲,歡喜唱歸暝,江蕙,063,035,
最新排行(簡譜)：最新單曲,心愛的今晚置叼位,江蕙,063,037,
流行豆芽譜,孩子氣,陳妍希,063,038,電影《那些年，我們一起追的女孩》插曲
最新排行(簡譜)：最新單曲,你是我所有的生命,楊宗憲,063,039,
最新排行(簡譜)：最新單曲,Without Your Love,5566,063,041,
最新排行(簡譜)：最新單曲,多好,黃品源,063,043,
流行豆芽譜,那些年,胡夏,063,044,電影《那些年，我們一起追的女孩》主題曲
最新排行(簡譜)：最新單曲,多情,孫悅,063,045,
最新排行(簡譜)：最新單曲,至少,那英,063,047,
最新排行(簡譜)：最新單曲,春倒,丁文琪,063,049,
最新排行(簡譜)：最新單曲,是誰,芮恩,063,051,
流行豆芽譜,我們都傻,楊丞琳,063,051,電視劇《醉後決定愛上你》插曲
最新排行(簡譜)：最新單曲,鎗聲,5566,063,053,
最新排行(簡譜)：最新單曲,簾後,張清芳,063,055,
流行豆芽譜,海枯石爛,Olivia,063,056,電影《真愛挑日子》中文主題曲
最新排行(簡譜)：最新單曲,騙子,丁文琪,063,057,
最新排行(簡譜)：最新單曲,一光年,5566,063,059,
最新排行(簡譜)：最新單曲,永遠是,劉德華,063,061,
流行豆芽譜,人兒何處歸,安心亞,063,062,電視劇《新還珠格格》插曲
最新排行(簡譜)：最新單曲,講不聽,光良,063,063,
最新排行(簡譜)：最新單曲,離不開,那英,063,065,
最新排行(簡譜)：最新單曲,下一個人,張惠妹,063,067,
流行豆芽譜,下一頁的我,王心凌,063,068,電視劇《美樂加油》插曲
最新排行(簡譜)：最新單曲,不知好歹,林曉培,063,069,
最新排行(簡譜)：最新單曲,半個海洋,B.A.D,063,071,
最新排行(簡譜)：最新單曲,我不難過,孫燕姿,063,073,
流行豆芽譜,女孩的馬尾,演奏曲,063,074,電影《那些年，我們一起追的女孩》插曲
最新排行(簡譜)：最新單曲,若無其事,光良,063,075,
流行豆芽譜,各自的翅膀,演奏曲,063,076,電影《那些年，我們一起追的女孩》插曲
最新排行(簡譜)：最新單曲,簡單情歌,黃品源,063,077,
流行豆芽譜,陪我到以後,王心凌/羅志祥,063,078,
最新排行(簡譜)：最新單曲,一千一萬遍,那英,063,079,
最新排行(簡譜)：最新單曲,我們的冬天,何耀珊,063,081,
最新排行(簡譜)：最新單曲,我現在很好,林曉培,063,083,
流行豆芽譜,還是要幸福,田馥甄,063,084,
最新排行(簡譜)：最新單曲,享用我的姓,劉德華,063,085,
最新排行(簡譜)：最新單曲,愛要坦蕩蕩,蕭瀟,063,087,
最新排行(簡譜)：最新單曲,煙火的季節,F4,063,089,
流行豆芽譜,最後的浪花,演奏曲,063,090,電影《那些年，我們一起追的女孩》插曲
最新排行(簡譜)：最新單曲,絕不能失去你,F4,063,091,
最新排行(簡譜)：最新單曲,2999年的聖誕節,光良,063,093,
流行豆芽譜,只能想念你,蕭敬騰,063,093,
流行豆芽譜,人海中遇見你,林育群,063,098,電影《那些年，我們一起追的女孩》插曲
流行豆芽譜,我可以很勇敢,安心亞,063,102,
流行豆芽譜,沒有你怎麼辦,嚴爵,063,107,中天電視劇《戀戀阿里山》主題曲
流行豆芽譜,沒有你的青春,演奏曲,063,112,電影《那些年，我們一起追的女孩》插曲
流行豆芽譜,寂寞的咖啡因,柯震東,063,114,電影《那些年，我們一起追的女孩》插曲
流行豆芽譜,制服上的藍點,演奏曲,063,120,電影《那些年，我們一起追的女孩》插曲
流行豆芽譜,陪著我的時候想著她,郭靜,063,121,
最新排行(簡譜)：最新單曲,追愛,黃思婷,062,001,
最新排行(簡譜)：最新單曲,相對的心,蔡小虎/林姍,062,003,
最新排行(簡譜)：最新單曲,無緣的祝福,蔡小虎,062,005,
最新排行(簡譜)：最新單曲,吃苦當做吃補,蔡小虎,062,007,
流行豆芽譜,Is this all,吳建豪,062,007,電視劇《拜金女王》片頭曲
最新排行(簡譜)：最新單曲,Dun Dun Dun,容祖兒,062,009,
最新排行(簡譜)：最新單曲,Serena,范逸臣,062,011,
流行豆芽譜,你,蕭敬騰,062,012,
最新排行(簡譜)：最新單曲,Tic Tac Toe,徐婕兒,062,013,
最新排行(簡譜)：最新單曲,小薇,黃品源,062,015,
最新排行(簡譜)：最新單曲,左岸,劉德華,062,017,
流行豆芽譜,唸你,劉子千,062,018,
最新排行(簡譜)：最新單曲,如今,那英,062,019,
最新排行(簡譜)：最新單曲,雨衣,黃品源,062,021,
流行豆芽譜,不哭,王心凌,062,022,電視劇《美樂加油》片頭曲
最新排行(簡譜)：最新單曲,流沙,容祖兒,062,023,
最新排行(簡譜)：最新單曲,彩虹,范逸臣,062,025,
最新排行(簡譜)：最新單曲,發燒,張惠妹,062,027,
流行豆芽譜,自然醒,林宥嘉,062,027,
最新排行(簡譜)：最新單曲,舉杯,任賢齊,062,029,
最新排行(簡譜)：最新單曲,禮物,張學友,062,031,
最新排行(簡譜)：最新單曲,離境,蕭亞軒,062,033,
流行豆芽譜,問籤詩,戴梅君,062,033,
最新排行(簡譜)：最新單曲,男人淚,永邦,062,035,
最新排行(簡譜)：最新單曲,祝福了,許茹芸,062,037,
流行豆芽譜,手牽手,米兒絲,062,038,
最新排行(簡譜)：最新單曲,該不該,張學友,062,039,
最新排行(簡譜)：最新單曲,說再見,陳予新,062,041,
最新排行(簡譜)：最新單曲,心甘情願,光良,062,043,
流行豆芽譜,未填詞,鄧福如,062,044,
最新排行(簡譜)：最新單曲,我不能飛,路嘉欣,062,045,
最新排行(簡譜)：最新單曲,堅持到底,阿杜,062,047,
最新排行(簡譜)：最新單曲,寂寞城市,周蕙,062,049,
流行豆芽譜,愛太空,王心凌,062,050,八大韓劇《麵包王金卓求》片頭曲
最新排行(簡譜)：最新單曲,畢業旅行,黃湘怡,062,051,
最新排行(簡譜)：最新單曲,握你的手,光良,062,053,
最新排行(簡譜)：最新單曲,轉眼之間,蕭亞軒,062,055,
流行豆芽譜,愛喔愛,廖語晴,062,055,
最新排行(簡譜)：最新單曲,聽見了嗎,張惠妹,062,057,
最新排行(簡譜)：最新單曲,天堂與地獄,陳予新,062,059,
流行豆芽譜,聽你說,郁可唯/林凡,062,060,
最新排行(簡譜)：最新單曲,你從未離開,那英,062,061,
最新排行(簡譜)：最新單曲,秋天的地圖,邱澤,062,063,
最新排行(簡譜)：最新單曲,殘酷的溫柔,黃小琥,062,065,
流行豆芽譜,超級偶像,吳海文,062,065,
最新排行(簡譜)：最新單曲,結婚進行曲,劉德華,062,067,
最新排行(簡譜)：最新單曲,想念聖誕節,蕭亞軒,062,069,
流行豆芽譜,好的事情,嚴爵,062,070,偶像劇《醉後決定愛上你》片尾曲
最新排行(簡譜)：最新單曲,愛只剩一天,邱澤,062,071,
最新排行(簡譜)：最新單曲,上帝沒有幫助,李翊君,062,073,
最新排行(簡譜)：最新單曲,只要你想起我,陳予新,062,075,
流行豆芽譜,那個男人,楊宗緯,062,076,韓劇《祕密花園》中文主題曲
最新排行(簡譜)：最新單曲,你就像個小孩,阿杜,062,077,
最新排行(簡譜)：最新單曲,你睡著的樣子,Linda,062,079,
最新排行(簡譜)：最新單曲,下次如果離開你,阿杜,062,081,
流行豆芽譜,淚光閃爍,F.I.R.,062,082,
最新排行(簡譜)：最新單曲,月亮代表誰的心,陶吉吉,062,083,
最新排行(簡譜)：最新單曲,他們很忙Easy 4 U,邱澤,062,085,
最新排行(簡譜)：最新單曲,別去打擾他的心,張惠妹,062,087,
流行豆芽譜,黏黏黏黏,王心凌,062,087,電視劇《美樂加油》片尾曲
最新排行(簡譜)：最新單曲,沒有你的每一天,徐婕兒,062,089,
最新排行(簡譜)：最新單曲,野百合也有春天,永邦,062,091,
流行豆芽譜,還是朋友,梁文音,062,092,
最新排行(簡譜)：最新單曲,愛上你等於愛上寂寞,那英,062,093,
流行豆芽譜,如果有如果,鄧福如,062,098,
流行豆芽譜,傷日快樂,張韶涵,062,104,中視偶像劇《幸福最晴天》片尾曲
流行豆芽譜,默背妳的心碎,余文樂,062,109,
流行豆芽譜,一百萬種親吻,梁文音,062,114,電視劇《拜金女王》片尾曲
流行豆芽譜,愛情掉在哪裡,井柏然,062,120,韓劇《雅典娜》片尾曲
最新排行(簡譜)：最新單曲,感動,黃思婷,061,001,
最新排行(簡譜)：最新單曲,一生只有妳,蔡小虎,061,003,
最新排行(簡譜)：最新單曲,思念的滋味,黃思婷,061,005,
最新排行(簡譜)：最新單曲,疼你若生命,蔡小虎,061,007,
最新排行(簡譜)：最新單曲,酒後吐真言,蔡小虎/龍千玉,061,009,
流行豆芽譜,亞特蘭提斯,F.I.R.,061,009,
最新排行(簡譜)：最新單曲,無你就無我,任賢齊,061,011,
最新排行(簡譜)：最新單曲,愛情電話聲,孫淑媚,061,013,
流行豆芽譜,乏味,周傳雄,061,014,
最新排行(簡譜)：最新單曲,戀曲2002,王識賢,061,015,
最新排行(簡譜)：最新單曲,Never Love Again,秀蘭瑪雅,061,017,
流行豆芽譜,暖心,郁可唯,061,018,
最新排行(簡譜)：最新單曲,Nothing Ever Changes,S.H.E,061,019,
最新排行(簡譜)：最新單曲,問,張惠妹,061,021,
最新排行(簡譜)：最新單曲,外套,動力火車,061,023,
流行豆芽譜,暮光,范瑋琪,061,024,
最新排行(簡譜)：最新單曲,永夜,任賢齊,061,025,
最新排行(簡譜)：最新單曲,咖啡,張學友,061,027,
流行豆芽譜,木蘭情,孫燕姿,061,028,
最新排行(簡譜)：最新單曲,幸福,方皓玟,061,029,
最新排行(簡譜)：最新單曲,廢墟,永邦,061,031,
最新排行(簡譜)：最新單曲,衝動,動力火車,061,033,
流行豆芽譜,情人結,張芸京,061,034,
最新排行(簡譜)：最新單曲,學會,許慧欣,061,035,
最新排行(簡譜)：最新單曲,瞬間,周蕙,061,037,
最新排行(簡譜)：最新單曲,一個人,任賢齊,061,039,
流行豆芽譜,想原諒,丁噹,061,040,
最新排行(簡譜)：最新單曲,大人物,林志炫,061,041,
最新排行(簡譜)：最新單曲,太聰明,陳綺貞,061,043,
最新排行(簡譜)：最新單曲,我難過,5566,061,045,(電視劇「MVP情人」片尾曲)
流行豆芽譜,想自由,林宥嘉,061,046,
最新排行(簡譜)：最新單曲,無所謂,5566,061,047,
最新排行(簡譜)：最新單曲,小步舞曲,陳綺貞,061,049,
最新排行(簡譜)：最新單曲,他在那裡,張學友,061,051,
流行豆芽譜,只能勇敢,蕭煌奇,061,051,
最新排行(簡譜)：最新單曲,冰島漁夫,秀蘭瑪雅,061,053,
最新排行(簡譜)：最新單曲,快遞愛情,黃湘怡,061,055,
最新排行(簡譜)：最新單曲,孤單芭蕾,許慧欣,061,057,
流行豆芽譜,因為愛情,陳奕迅/王菲,061,058,電影【將愛】主題曲
最新排行(簡譜)：最新單曲,明天愛誰,容祖兒,061,059,
最新排行(簡譜)：最新單曲,南下北上,動力火車,061,061,
最新排行(簡譜)：最新單曲,黑色柳丁,陶吉吉,061,063,
流行豆芽譜,情人知己,梁文音,061,064,中天電視劇《我的甜蜜情人》片尾曲
最新排行(簡譜)：最新單曲,鎮守愛情,動力火車,061,065,
最新排行(簡譜)：最新單曲,魔幻季節,梁詠琪,061,067,
最新排行(簡譜)：最新單曲,聽我唱歌,秀蘭瑪雅,061,069,
流行豆芽譜,順其自然,黃小琥,061,070,
最新排行(簡譜)：最新單曲,大手拉小手,許慧欣,061,071,
最新排行(簡譜)：最新單曲,天冷就回來,陳潔儀,061,073,
最新排行(簡譜)：最新單曲,忽然很想你,許慧欣,061,075,
流行豆芽譜,我的驕傲,楊培安,061,075,
最新排行(簡譜)：最新單曲,威尼斯的淚,永邦,061,077,
最新排行(簡譜)：最新單曲,愛情的海洋,S.H.E,061,079,
最新排行(簡譜)：最新單曲,緊急的眼淚,梁詠琪,061,081,
流行豆芽譜,我們都怕痛,潘瑋柏,061,082,華視電視劇【愛無限】片頭曲
最新排行(簡譜)：最新單曲,一個人的情歌,容祖兒,061,083,
最新排行(簡譜)：最新單曲,我討厭我自己,吳建豪,061,085,
最新排行(簡譜)：最新單曲,斷跟的高跟鞋,李翊君,061,087,
流行豆芽譜,我最親愛的,張惠妹,061,088,
最新排行(簡譜)：最新單曲,如果不是因為妳,林志炫,061,089,
最新排行(簡譜)：最新單曲,兩個人不等於我們,王力宏,061,091,
最新排行(簡譜)：最新單曲,別在我離開你之前離開我,江美琪,061,093,
流行豆芽譜,愛了就沉淪,張心傑,061,094,八大韓劇【媽媽發怒了】片尾曲
流行豆芽譜,最重要的決定,范瑋琪,061,100,
流行豆芽譜,記得懂得捨得,林凡,061,105,
流行豆芽譜,還有眼淚就好,張惠妹,061,110,
流行豆芽譜,這樣愛你好可怕,林凡,061,115,電視劇《犀利人妻》插曲
流行豆芽譜,我不允許我再愛上你,李千娜,061,120,
最新排行(簡譜)：最新單曲,放手,曾心梅,060,001,
最新排行(簡譜)：最新單曲,今仔日,辦桌二人組,060,003,
最新排行(簡譜)：最新單曲,我的愛,蔡秋鳳,060,005,
流行豆芽譜,丑角,曹格,060,006,
最新排行(簡譜)：最新單曲,醉歸晚,蔡秋鳳,060,007,
最新排行(簡譜)：最新單曲,舊情歌,洪瑋/杜和錦,060,009,
最新排行(簡譜)：最新單曲,回心轉意,王識賢,060,011,
流行豆芽譜,一半,丁噹,060,011,中天娛樂戲劇《雙面膠》片頭曲
最新排行(簡譜)：最新單曲,酒量酒膽,王識賢/謝金燕,060,013,
最新排行(簡譜)：最新單曲,再會啦車站,辦桌二人組,060,015,
最新排行(簡譜)：最新單曲,心愛的不愛我,辦桌二人組,060,017,
流行豆芽譜,指望,郁可唯,060,017,電視劇《犀利人妻》插曲
最新排行(簡譜)：最新單曲,提酒矸過日子,辦桌二人組,060,019,
最新排行(簡譜)：最新單曲,再會啦心愛的人,王識賢,060,021,
流行豆芽譜,天后,陳勢安,060,022,韓劇《富翁的誕生》
最新排行(簡譜)：最新單曲,Angel,陶吉吉,060,023,
最新排行(簡譜)：最新單曲,I Miss You,劉德華,060,025,
最新排行(簡譜)：最新單曲,Katsu,張惠妹,060,027,
流行豆芽譜,重來,黃小琥,060,028,
最新排行(簡譜)：最新單曲,Melody,陶吉吉,060,029,
最新排行(簡譜)：最新單曲,Piano,范逸臣,060,031,(韓劇「鋼琴」中文主題曲)
最新排行(簡譜)：最新單曲,Watch Me Shine,S.H.E,060,033,
流行豆芽譜,重傷,林凡,060,034,電視劇《犀利人妻》片尾曲
最新排行(簡譜)：最新單曲,Yes Or No,張惠妹,060,035,
最新排行(簡譜)：最新單曲,吻,蕭亞軒,060,037,
最新排行(簡譜)：最新單曲,不安,李聖傑,060,039,
流行豆芽譜,愛夏,胡夏,060,039,
最新排行(簡譜)：最新單曲,天使,謝霆鋒,060,041,
最新排行(簡譜)：最新單曲,冰河,溫嵐,060,043,
流行豆芽譜,爺爺,曹格,060,044,
最新排行(簡譜)：最新單曲,自白,吳宗憲,060,045,
最新排行(簡譜)：最新單曲,知道,張惠妹,060,047,
最新排行(簡譜)：最新單曲,發燙,溫嵐,060,049,
流行豆芽譜,末班車,蕭煌奇,060,049,
最新排行(簡譜)：最新單曲,愛呢,S.H.E,060,051,
最新排行(簡譜)：最新單曲,續集,劉德華,060,053,
流行豆芽譜,比較愛,梁靜茹,060,054,
最新排行(簡譜)：最新單曲,魔力,S.H.E,060,055,
最新排行(簡譜)：最新單曲,體溫,周蕙,060,057,(韓劇 「玻璃鞋/明成皇后」片尾曲)
最新排行(簡譜)：最新單曲,你不懂,路嘉欣,060,059,
流行豆芽譜,怕安靜,羅志祥,060,060,
最新排行(簡譜)：最新單曲,狠角色,張惠妹,060,061,
最新排行(簡譜)：最新單曲,半島鐵盒,周杰倫,060,063,
最新排行(簡譜)：最新單曲,除此之外,范逸臣,060,065,
流行豆芽譜,疑心病,曾昱嘉,060,066,
最新排行(簡譜)：最新單曲,第一人選,何俐恩,060,067,
最新排行(簡譜)：最新單曲,黑色天空,路嘉欣,060,069,
最新排行(簡譜)：最新單曲,不開的玫瑰,范逸臣,060,071,
最新排行(簡譜)：最新單曲,如果你愛他,李聖傑,060,073,
流行豆芽譜,五天幾年,林凡,060,073,電視劇《犀利人妻》主題曲
最新排行(簡譜)：最新單曲,衣櫥演唱會,Linda,060,075,
最新排行(簡譜)：最新單曲,後來才知道,張智成,060,077,
最新排行(簡譜)：最新單曲,美麗新世界,S.H.E,060,079,
流行豆芽譜,世說心語,孫燕姿,060,080,
最新排行(簡譜)：最新單曲,愛的主打歌,蕭亞軒,060,081,
最新排行(簡譜)：最新單曲,親愛的媽媽,劉德華,060,083,
最新排行(簡譜)：最新單曲,他和她的故事,蕭亞軒,060,085,
流行豆芽譜,你會不會,梁靜茹,060,085,
最新排行(簡譜)：最新單曲,你知道我愛你,邱澤,060,087,
最新排行(簡譜)：最新單曲,第二次愛上你,Energy,060,089,
流行豆芽譜,冷血動物,丁噹,060,090,中天韓劇《公主回來了》片尾曲/電玩《阿洛斯online》廣告主題曲
最新排行(簡譜)：最新單曲,躺在你的衣櫃,陳綺貞,060,091,
最新排行(簡譜)：最新單曲,愛讓一切都對了,吳宗憲,060,093,
流行豆芽譜,我不再怕,梁心頤,060,095,
流行豆芽譜,很久沒哭了,符瓊音,060,100,
流行豆芽譜,當冬夜漸暖,孫燕姿,060,106,
流行豆芽譜,給我一個理由忘記,A-Lin,060,112,八大電視劇《我的女友是九尾狐》片尾曲
流行豆芽譜,寂寞不痛,A-Lin,060,119,中天電視劇《還想結婚的女子》片頭曲/東風電視劇《女人的戰爭》片尾曲
最新排行(簡譜)：最新單曲,認真,孫淑媚,059,001,
最新排行(簡譜)：最新單曲,半包菸,曾心梅,059,003,
最新排行(簡譜)：最新單曲,我愛你,王識賢,059,005,
最新排行(簡譜)：最新單曲,命中注定,王識賢,059,007,
流行豆芽譜,迷路,畢書盡(Bii),059,008,電視劇《鍾無艷》插曲
最新排行(簡譜)：最新單曲,分手紀念日,曾心梅,059,009,
最新排行(簡譜)：最新單曲,火車叨位去,周杰倫,059,011,
最新排行(簡譜)：最新單曲,卡拉作陣K,曾心梅+男聲,059,013,
流行豆芽譜,阿爸,周杰倫/洪榮宏,059,013,
最新排行(簡譜)：最新單曲,寂寞的氣味,孫淑媚,059,015,
最新排行(簡譜)：最新單曲,會好嘛無一定,阿吉仔,059,017,
最新排行(簡譜)：最新單曲,我不是隨便的人,阿吉仔,059,019,
流行豆芽譜,她說,林俊傑,059,019,韓劇《錯愛一家親》片尾曲
最新排行(簡譜)：最新單曲,My Anata,陶吉吉,059,021,
最新排行(簡譜)：最新單曲,May I love you,張智成,059,023,
最新排行(簡譜)：最新單曲,不同,孫燕姿,059,025,
流行豆芽譜,綠洲,徐佳瑩,059,026,電影《美麗的聲音》中文宣傳曲
最新排行(簡譜)：最新單曲,分裂,周杰倫,059,027,
最新排行(簡譜)：最新單曲,呼喚,齊秦,059,029,
最新排行(簡譜)：最新單曲,信徒,張衛健,059,031,
流行豆芽譜,空位,張信哲,059,031,
最新排行(簡譜)：最新單曲,看見,李聖傑/蕭煌奇,059,033,
最新排行(簡譜)：最新單曲,偏心,Linda,059,035,
流行豆芽譜,沒關係,吳克群,059,036,
最新排行(簡譜)：最新單曲,動靜,動靜,059,037,
最新排行(簡譜)：最新單曲,情人,RYU,059,039,
最新排行(簡譜)：最新單曲,暗號,周杰倫,059,041,
流行豆芽譜,很安靜,飛輪海,059,041,電視劇《桃花小妹》片尾曲
最新排行(簡譜)：最新單曲,綠光,堂娜,059,043,
最新排行(簡譜)：最新單曲,離別,阿杜,059,045,
流行豆芽譜,錯的人,蕭亞軒,059,046,
最新排行(簡譜)：最新單曲,沒有你,張智成,059,047,
最新排行(簡譜)：最新單曲,妳很好,阿杜,059,049,
最新排行(簡譜)：最新單曲,愛不離,陳曉東,059,051,
流行豆芽譜,懼高症,徐佳瑩,059,052,
最新排行(簡譜)：最新單曲,世界末日,高慧君,059,053,
最新排行(簡譜)：最新單曲,永遠永遠,李翊君,059,055,
最新排行(簡譜)：最新單曲,回到過去,周杰倫,059,057,
流行豆芽譜,你太猖狂,田馥甄,059,058,
最新排行(簡譜)：最新單曲,身體健康,張衛健,059,059,
最新排行(簡譜)：最新單曲,夜夜夜夜,梁靜茹,059,061,
最新排行(簡譜)：最新單曲,夜的詩人,江美琪,059,063,
流行豆芽譜,最後一頁,江語晨,059,063,
最新排行(簡譜)：最新單曲,明日英雄,吳宗憲,059,065,
最新排行(簡譜)：最新單曲,准我愛你,陳曉東,059,067,
流行豆芽譜,絕對不放,吳克群,059,068,
最新排行(簡譜)：最新單曲,無可取代,S.H.E,059,069,
最新排行(簡譜)：最新單曲,痴心絕對,李聖傑,059,071,
最新排行(簡譜)：最新單曲,對你而言,江美琪,059,073,
流行豆芽譜,臨時演員,懷秋(大嘴巴),059,073,電視劇《灰姑娘的姐姐》片尾曲
最新排行(簡譜)：最新單曲,再一次也好,江美琪,059,075,
最新排行(簡譜)：最新單曲,幸福後樂園,鄺文珣,059,077,
流行豆芽譜,需要人陪,王力宏,059,078,
最新排行(簡譜)：最新單曲,最後的戰役,周杰倫,059,079,
最新排行(簡譜)：最新單曲,黑蝙蝠中隊,劉德華,059,081,
最新排行(簡譜)：最新單曲,請你相信我,品冠,059,083,
流行豆芽譜,轉身之後,畢書盡(Bii),059,084,電視劇《鍾無艷》片尾曲
最新排行(簡譜)：最新單曲,離我遠一點,品冠,059,085,
最新排行(簡譜)：最新單曲,東京鐵塔的幸福,江美琪,059,087,
最新排行(簡譜)：最新單曲,擁抱不見得擁有,李翊君,059,089,
流行豆芽譜,活到一百歲,林宇中,059,089,
最新排行(簡譜)：最新單曲,可以勇敢可以溫柔,林慧萍,059,091,
最新排行(簡譜)：最新單曲,因為我是真的愛你,動靜,059,093,
流行豆芽譜,牽著妳的手,李洪基,059,094,電視劇《原來是美男》依然 中文版主題曲
流行豆芽譜,路過的新娘,林宇中,059,100,
流行豆芽譜,散場的擁抱,倪安東,059,105,韓劇《熱血男兒》主題曲
流行豆芽譜,未來的第一站,林育群,059,110,
流行豆芽譜,最後的那一天,李玖哲,059,115,
流行豆芽譜,情歌沒有告訴你,梁靜茹,059,120,八大電視台韓劇《同伊》片尾曲
最新排行(簡譜)：最新單曲,奮鬥,阿吉仔,058,001,
最新排行(簡譜)：最新單曲,舊相片,秀蘭瑪雅,058,003,
最新排行(簡譜)：最新單曲,雙人酒杯,阿吉仔,058,005,
流行豆芽譜,Love,田馥甄,058,006,
最新排行(簡譜)：最新單曲,你無將阮留,孫淑媚,058,007,
最新排行(簡譜)：最新單曲,傷心夜都市,孫淑媚,058,009,
最新排行(簡譜)：最新單曲,愛你愛到這,孫淑媚,058,011,
流行豆芽譜,Honey,郭書瑤,058,011,
最新排行(簡譜)：最新單曲,沒人愛的女人,孫淑媚,058,013,
最新排行(簡譜)：最新單曲,If Tomorrow Never Comes,Ronan Keating,058,017,
流行豆芽譜,特別,黃齡,058,018,
最新排行(簡譜)：最新單曲,勿忘我,RYU,058,019,(韓劇「冬季戀歌」插曲)
最新排行(簡譜)：最新單曲,放不下的愛,金元萱,058,021,
最新排行(簡譜)：最新單曲,別說,陳冠蒲,058,023,
流行豆芽譜,不過問,郭采潔,058,023,
最新排行(簡譜)：最新單曲,沉迷,李翊君,058,025,
最新排行(簡譜)：最新單曲,玻璃,辛曉琪,058,027,
流行豆芽譜,小傷口,蔡依林,058,028,
最新排行(簡譜)：最新單曲,眼神,孫燕姿,058,029,
最新排行(簡譜)：最新單曲,綽號,川島茉樹代,058,031,
最新排行(簡譜)：最新單曲,練習,劉德華,058,033,
流行豆芽譜,雨不停,陳思涵,058,034,電視劇《飯糰之家》片尾曲
最新排行(簡譜)：最新單曲,鬍渣,許紹洋,058,035,
最新排行(簡譜)：最新單曲,大風吹,Y.I.Y.O,058,037,
最新排行(簡譜)：最新單曲,我和你,蘇永康,058,039,
流行豆芽譜,黑咖啡,江蕙,058,040,
最新排行(簡譜)：最新單曲,受不了,Y.I.Y.O,058,041,
最新排行(簡譜)：最新單曲,藍色雨,溫嵐,058,043,
最新排行(簡譜)：最新單曲,地獄天使,溫嵐,058,045,
流行豆芽譜,即時生效,蔡依林,058,046,
最新排行(簡譜)：最新單曲,肉麻情歌,劉德華,058,047,
最新排行(簡譜)：最新單曲,定時炸彈,溫嵐,058,049,
最新排行(簡譜)：最新單曲,直來直往,孫燕姿,058,051,
流行豆芽譜,幸運女神,豆花妹,058,052,電影《夏日大作戰》活動主題曲
最新排行(簡譜)：最新單曲,家庭計畫,陳小春,058,053,
最新排行(簡譜)：最新單曲,就讓你走,陳冠蒲,058,055,
最新排行(簡譜)：最新單曲,無法阻擋,阿杜,058,057,
流行豆芽譜,幸福不遠,郭書瑤,058,058,
最新排行(簡譜)：最新單曲,該我的愛,陳小春,058,059,
最新排行(簡譜)：最新單曲,一直往前走,Y.I.Y.O,058,061,
最新排行(簡譜)：最新單曲,一輩子孤獨,劉若英,058,063,
流行豆芽譜,玩愛之徒,蔡依林,058,064,
最新排行(簡譜)：最新單曲,有你就夠了,李玟,058,065,
最新排行(簡譜)：最新單曲,你又不是我,Y.I.Y.O,058,067,
最新排行(簡譜)：最新單曲,希望你還在,許紹洋,058,069,
最新排行(簡譜)：最新單曲,我一直都在,蘇永康,058,071,
流行豆芽譜,無言以對,蔡依林,058,071,
最新排行(簡譜)：最新單曲,麻煩告訴他,許紹洋,058,073,
最新排行(簡譜)：最新單曲,當愛在靠近,劉若英,058,075,
流行豆芽譜,卡通人生,郭采潔,058,076,
最新排行(簡譜)：最新單曲,我是如此愛你,侯湘婷,058,077,
最新排行(簡譜)：最新單曲,昨天今天明天,侯湘婷/吳克群,058,079,
最新排行(簡譜)：最新單曲,留不住的故事,林隆璇,058,081,
流行豆芽譜,美好的旅行,林依晨,058,081,電影《街角的小王子》主題曲
最新排行(簡譜)：最新單曲,最想念的季節,品冠,058,083,
最新排行(簡譜)：最新單曲,還是要說再見,川島茉樹代,058,085,
流行豆芽譜,愛你.離開你,南拳媽媽,058,086,
最新排行(簡譜)：最新單曲,觸不到的戀人,陳慧琳,058,087,
最新排行(簡譜)：最新單曲,你給我多少時間,莫文蔚,058,089,
最新排行(簡譜)：最新單曲,這裡離家有多遠,秀蘭瑪雅,058,091,
流行豆芽譜,你不知道的事,王力宏,058,092,
最新排行(簡譜)：最新單曲,愛情轉彎的地方,品冠/黃嘉千,058,093,
流行豆芽譜,寂寞寂寞就好,田馥甄,058,098,
流行豆芽譜,我是一隻小小鳥,丁噹,058,104,
流行豆芽譜,柴米油鹽醬醋茶,王力宏,058,107,
流行豆芽譜,花一開就相愛吧,林依晨,058,110,
流行豆芽譜,A.I.N.Y愛你,鄧紫棋,058,114,
最新排行(簡譜)：最新單曲,原諒,龍劭華,057,001,
最新排行(簡譜)：最新單曲,有愛過,孫淑媚,057,003,
最新排行(簡譜)：最新單曲,愛哭的,施文彬,057,005,
流行豆芽譜,Encore LaLa,郭靜,057,005,白歆惠代言《瑪豋瑪朵內衣》廣告曲
最新排行(簡譜)：最新單曲,快樂森巴,白冰冰/高凌風,057,007,
最新排行(簡譜)：最新單曲,想你的心,秀蘭瑪雅,057,009,
最新排行(簡譜)：最新單曲,真心只愛你,龍千玉/蔡小虎,057,011,
流行豆芽譜,天真,弦子,057,011,
最新排行(簡譜)：最新單曲,三百六十五夜,白冰冰,057,013,
最新排行(簡譜)：最新單曲,希望你愛了解,郭桂彬,057,015,
流行豆芽譜,偏食,楊丞琳,057,016,
最新排行(簡譜)：最新單曲,無情的夜快車,黃一飛,057,017,
最新排行(簡譜)：最新單曲,蘇澳來的尾班車,陳明章,057,019,
最新排行(簡譜)：最新單曲,I Believe In Love,何耀珊,057,021,
流行豆芽譜,聊天,郭靜,057,022,
最新排行(簡譜)：最新單曲,Leave,孫燕姿,057,023,
最新排行(簡譜)：最新單曲,One Night In 北京,信樂團,057,025,
最新排行(簡譜)：最新單曲,Summer Snow,辛曉琪,057,027,
流行豆芽譜,嫁妝,郭靜,057,027,韓劇《不像三兄弟》《天使的誘惑》片尾曲
最新排行(簡譜)：最新單曲,To Love You More,CelineDion,057,029,
最新排行(簡譜)：最新單曲,MY MEMORY,RYU,057,031,韓劇「冬季戀歌」插曲
流行豆芽譜,煙火,郭采潔,057,032,
最新排行(簡譜)：最新單曲,從開始到現在,RYU,057,033,韓劇「冬季戀歌」主題曲
最新排行(簡譜)：最新單曲,你來,陶晶瑩,057,035,
最新排行(簡譜)：最新單曲,我想,孫燕姿,057,037,
流行豆芽譜,跳痛,戴愛玲,057,038,電影《窒愛》中文主題曲
最新排行(簡譜)：最新單曲,信任,辛曉琪,057,039,
最新排行(簡譜)：最新單曲,哀愁,辛曉琪,057,041,
最新排行(簡譜)：最新單曲,啟程,范瑋琪,057,043,
流行豆芽譜,因為愛,韋禮安,057,044,韓劇《男版灰姑娘》《不像三兄弟》片尾曲
最新排行(簡譜)：最新單曲,懂事,孫燕姿,057,045,
最新排行(簡譜)：最新單曲,懷念,王渝,057,047,
最新排行(簡譜)：最新單曲,我不愛,孫燕姿,057,049,
流行豆芽譜,勇敢愛,張靚穎,057,049,韓劇《黃金新娘》片尾曲
最新排行(簡譜)：最新單曲,沒有你,何耀珊,057,051,
最新排行(簡譜)：最新單曲,戀人啊,辛曉琪,057,053,
流行豆芽譜,海是你,江明娟,057,054,韓劇《媳婦的人生》片頭曲
最新排行(簡譜)：最新單曲,裝睡的人,邵雨薇,148,085,
最新排行(簡譜)：最新單曲,複數的孤寂,張語噥,148,087,
最新排行(簡譜)：最新單曲,隱形的紀念,阿信,148,089,
最新排行(簡譜)：最新單曲,生死相隨,楊培安/崔子格,148,092,電視劇《秦時麗人明月心》片尾曲
最新排行(簡譜)：最新單曲,你一定要幸福,虎二,148,094,
最新排行(簡譜)：最新單曲,你的酒館對我打了烊,陳雪凝,148,096,
最新排行(簡譜)：最新單曲,我們不像我們,叮噹,148,098,LINE TV《HIStory 3-圈套》插曲
最新排行(簡譜)：最新單曲,我們很好,林俊傑,148,100,電影《少年的你》電影主題曲
最新排行(簡譜)：最新單曲,悟,劉德華,147,001,電影《新少林寺》主題曲
最新排行(簡譜)：最新單曲,可樂,林采欣,147,003,
最新排行(簡譜)：最新單曲,耳朵,李榮浩,147,007,
最新排行(簡譜)：最新單曲,長大,容祖兒,147,009,
最新排行(簡譜)：最新單曲,思慕,郁可唯,147,011,電視劇《三生三世十里桃花》主人公人物曲
最新排行(簡譜)：最新單曲,默默,A-Lin,147,013,電視劇 《創業時代 》插曲
最新排行(簡譜)：最新單曲,黏黏,周興哲/許瑋甯,147,015,
最新排行(簡譜)：最新單曲,我在呢,TANK,147,018,
最新排行(簡譜)：最新單曲,毒蘋果,鄧紫棋,147,020,
最新排行(簡譜)：最新單曲,三生三世,張杰,147,022,電視劇《三生三世十里桃花》片頭曲
最新排行(簡譜)：最新單曲,再見煙火,卓義峰,147,024,
最新排行(簡譜)：最新單曲,何必記念,莊鵑瑛,147,027,
最新排行(簡譜)：最新單曲,你是答案,王笠人,147,029,電視劇 《愛情進化論》 插曲
最新排行(簡譜)：最新單曲,沙漠駱駝,展展/羅羅,147,031,
最新排行(簡譜)：最新單曲,回憶的沙漏,鄧紫棋,147,035,
最新排行(簡譜)：最新單曲,有一種悲傷,A-Lin,147,037,電影《比悲傷更悲傷的故事》主題曲
最新排行(簡譜)：最新單曲,岩石裡的花,鄧紫棋,147,039,
最新排行(簡譜)：最新單曲,備胎,謝和弦,147,041,
最新排行(簡譜)：最新單曲,去年夏天,王大毛,147,043,
最新排行(簡譜)：最新單曲,我不該躲,阿杜,147,045,
最新排行(簡譜)：最新單曲,終於等到你,張信哲,147,047,
最新排行(簡譜)：最新單曲,最美的遇見,徐佳瑩,147,049,電視劇《涼生，我們可不可以不憂傷》情感主題曲
最新排行(簡譜)：最新單曲,你敢不敢再傻一次,吳克群,147,051,電視劇《為你寫詩》主題曲
最新排行(簡譜)：最新單曲,路一直都在,陳奕迅,147,053,
最新排行(簡譜)：最新單曲,慣習,王識賢,147,055,
最新排行(簡譜)：最新單曲,聽我愛妳,李聖傑,147,057,
最新排行(簡譜)：最新單曲,需要你,孫燕姿,147,059,
最新排行(簡譜)：最新單曲,過渡期,小宇,147,061,
最新排行(簡譜)：最新單曲,當你想著我,品冠/李心潔,147,063,
最新排行(簡譜)：最新單曲,愛煉,黃美珍,147,065,
最新排行(簡譜)：最新單曲,想你想你,王心凌,147,067,
最新排行(簡譜)：最新單曲,開門見山,張惠妹,147,070,
最新排行(簡譜)：最新單曲,千年,金志文/吉克雋逸,147,072,電視劇《天乩之白蛇傳說》插曲
最新排行(簡譜)：最新單曲,牡丹,陳怡婷,147,074,電視劇《戲說台灣》片頭曲
最新排行(簡譜)：最新單曲,配角,少騫,147,076,
最新排行(簡譜)：最新單曲,向前走,林強,147,078,
最新排行(簡譜)：最新單曲,怎麼了,周興哲,147,082,
最新排行(簡譜)：最新單曲,浪流連,茄子蛋,147,085,
最新排行(簡譜)：最新單曲,真的傻,徐佳瑩,147,087,電影《一吻定情》追愛版主題曲
最新排行(簡譜)：最新單曲,起風了,吳青峰,147,089,電視劇《加油你是最棒的》主題曲
最新排行(簡譜)：最新單曲,嘜擱假,蔡義德/蔡予涵,147,091,
最新排行(簡譜)：最新單曲,一半人生,阿信,147,093,電影《飛馳人生》主題曲
最新排行(簡譜)：最新單曲,一了百了,信樂團,057,055,
最新排行(簡譜)：最新單曲,一個人住,阿杜,057,057,
最新排行(簡譜)：最新單曲,一起走過,孫燕姿,057,059,
流行豆芽譜,愛上你,By2,057,059,
最新排行(簡譜)：最新單曲,下半輩子,陳小春,057,061,
最新排行(簡譜)：最新單曲,不再想念,陶晶瑩,057,063,
流行豆芽譜,黑色月亮,楊丞琳,057,064,
最新排行(簡譜)：最新單曲,世界末日,信樂團,057,065,
最新排行(簡譜)：最新單曲,有你真好,范瑋琪/楊丞琳,057,067,
最新排行(簡譜)：最新單曲,完美情人,陳慧琳,057,069,
流行豆芽譜,好久不見,周杰倫,057,069,
最新排行(簡譜)：最新單曲,非你莫屬,王渝/林志炫,057,071,
最新排行(簡譜)：最新單曲,愛情來了,陳慧琳,057,073,
最新排行(簡譜)：最新單曲,一樣的夏天,孫燕姿,057,075,
流行豆芽譜,愛就對了,S.H.E,057,075,
最新排行(簡譜)：最新單曲,愛上一個人,陳慧琳,057,077,
最新排行(簡譜)：最新單曲,愛的副作用,張玉華,057,079,
流行豆芽譜,我不想念,劉若英,057,080,中天韓劇《他們的世界》主題曲
最新排行(簡譜)：最新單曲,愛從零開始,孫燕姿,057,081,
最新排行(簡譜)：最新單曲,謝謝有你們,何耀珊,057,083,
最新排行(簡譜)：最新單曲,如果你是李白,莫文蔚,057,085,
流行豆芽譜,煙花易冷,周杰倫,057,086,
最新排行(簡譜)：最新單曲,當愛已成往事,李宗盛/林憶蓮,057,087,
最新排行(簡譜)：最新單曲,你是我的幸福嗎,伊能靜,057,089,
最新排行(簡譜)：最新單曲,新多少柔情多少淚,王渝,057,091,
流行豆芽譜,說了再見,周杰倫,057,092,
最新排行(簡譜)：最新單曲,愛有多深就會有多遠,巫啟賢,057,093,
流行豆芽譜,每一天都不同,郭靜,057,097,緯來戲劇《拜託小姐》片頭曲
流行豆芽譜,雨下一整晚,周杰倫,057,102,
流行豆芽譜,如果這就是愛情,張靚穎,057,108,中天電視劇《暗香》主題曲
流行豆芽譜,我們沒有在一起,劉若英,057,114,偶像劇《偷心大聖PS男》片尾曲
流行豆芽譜,繼續給15歲的自己,劉若英,057,120,
最新排行(簡譜)：最新單曲,女人花,龍千玉,056,001,
最新排行(簡譜)：最新單曲,世間情,郭桂彬/黃乙玲,056,003,
最新排行(簡譜)：最新單曲,世間路,蔡小虎/龍千玉,056,005,
流行豆芽譜,重播,張傑,056,006,
最新排行(簡譜)：最新單曲,痴情酒,白冰冰,056,007,
最新排行(簡譜)：最新單曲,你的新衫,黃乙玲,056,009,
最新排行(簡譜)：最新單曲,浪子回頭,郭桂彬,056,011,
流行豆芽譜,你不會,S.H.E,056,012,
最新排行(簡譜)：最新單曲,我是男子漢,張誌家,056,013,
最新排行(簡譜)：最新單曲,牽手做陣行,蔡小虎/龍千玉,056,015,
最新排行(簡譜)：最新單曲,傷心新機場,黃乙玲,056,017,
流行豆芽譜,No Body,Wonder Girls,056,017,
最新排行(簡譜)：最新單曲,愛你好不好,白冰冰/楊烈,056,019,
最新排行(簡譜)：最新單曲,And I Know,蕭亞軒/順子,056,021,
最新排行(簡譜)：最新單曲,Andy,阿杜,056,023,
流行豆芽譜,生理時鐘,羅志祥,056,023,
最新排行(簡譜)：最新單曲,Free,張玉華,056,025,
最新排行(簡譜)：最新單曲,愛,莫文蔚,056,027,
流行豆芽譜,愛上你,S.H.E,056,028,偶像劇《就想賴著你》片尾曲
最新排行(簡譜)：最新單曲,路,戴佩妮,056,029,
最新排行(簡譜)：最新單曲,天黑,阿杜,056,031,韓劇「善姬與真姬」片尾曲
流行豆芽譜,螢火蟲,張傑,056,032,
最新排行(簡譜)：最新單曲,汽球,許哲珮,056,033,
最新排行(簡譜)：最新單曲,原諒,張玉華,056,035,
最新排行(簡譜)：最新單曲,插曲,蕭亞軒,056,037,
流行豆芽譜,以前以後,A-Lin,056,038,
最新排行(簡譜)：最新單曲,想哭,陳奕迅,056,039,
最新排行(簡譜)：最新單曲,愛過,戴佩妮,056,041,
最新排行(簡譜)：最新單曲,撕夜,阿杜,056,043,
流行豆芽譜,淺藍深藍,伍思凱,056,044,電影《淺藍深藍》主題曲
最新排行(簡譜)：最新單曲,808,鄭秀文,056,045,
最新排行(簡譜)：最新單曲,不一定,戴佩妮,056,047,
最新排行(簡譜)：最新單曲,愛人哪,巫啟賢,056,049,
流行豆芽譜,愛不單行,羅志祥,056,050,
最新排行(簡譜)：最新單曲,跟著我,溫嵐,056,051,
最新排行(簡譜)：最新單曲,說清楚,鄭秀文,056,053,
最新排行(簡譜)：最新單曲,謝謝儂,陳奕迅,056,055,
流行豆芽譜,習慣就好,羅志祥,056,056,
最新排行(簡譜)：最新單曲,你的背包,陳奕迅,056,057,
最新排行(簡譜)：最新單曲,男人的錯,陳奕迅,056,059,
最新排行(簡譜)：最新單曲,時間快轉,戴佩妮,056,061,
流行豆芽譜,折疊式愛情,楊丞琳,056,061,
最新排行(簡譜)：最新單曲,熱帶雨林,S.H.E,056,063,
最新排行(簡譜)：最新單曲,靠近一點,游鴻明,056,065,
流行豆芽譜,荊棘裡的花,飛兒樂團,056,066,
最新排行(簡譜)：最新單曲,屬於自己,張玉華,056,067,
最新排行(簡譜)：最新單曲,戀愛頻率,許志安/許慧欣,056,069,
最新排行(簡譜)：最新單曲,2月14日,蕭淑慎,056,071,
流行豆芽譜,背對背擁抱,林俊傑,056,072,
最新排行(簡譜)：最新單曲,天天看到妳,阿杜,056,073,
最新排行(簡譜)：最新單曲,全世界失眠,陳奕迅,056,075,
最新排行(簡譜)：最新單曲,我還能愛誰,許志安,056,077,
流行豆芽譜,匿名的好友,楊丞琳,056,077,
最新排行(簡譜)：最新單曲,幸福的形狀,蕭淑慎,056,079,
最新排行(簡譜)：最新單曲,重傷的汗水,張誌家,056,081,
流行豆芽譜,習慣兩個人,言承旭,056,082,
最新排行(簡譜)：最新單曲,記得要忘記,S.H.E,056,083,
最新排行(簡譜)：最新單曲,街角的祝福,戴佩妮,056,085,
最新排行(簡譜)：最新單曲,繼續愛下去,巫啟賢,056,087,
流行豆芽譜,想你就寫信,浪花兄弟,056,087,韓劇《愛你千萬次》片尾曲
最新排行(簡譜)：最新單曲,他一定很愛你,阿杜,056,089,
最新排行(簡譜)：最新單曲,單人房雙人床,莫文蔚,056,091,
流行豆芽譜,現在我很幸福,A-Lin,056,092,
最新排行(簡譜)：最新單曲,戀上另一個人,游鴻明,056,093,
流行豆芽譜,台灣的心跳聲,蔡依林,056,098,上海《世界博覽會台灣館》主題曲
流行豆芽譜,分手需要練習的,A-Lin,056,103,
流行豆芽譜,無盡透明的思念,瘐澄慶,056,108,韓劇《燦爛的遺產》片尾曲
流行豆芽譜,向日葵盛開的夏天,飛兒樂團,056,114,
流行豆芽譜,第幾個100天,林俊傑,056,120,
最新排行(簡譜)：最新單曲,手中沙,王識賢,055,001,
最新排行(簡譜)：最新單曲,同心船,袁小迪/龍千玉,055,003,
流行豆芽譜,La Vie Een Rose,張菲,055,004,
最新排行(簡譜)：最新單曲,相欠債,謝金燕,055,005,
最新排行(簡譜)：最新單曲,越頭看,蔡秋鳳/陳冠蒲,055,007,
流行豆芽譜,等,王心凌,055,008,
最新排行(簡譜)：最新單曲,飽擱醉,蔡秋鳳,055,009,
最新排行(簡譜)：最新單曲,花落土時,蔡秋鳳,055,011,
最新排行(簡譜)：最新單曲,青春曼波,王識賢/謝金燕,055,013,
流行豆芽譜,不屑,黃鴻升,055,013,
最新排行(簡譜)：最新單曲,純情的悲傷,張秀卿,055,015,
最新排行(簡譜)：最新單曲,千里路萬里情,龍千玉,055,017,
流行豆芽譜,切歌,李聖傑,055,018,
最新排行(簡譜)：最新單曲,粉紅色的凸床,萬芳/陳昇/阿VON,055,019,
最新排行(簡譜)：最新單曲,愛著一個不該愛的人,龍千玉,055,023,
流行豆芽譜,刺蝟,溫嵐,055,023,
最新排行(簡譜)：最新單曲,A級娛樂,張惠妹,055,025,
最新排行(簡譜)：最新單曲,It's Gonna Be Alright,順子,055,027,
流行豆芽譜,雨愛,楊丞琳,055,028,偶像劇【海派甜心】片尾曲
最新排行(簡譜)：最新單曲,Magic,戴愛玲,055,029,
最新排行(簡譜)：最新單曲,凹凸,梁詠琪,055,031,
最新排行(簡譜)：最新單曲,因為,蘇慧倫,055,033,
流行豆芽譜,說謊,林宥嘉,055,034,電影短片【針尖上的天使】主題曲
最新排行(簡譜)：最新單曲,星空,ZIP,055,035,
最新排行(簡譜)：最新單曲,捨得,鄭秀文,055,037,
最新排行(簡譜)：最新單曲,眷戀,順子,055,039,
流行豆芽譜,小星星,王心凌,055,039,偶像劇【桃花小妹】插曲
最新排行(簡譜)：最新單曲,湖水,梁詠琪,055,041,
最新排行(簡譜)：最新單曲,等愛,ZIP,055,043,
最新排行(簡譜)：最新單曲,一點點,伍佰,055,045,
流行豆芽譜,幸運草,丁噹,055,045,偶像劇【下一站幸福】插曲
最新排行(簡譜)：最新單曲,因為你,蕭亞軒,055,047,
最新排行(簡譜)：最新單曲,有你在,梁靜茹,055,049,
流行豆芽譜,帶我飛,林志玲,055,050,電影【刺陵】片尾曲
最新排行(簡譜)：最新單曲,我喜歡,梁靜茹,055,051,
最新排行(簡譜)：最新單曲,看星星,戴愛玲,055,053,
最新排行(簡譜)：最新單曲,情歌手,彭佳慧,055,055,
流行豆芽譜,一秒也好,卓文萱,055,056,
最新排行(簡譜)：最新單曲,天衣無縫,鄭秀文,055,057,
最新排行(簡譜)：最新單曲,死心塌地,永邦,055,059,
最新排行(簡譜)：最新單曲,真命天子,戴愛玲,055,061,
流行豆芽譜,失業情歌,胡彥斌,055,062,
最新排行(簡譜)：最新單曲,真愛尺碼,張清芳,055,063,
最新排行(簡譜)：最新單曲,愛不持久,SOS,055,065,
最新排行(簡譜)：最新單曲,可惜你不在,戴愛玲,055,067,
流行豆芽譜,好久不見,蔡依林,055,068,
最新排行(簡譜)：最新單曲,我們的寂寞,蕭亞軒,055,069,
最新排行(簡譜)：最新單曲,我就是愛你,洪暐,055,071,
最新排行(簡譜)：最新單曲,把自己敲醒,張清芳,055,073,
流行豆芽譜,青梅竹馬,周治平,055,073,電視劇【青梅竹馬】片頭曲
最新排行(簡譜)：最新單曲,幸福的預感,梁靜茹,055,075,
最新排行(簡譜)：最新單曲,恰好的寂寞,順子,055,077,
流行豆芽譜,幫妳記得,潘裕文,055,078,電影【生命最後一個月的花嫁】中文指定曲
最新排行(簡譜)：最新單曲,酒矸倘賣否,那英,055,079,
最新排行(簡譜)：最新單曲,愛了就知道,戴愛玲,055,081,
最新排行(簡譜)：最新單曲,溫柔的晚安,周渝民,055,083,
流行豆芽譜,沒那麼簡單,黃小琥,055,084,
最新排行(簡譜)：最新單曲,我真的受傷了,張學友,055,085,
最新排行(簡譜)：最新單曲,最驕傲的理由,庾澄慶,055,087,
最新排行(簡譜)：最新單曲,我愛的人他不愛我,洪暐,055,089,
流行豆芽譜,哭過就好了,梁文音,055,089,偶像劇【紫玫瑰】片尾曲
最新排行(簡譜)：最新單曲,蘭花小館12點見,張清芳,055,091,
最新排行(簡譜)：最新單曲,神阿請多給我一點力量,本多RuRu,055,093,
流行豆芽譜,三個願望,梁文音,055,093,
流行豆芽譜,你不愛我了,袁詠琳,055,098,
流行豆芽譜,我全都相信,溫嵐,055,102,
流行豆芽譜,火燒的寂寞,信,055,108,韓劇【燦爛的遺產】片頭曲
流行豆芽譜,會痛的石頭,蕭敬騰,055,113,
流行豆芽譜,看得最遠的地方,張韶涵,055,118,韓劇【愛的謊言】片尾曲/電影【非常完美】插曲
流行豆芽譜,你為什麼說謊,丁噹,055,123,偶像劇【下一站幸福】插曲
最新排行(簡譜)：最新單曲,怨天,林沐樺,054,001,
最新排行(簡譜)：最新單曲,恩情,黃乙玲,054,003,
流行豆芽譜,坦白,蕭亞軒,054,004,
最新排行(簡譜)：最新單曲,少年A,董事長樂團,054,005,
最新排行(簡譜)：最新單曲,哎呀呀,張秀卿,054,007,
最新排行(簡譜)：最新單曲,一心一意,黃妃,054,009,
流行豆芽譜,紅豆,方大同,054,010,
最新排行(簡譜)：最新單曲,初戀的愛,王瑞霞,054,011,
最新排行(簡譜)：最新單曲,最後一站,鄭進一,054,013,
最新排行(簡譜)：最新單曲,離別的酒,袁小迪/龍千玉,054,015,
流行豆芽譜,無眠,蘇打綠,054,015,韓劇【妻子的誘惑】片尾曲
最新排行(簡譜)：最新單曲,不免講這多,林沐樺,054,017,
最新排行(簡譜)：最新單曲,咖啡變滾水,張秀卿,054,019,
流行豆芽譜,暗示,方炯鑌/弦子,054,020,
最新排行(簡譜)：最新單曲,寫乎啥米人,黃小琥,054,021,
最新排行(簡譜)：最新單曲,無緣愛你一生,張秀卿,054,023,
最新排行(簡譜)：最新單曲,若沒愛你要愛誰,黃妃,054,025,
流行豆芽譜,親人,丁噹,054,026,"三立偶像劇【下一站,幸福】插曲"
最新排行(簡譜)：最新單曲,Belief,S.H.E,054,027,
最新排行(簡譜)：最新單曲,Make A Wish,周渝民,054,029,
最新排行(簡譜)：最新單曲,Remember,S.H.E,054,031,
流行豆芽譜,遺憾,方炯鑌,054,032,
最新排行(簡譜)：最新單曲,Venus,孫燕姿,054,033,
最新排行(簡譜)：最新單曲,別,丁文琪,054,035,
流行豆芽譜,召喚獸,陳乃榮,054,036,偶像劇《終極三國》插曲
最新排行(簡譜)：最新單曲,不說,丁文琪,054,037,
最新排行(簡譜)：最新單曲,快歌,蕭亞軒,054,039,
最新排行(簡譜)：最新單曲,花香,許紹洋,054,041,
流行豆芽譜,白白的,張韶涵,054,042,韓劇《貝多芬病毒》片尾曲.《BOBSON》牛仔褲主題曲
最新排行(簡譜)：最新單曲,淚光,梁詠琪,054,043,
最新排行(簡譜)：最新單曲,蝸牛,周杰倫,054,045,
最新排行(簡譜)：最新單曲,好預兆,彭佳慧,054,047,
流行豆芽譜,我愛他,丁噹,054,047,"三立偶像劇【下一站,幸福】主題曲"
最新排行(簡譜)：最新單曲,妳愛我,伍佰,054,049,
最新排行(簡譜)：最新單曲,亮晶晶,彭佳慧,054,051,
最新排行(簡譜)：最新單曲,問自己,蕭亞軒,054,053,
流行豆芽譜,放棄你,郭書瑤,054,054,
最新排行(簡譜)：最新單曲,對不起,周杰倫,054,055,
最新排行(簡譜)：最新單曲,薰衣草,陳慧琳,054,057,
最新排行(簡譜)：最新單曲,分手快樂,梁靜茹,054,059,
流行豆芽譜,放逐愛情,解偉苓,054,059,偶像劇《痞子英雄》插曲
最新排行(簡譜)：最新單曲,世界末日,周杰倫,054,061,
最新排行(簡譜)：最新單曲,我好想他,容祖兒,054,063,
流行豆芽譜,隱形紀念,蔡淳佳,054,064,
最新排行(簡譜)：最新單曲,求救專線,周渝民,054,065,
最新排行(簡譜)：最新單曲,命中註定,庾澄慶,054,067,
最新排行(簡譜)：最新單曲,威廉古堡,周杰倫,054,069,
流行豆芽譜,轉瞬為風,永邦,054,070,
最新排行(簡譜)：最新單曲,愛在愛你,周渝民,054,071,
最新排行(簡譜)：最新單曲,愛情抗體,許慧欣,054,073,
最新排行(簡譜)：最新單曲,你走了之後,蘇永康,054,075,
流行豆芽譜,愛的魔法,夏宇童,054,076,電影【情聖終結者】主題曲
最新排行(簡譜)：最新單曲,我恨我愛你,張惠妹,054,077,
最新排行(簡譜)：最新單曲,真的用了心,成龍,054,079,
最新排行(簡譜)：最新單曲,深邃與甜蜜,張清芳,054,081,
流行豆芽譜,愛的抱抱,郭書瑤,054,081,
最新排行(簡譜)：最新單曲,分不到你的愛,黃小琥,054,083,
最新排行(簡譜)：最新單曲,我喜歡你快樂,蕭亞軒,054,085,
流行豆芽譜,愛過了頭,蕭敬騰,054,086,韓劇【妻子的誘惑】片尾曲
最新排行(簡譜)：最新單曲,提醒我的傷心,關淑怡,054,087,
最新排行(簡譜)：最新單曲,兩個人的下雪天,許慧欣,054,089,
最新排行(簡譜)：最新單曲,親愛的你在哪裡,袁耀發,054,091,
流行豆芽譜,好膽你就來,張惠妹,054,091,
最新排行(簡譜)：最新單曲,當我們擁抱的時候,蘇永康,054,093,
流行豆芽譜,幸福的時光,潘裕文/徐宛鈴,054,096,電視劇《那一年的幸福時光》片尾曲
流行豆芽譜,閃亮的日子,胡彥斌,054,102,中視電視劇《光陰的故事》插曲
流行豆芽譜,會長大的幸福,Tank,054,108,
流行豆芽譜,愛一直存在,梁文音,054,115,偶像劇《紫玫瑰》主題曲
流行豆芽譜,夢中做憨人,張惠妹,054,121,
最新排行(簡譜)：最新單曲,代替,謝金燕,053,001,
最新排行(簡譜)：最新單曲,海鳥,鄭進一,053,003,
流行豆芽譜,不再,陳乃榮,053,004,
最新排行(簡譜)：最新單曲,海波浪,黃乙玲,053,005,
最新排行(簡譜)：最新單曲,煙花淚,鄭進一,053,007,
最新排行(簡譜)：最新單曲,異鄉之戀,龍千玉,053,009,
流行豆芽譜,分生,張惠妹,053,010,
最新排行(簡譜)：最新單曲,船,那英,053,011,
最新排行(簡譜)：最新單曲,十二月的情批,黃乙玲,053,013,
流行豆芽譜,出口,徐佳瑩,053,014,
最新排行(簡譜)：最新單曲,男人情女人心,袁小迪/龍千玉,053,015,
最新排行(簡譜)：最新單曲,Dear Friend,順子,053,017,
最新排行(簡譜)：最新單曲,Happy Day,李威/林佑威,053,019,
流行豆芽譜,掉了,張惠妹,053,020,
最新排行(簡譜)：最新單曲,Lonely Christmas,黃小琥,053,021,
最新排行(簡譜)：最新單曲,蛇,伍佰,053,023,
最新排行(簡譜)：最新單曲,忘了,高慧君,053,025,
流行豆芽譜,掌紋,曹格,053,025,
最新排行(簡譜)：最新單曲,翅膀,伍佰,053,027,
最新排行(簡譜)：最新單曲,路人,彭佳慧,053,029,
流行豆芽譜,暗戀,張智成,053,030,
最新排行(簡譜)：最新單曲,暴雨,伍佰,053,031,
最新排行(簡譜)：最新單曲,斷了,伍佰,053,033,
最新排行(簡譜)：最新單曲,深呼吸,周華健,053,035,
流行豆芽譜,一公里,許茹芸,053,036,
最新排行(簡譜)：最新單曲,無言歌,劉虹嬅,053,037,
最新排行(簡譜)：最新單曲,橄欖樹,孫燕姿,053,039,
最新排行(簡譜)：最新單曲,天天想你,五月天,053,041,
流行豆芽譜,哼情歌,徐佳瑩,053,042,
最新排行(簡譜)：最新單曲,快樂為主,許慧欣,053,043,
最新排行(簡譜)：最新單曲,夢的河流,伍佰,053,045,
流行豆芽譜,我不會愛,蕭敬騰,053,046,台視《明星的戀人》片頭片尾曲
最新排行(簡譜)：最新單曲,默讀傷悲,林憶蓮,053,047,
最新排行(簡譜)：最新單曲,戀戀真言,蘇慧倫,053,049,
最新排行(簡譜)：最新單曲,不變的諾言,李玟,053,051,
流行豆芽譜,幸福藥草,伍思凱,053,052,偶像劇《福氣又安康》片頭曲
最新排行(簡譜)：最新單曲,幸福的瞬間,許紹洋,053,053,
最新排行(簡譜)：最新單曲,第一個找你,許慧欣,053,055,
最新排行(簡譜)：最新單曲,第十三個月,黃小琥,053,057,
流行豆芽譜,甜蜜花園,林依晨,053,058,2009年黑松汽水年度廣告代言歌曲
最新排行(簡譜)：最新單曲,喜歡兩個人,彭佳慧,053,059,
最新排行(簡譜)：最新單曲,該怎麼愛你,梁詠琪,053,061,
最新排行(簡譜)：最新單曲,謝謝你愛我,容祖兒,053,063,
流行豆芽譜,螢火蟲,林依晨,053,064,
最新排行(簡譜)：最新單曲,快樂是自找的,趙之壁,053,065,
最新排行(簡譜)：最新單曲,夏天的聖誕節,B.A.D,053,067,
最新排行(簡譜)：最新單曲,捨不得說再見,林憶蓮,053,069,
流行豆芽譜,左邊右邊,楊培安,053,069,中視《神鵰俠侶》片尾曲
最新排行(簡譜)：最新單曲,在你和天空之間,趙之壁,053,071,
最新排行(簡譜)：最新單曲,愛上你是我的罪,高慧君,053,073,
流行豆芽譜,說說,棒棒堂,053,074,
最新排行(簡譜)：最新單曲,我依然相信你還愛我,劉虹嬅,053,075,
最新排行(簡譜)：最新單曲,原來愛你是這麼快樂,李威/林佑威,053,077,
最新排行(簡譜)：最新單曲,每次都想呼喊妳的名字,永邦,053,079,
流行豆芽譜,善男信女,蕭敬騰,053,079,
流行豆芽譜,傻的可以,范瑋琪,053,084,
流行豆芽譜,灰色的彩虹,范瑋琪,053,089,
流行豆芽譜,說分手之後,宋念宇,053,095,
流行豆芽譜,我會很愛你,言承旭,053,099,《Sony Walkman》廣告主題曲
流行豆芽譜,就要幸福了,夏宇童,053,104,偶像劇《福氣又安康》片尾曲
流行豆芽譜,與愛情無關,游鴻明,053,110,
流行豆芽譜,想知道你現在好不好,范瑋琪,053,117,(范瑋琪)韓劇《食客》片尾曲
流行豆芽譜,就站在這裡,宋念宇,053,123,
最新排行(簡譜)：最新單曲,一百萬,黃一飛,052,001,
最新排行(簡譜)：最新單曲,月娘茶,鄭進一,052,003,
流行豆芽譜,心牆,郭靜,052,004,電視劇【花樣男子流星花園】片尾曲
最新排行(簡譜)：最新單曲,落葉聲,羅文聰/關艾,052,005,
最新排行(簡譜)：最新單曲,煙花情,蔡振南/孫安妮,052,007,
流行豆芽譜,沸騰,戴愛玲,052,008,
最新排行(簡譜)：最新單曲,無免怨嗟,劉嘉玲,052,009,
最新排行(簡譜)：最新單曲,寂寞的城市,謝金燕,052,011,
最新排行(簡譜)：最新單曲,Beauty Up My Life,S.H.E,052,013,
流行豆芽譜,兩難,戴佩妮,052,014,
最新排行(簡譜)：最新單曲,Email,小雪,052,015,
最新排行(簡譜)：最新單曲,Oh I,B.A.D,052,017,
最新排行(簡譜)：最新單曲,反省,那英,052,019,
流行豆芽譜,畫心,張靚穎,052,019,電影【畫皮】插曲
最新排行(簡譜)：最新單曲,永遠,辛曉琪,052,021,
最新排行(簡譜)：最新單曲,坦白,袁惟仁,052,023,
最新排行(簡譜)：最新單曲,放逐,張學友,052,025,
流行豆芽譜,狠狠哭,郭采潔,052,025,
最新排行(簡譜)：最新單曲,故意,陳冠希,052,027,
最新排行(簡譜)：最新單曲,圓夢,康晉榮,052,029,
流行豆芽譜,我知道,By2,052,030,電視劇【比賽開始】片尾曲
最新排行(簡譜)：最新單曲,過冬,鍾汶,052,031,
最新排行(簡譜)：最新單曲,凝望,江美琪,052,033,
流行豆芽譜,黑裙子,張芸京,052,034,電視劇【敲敲愛上你】片尾曲
最新排行(簡譜)：最新單曲,打錯了,王菲,052,035,
最新排行(簡譜)：最新單曲,自由港,陳曉東,052,037,
最新排行(簡譜)：最新單曲,我好想,張信哲,052,039,
流行豆芽譜,離別曲,陳珊妮,052,040,
最新排行(簡譜)：最新單曲,為什麼,拾參,052,041,
最新排行(簡譜)：最新單曲,珍妮佛,康晉榮,052,043,
最新排行(簡譜)：最新單曲,紙飛機,林憶蓮,052,045,
流行豆芽譜,花蝴蝶,蔡依林,052,045,
最新排行(簡譜)：最新單曲,算了吧,董事長樂團,052,047,
最新排行(簡譜)：最新單曲,說真的,容祖兒,052,049,
流行豆芽譜,失落沙洲,徐佳瑩,052,050,
最新排行(簡譜)：最新單曲,失去聯絡,B.A.D,052,051,
最新排行(簡譜)：最新單曲,白色婚禮,許哲珮,052,053,
最新排行(簡譜)：最新單曲,你說得對,周華健,052,055,
流行豆芽譜,我沒有錯,蕭閎仁,052,056,
最新排行(簡譜)：最新單曲,挽回時間,永邦,052,057,
最新排行(簡譜)：最新單曲,夠了沒有,謝霆鋒,052,059,
最新排行(簡譜)：最新單曲,悲傷止步,蘇永康,052,061,
流行豆芽譜,"你在,不在",郭采潔,052,061,
最新排行(簡譜)：最新單曲,愛情餘味,張信哲,052,063,
最新排行(簡譜)：最新單曲,聽不到你,李威/林佑威,052,065,
流行豆芽譜,身騎白馬,徐佳瑩,052,066,
最新排行(簡譜)：最新單曲,戀戀不捨,易齊,052,067,
最新排行(簡譜)：最新單曲,天天說愛我,川島茉樹代,052,069,
最新排行(簡譜)：最新單曲,因為你沒說,張惠妹,052,071,
流行豆芽譜,傷心酒杯,周傳雄/李千娜,052,072,
最新排行(簡譜)：最新單曲,別問我愛誰,彭佳慧,052,073,
最新排行(簡譜)：最新單曲,我也和你一樣,張學友,052,075,
流行豆芽譜,我的依賴,蔡依林,052,076,
最新排行(簡譜)：最新單曲,我們都是貪愛的人,蘇永康,052,077,
最新排行(簡譜)：最新單曲,妳是我最深愛的人,永邦,052,079,
流行豆芽譜,全世界都停電,Tank,052,081,偶像劇【愛就宅ㄧ起】插曲
流行豆芽譜,在樹上唱歌,郭靜,052,086,2009【美國棉廣告】主題曲
流行豆芽譜,愈慢愈美麗,蔡依林,052,090,
流行豆芽譜,說你也一樣愛著我,張棟樑,052,096,
流行豆芽譜,我只是想要幸福,蘇永康,052,101,公視電視劇【心星的淚光】片尾曲
流行豆芽譜,如果不是因為妳,林志炫,052,105,
流行豆芽譜,又圓了的月亮,郭采潔,052,110,
流行豆芽譜,可不可以愛我,盧學叡,052,114,電視劇【王子看見二公主】片尾曲
流行豆芽譜,如果我變成回憶,Tank,052,120,
最新排行(簡譜)：最新單曲,人,江蕙,051,001,
最新排行(簡譜)：最新單曲,靠岸,江蕙,051,003,
最新排行(簡譜)：最新單曲,再出發,任賢齊,051,005,
流行豆芽譜,魚,陳綺貞,051,006,
最新排行(簡譜)：最新單曲,舊情人,王瑞霞,051,007,
最新排行(簡譜)：最新單曲,永遠愛你,謝金燕,051,009,
最新排行(簡譜)：最新單曲,等你靠岸,謝金燕,051,011,
流行豆芽譜,如煙,五月天,051,012,
最新排行(簡譜)：最新單曲,只愛你一個,謝金燕,051,013,
最新排行(簡譜)：最新單曲,愛情三溫暖,謝金燕,051,015,
最新排行(簡譜)：最新單曲,想到你就心酸酸,黃舒駿,051,017,
流行豆芽譜,天燈,梁靜茹,051,018,
最新排行(簡譜)：最新單曲,Baby 對不起,李玟,051,019,
最新排行(簡譜)：最新單曲,So Crazy,李玟,051,021,
最新排行(簡譜)：最新單曲,匆匆,任賢齊,051,023,
流行豆芽譜,妥協,蔡依林,051,023,
最新排行(簡譜)：最新單曲,安靜,周杰倫,051,025,
最新排行(簡譜)：最新單曲,刺蝟,鍾汶,051,027,
最新排行(簡譜)：最新單曲,流年,王菲,051,029,
最新排行(簡譜)：最新單曲,香水,謝霆鋒,051,031,
最新排行(簡譜)：最新單曲,真實,張惠妹,051,033,
流行豆芽譜,新歌,唐禹哲,051,033,
最新排行(簡譜)：最新單曲,記得,張惠妹,051,035,
最新排行(簡譜)：最新單曲,彩虹,紀曉君,051,037,
流行豆芽譜,空港,戴愛玲,051,038,韓劇【復活】片尾曲
流行豆芽譜,情歌,梁靜茹,051,039,電視劇【敗犬女王】插曲
最新排行(簡譜)：最新單曲,唯一,鍾汶,051,039,
最新排行(簡譜)：最新單曲,夢見,陶晶瑩,051,041,
最新排行(簡譜)：最新單曲,藍雨,張學友,051,043,
流行豆芽譜,秘密,藍又時,051,044,
最新排行(簡譜)：最新單曲,一點紅,謝霆鋒,051,045,
最新排行(簡譜)：最新單曲,刀馬旦,李玟,051,047,
最新排行(簡譜)：最新單曲,忘憂草,周華健,051,049,
流行豆芽譜,距離,陳綺貞,051,050,
最新排行(簡譜)：最新單曲,花太香,任賢齊,051,051,
最新排行(簡譜)：最新單曲,喜歡你,Sundy Girl,051,053,
流行豆芽譜,三人遊,方大同,051,054,
最新排行(簡譜)：最新單曲,愛依然,那英,051,055,
最新排行(簡譜)：最新單曲,簡單愛,周杰倫,051,057,
最新排行(簡譜)：最新單曲,雨和眼淚,四分衛,051,059,
流行豆芽譜,小夫妻,歐得洋/蔡淳佳,051,059,
最新排行(簡譜)：最新單曲,只想被你愛,徐懷鈺,051,061,
最新排行(簡譜)：最新單曲,永遠的畫面,張惠妹,051,063,
流行豆芽譜,降落傘,蔡依林,051,064,
最新排行(簡譜)：最新單曲,爸我回來了,周杰倫,051,065,
最新排行(簡譜)：最新單曲,愛在西元前,周杰倫,051,067,
最新排行(簡譜)：最新單曲,愛的就是你,王力宏,051,069,
流行豆芽譜,愛靈靈,戴愛玲,051,069,
最新排行(簡譜)：最新單曲,自然和你有關,陳予新,051,071,
最新排行(簡譜)：最新單曲,愛你會更快樂,陳予新,051,073,
流行豆芽譜,用力抱著,梁靜茹,051,074,
最新排行(簡譜)：最新單曲,現在才說我愛你,周華健,051,075,
最新排行(簡譜)：最新單曲,結束不是我要的結果,張學友,051,077,
最新排行(簡譜)：最新單曲,有沒有一首歌會讓你想起我,周華健,051,079,
流行豆芽譜,沒有如果,梁靜茹,051,080,電視劇【敗犬女王】片頭曲
流行豆芽譜,慣性背叛,蔡依林,051,086,
流行豆芽譜,可以不愛了,梁文音,051,092,
流行豆芽譜,另一個天堂,王力宏/張靚穎,051,099,
流行豆芽譜,別再為他流淚,梁靜茹,051,104,電視劇【敗犬女王】插曲
流行豆芽譜,假如妳還在這裡,羅志祥,051,110,
流行豆芽譜,你快樂我內傷,蔡依林,051,114,
流行豆芽譜,愛情之所以為愛情,梁靜茹,051,119,電視劇【敗犬女王】片尾曲
流行豆芽譜,心跳,王力宏,050,001,
最新排行(簡譜)：最新單曲,舊路,王識賢,050,001,
最新排行(簡譜)：最新單曲,情未了,秀蘭瑪雅,050,003,
最新排行(簡譜)：最新單曲,腳踏車,王識賢,050,005,
流行豆芽譜,Everything,王力宏,050,006,緯來戲劇台【真愛On Air】片尾曲/2008年【Sony Ericsson】廣告主題曲
最新排行(簡譜)：最新單曲,你無替阮想,秀蘭瑪雅,050,007,
最新排行(簡譜)：最新單曲,愛你愛到老,王識賢,050,009,
最新排行(簡譜)：最新單曲,歡喜跳恰恰,王瑞霞,050,011,
流行豆芽譜,缺席,黃靖倫,050,011,
最新排行(簡譜)：最新單曲,Let Me Go,張學友,050,013,
最新排行(簡譜)：最新單曲,Music All Night,林曉培,050,015,
最新排行(簡譜)：最新單曲,邂逅的那天,姜吉吉,050,017,(韓劇「情定大飯店」主題曲)
流行豆芽譜,搞笑,羅志祥,050,017,
最新排行(簡譜)：最新單曲,不哭,林曉培,050,019,
最新排行(簡譜)：最新單曲,幸福,蔡琴,050,021,
最新排行(簡譜)：最新單曲,客套,宋新妮,050,023,
流行豆芽譜,屬於,梁靜茹,050,023,
最新排行(簡譜)：最新單曲,飛吧,陳慧琳,050,025,
最新排行(簡譜)：最新單曲,旅程,張惠妹,050,027,
流行豆芽譜,Honey,王心凌,050,028,
最新排行(簡譜)：最新單曲,唯一,王力宏,050,029,
最新排行(簡譜)：最新單曲,練習,孫燕姿,050,031,
最新排行(簡譜)：最新單曲,再聯絡,范瑋琪,050,033,
流行豆芽譜,一句話,卓文萱,050,033,
最新排行(簡譜)：最新單曲,我挺你,徐懷鈺,050,035,
最新排行(簡譜)：最新單曲,傷感情,曾寶儀,050,037,
最新排行(簡譜)：最新單曲,一笑而過,那英,050,039,
流行豆芽譜,勾勾手,游喧,050,039,
最新排行(簡譜)：最新單曲,K歌之王,陳奕迅,050,041,
最新排行(簡譜)：最新單曲,不如跳舞,陳慧琳,050,043,
流行豆芽譜,冷戰,楊丞琳,050,044,
最新排行(簡譜)：最新單曲,心誠則靈,張惠妹,050,045,
最新排行(簡譜)：最新單曲,低等動物,陳奕迅,050,047,
最新排行(簡譜)：最新單曲,花房姑娘,林志炫,050,049,
流行豆芽譜,不甘示弱,張棟樑,050,049,偶像劇【無敵珊寶妹】插曲
最新排行(簡譜)：最新單曲,為你執著,周渝民,050,051,
最新排行(簡譜)：最新單曲,開不了口,周杰倫,050,053,
流行豆芽譜,我還想她,林俊傑,050,053,
最新排行(簡譜)：最新單曲,戀人未滿,S.H.E,050,055,
最新排行(簡譜)：最新單曲,1+1=0,溫嵐,050,057,
最新排行(簡譜)：最新單曲,欠你的溫柔,吳宗憲,050,059,
流行豆芽譜,幸福不滅,羅志祥,050,059,偶像劇【籃球火】插曲
最新排行(簡譜)：最新單曲,只說給你聽,許茹芸,050,061,
最新排行(簡譜)：最新單曲,我不是天使,那英,050,063,
最新排行(簡譜)：最新單曲,離別的車站,趙薇,050,065,
流行豆芽譜,第二順位,羅志祥,050,065,
最新排行(簡譜)：最新單曲,上海一九四三,周杰倫,050,067,
最新排行(簡譜)：最新單曲,不是真的愛我,孫燕姿,050,069,
流行豆芽譜,壞人,方炯鑌,050,070,電視劇【牽牛花開的日子】片尾曲
最新排行(簡譜)：最新單曲,數到三就不哭,陳慧琳,050,071,
最新排行(簡譜)：最新單曲,如果這都不算愛,張學友,050,073,
最新排行(簡譜)：最新單曲,我又不是沒愛過,徐懷鈺,050,075,
流行豆芽譜,愛的城堡,卓文萱,050,075,
最新排行(簡譜)：最新單曲,遇見另外一個人,許茹芸,050,077,
最新排行(簡譜)：最新單曲,你怎麼連話都說不清楚,蔡依林,050,079,
流行豆芽譜,檸檬愛玉,江蕙/方炯鑌,050,081,
流行豆芽譜,甲你攬牢牢,江蕙,050,087,
流行豆芽譜,告別的時代,信,050,093,
流行豆芽譜,明天天氣晴,桑田佳祐,050,098,日劇【求婚大作戰】主題曲
流行豆芽譜,跳舞到天光,江蕙,050,105,
流行豆芽譜,最幸福的事,梁文音,050,111,
流行豆芽譜,麵包的滋味,林依晨,050,116,偶像劇【我的億萬麵包】片尾曲
流行豆芽譜,在你懷裡的微笑,楊丞琳,050,122,
流行豆芽譜,月光,黃靖倫,049,001,韓劇【堅強的野花】片尾曲
最新排行(簡譜)：最新單曲,家後,江蕙,049,001,
最新排行(簡譜)：最新單曲,放袂開,江蕙,049,003,
最新排行(簡譜)：最新單曲,醉情人,王識賢/謝金燕,049,005,
最新排行(簡譜)：最新單曲,金枝玉葉,葉歡/林煒/王美雪/張晨光,049,007,
流行豆芽譜,花海,周杰倫,049,007,
最新排行(簡譜)：最新單曲,悔不當初,王識賢,049,009,
最新排行(簡譜)：最新單曲,Ok啦 Ok La,五月天,049,011,
最新排行(簡譜)：最新單曲,有心無心,郭婷筠,147,095,
最新排行(簡譜)：最新單曲,查某囡仔,李千娜,147,097,
最新排行(簡譜)：最新單曲,心內一句話,張星唯/蔡義德,147,100,電視劇《牽手》片尾曲
最新排行(簡譜)：最新單曲,好運一直來,明日之星,147,102,
最新排行(簡譜)：最新單曲,酒後的心聲,江蕙,147,104,
最新排行(簡譜)：最新單曲,至少我還記得,周興哲,147,106,
最新排行(簡譜)：最新單曲,忘了你忘了我,王傑,147,109,
最新排行(簡譜)：最新單曲,在青春迷失的咖啡館,王心凌,147,111,
最新排行(簡譜)：最新單曲,力量,邱賢桂,146,012,電視劇《金家好媳婦》片頭曲
最新排行(簡譜)：最新單曲,向望(映望),郭婷筠,146,014,電視劇《大時代》片頭曲
最新排行(簡譜)：最新單曲,不得已,李明洋,146,016,電視劇《金家好媳婦》片尾曲
最新排行(簡譜)：最新單曲,甘巴爹,張文綺,146,018,
最新排行(簡譜)：最新單曲,冷酸風,陳百潭/陳凱欣,146,020,電視劇《戲說台灣》片尾曲
最新排行(簡譜)：最新單曲,雲中花,洪榮宏/張靜云,146,022,
最新排行(簡譜)：最新單曲,過路情,陳百潭/陳有娜,146,024,
最新排行(簡譜)：最新單曲,醉萬年,陳百潭,146,026,
最新排行(簡譜)：最新單曲,聽雨聲,郭忠祐,146,028,電視劇《金家好媳婦》片尾曲
最新排行(簡譜)：最新單曲,人生車站,洪榮宏,146,032,電視劇《金家好媳婦》片頭曲
最新排行(簡譜)：最新單曲,青葉紅花,林俊吉/方千玉,146,034,電視劇《含笑食堂》片頭曲
最新排行(簡譜)：最新單曲,浪子回頭,茄子蛋,146,036,
最新排行(簡譜)：最新單曲,歹物仔緊閃,張文綺,146,038,電視劇《戲說台灣》片頭曲
最新排行(簡譜)：最新單曲,作陣彼一暝,阿吉仔,146,040,
最新排行(簡譜)：最新單曲,阿母的一生,李明洋,146,042,
最新排行(簡譜)：最新單曲,愛我你會死2018,草屯囝仔,146,044,
最新排行(簡譜)：最新單曲,十七,S.H.E,146,046,
最新排行(簡譜)：最新單曲,十七,王源,146,048,
最新排行(簡譜)：最新單曲,凡人,蕭秉治,146,050,
最新排行(簡譜)：最新單曲,忘課,楊丞琳,146,052,電視劇《前男友不是人》片尾曲
最新排行(簡譜)：最新單曲,星火,F.I.R.Lydia,146,054,電影《鬥魚》主題曲
最新排行(簡譜)：最新單曲,珍惜,孫露,146,056,
最新排行(簡譜)：最新單曲,倒數,鄧紫棋,146,058,
最新排行(簡譜)：最新單曲,夠愛,曾沛慈,146,060,電視劇《終極三國》片尾曲
最新排行(簡譜)：最新單曲,淚了,曾沛慈,146,062,電視劇《終極三國》片尾曲
最新排行(簡譜)：最新單曲,過客,阿涵,146,064,
最新排行(簡譜)：最新單曲,聽雪,張碧晨,146,066,電視劇《烈火如歌》插曲
最新排行(簡譜)：最新單曲,如歌,張杰,146,068,電視劇《烈火如歌》主題曲*
最新排行(簡譜)：最新單曲,致青春,八三夭樂團,146,071,手機遊戲《琅琊榜 3D》主題曲
最新排行(簡譜)：最新單曲,男人花,黃勇,146,074,
最新排行(簡譜)：最新單曲,紅牆嘆,胡夏,146,076,電視劇《延禧攻略》片尾曲
最新排行(簡譜)：最新單曲,搭錯車,丁噹,146,078,《搭錯車音樂劇》主題曲
最新排行(簡譜)：最新單曲,董小姐,宋冬野,146,080,
最新排行(簡譜)：最新單曲,學貓叫,小潘潘/小峰峰,146,082,
最新排行(簡譜)：最新單曲,一愛難求,徐佳瑩,146,084,電視劇《扶搖》片尾曲
最新排行(簡譜)：最新單曲,分身有術,李玖哲,146,086,電視劇《人際關係事務所》片尾曲
最新排行(簡譜)：最新單曲,王妃2.0,蕭敬騰,146,088,
最新排行(簡譜)：最新單曲,紙短情長,劉藝佳,146,091,
最新排行(簡譜)：最新單曲,年少有為,李榮浩,146,094,
最新排行(簡譜)：最新單曲,你的行李,謝震廷/徐靖玟,146,096,
最新排行(簡譜)：最新單曲,所謂的愛,小宇,146,098,
最新排行(簡譜)：最新單曲,空空如也,任然,146,100,
最新排行(簡譜)：最新單曲,永遠的永遠,五月天,049,013,
流行豆芽譜,情書,范逸臣,049,013,
最新排行(簡譜)：最新單曲,借問眾神明,五月天,049,015,
最新排行(簡譜)：最新單曲,想你到天光,江蕙,049,017,
流行豆芽譜,酸甜,S.H.E/飛輪海,049,018,內地【蒙牛酸酸乳】廣告曲
最新排行(簡譜)：最新單曲,感謝你無情,詹雅雯,049,019,
最新排行(簡譜)：最新單曲,愛到無命不知驚,王識賢,049,021,
最新排行(簡譜)：最新單曲,Goodbye My Love 先說再見,Tension,049,023,
流行豆芽譜,稻香,周杰倫,049,023,
最新排行(簡譜)：最新單曲,I Believe,陶吉吉,049,025,
最新排行(簡譜)：最新單曲,Lucky Number,蔡依林,049,027,
流行豆芽譜,右手邊,光良,049,028,電影「Always幸福的三町目」中文主題曲
最新排行(簡譜)：最新單曲,我不,侯湘婷,049,029,
最新排行(簡譜)：最新單曲,相信,五月天,049,031,
流行豆芽譜,天亮了,S.H.E,049,032,
最新排行(簡譜)：最新單曲,風箏,蔡琴,049,033,
最新排行(簡譜)：最新單曲,逃亡,孫燕姿,049,035,
最新排行(簡譜)：最新單曲,純真,五月天,049,037,
流行豆芽譜,小酒窩,林俊傑/蔡卓研,049,037,
最新排行(簡譜)：最新單曲,想家,卓文萱,049,039,
最新排行(簡譜)：最新單曲,想起,江美琪,049,041,
最新排行(簡譜)：最新單曲,綠光,孫燕姿,049,043,
流行豆芽譜,出頭天,五月天,049,043,【三商美邦人壽】廣告曲
最新排行(簡譜)：最新單曲,膩了,劉德華,049,045,
最新排行(簡譜)：最新單曲,二楞子,陳小春,049,047,
最新排行(簡譜)：最新單曲,地下鐵,游鴻明,049,049,
流行豆芽譜,安靜了,S.H.E,049,049,
最新排行(簡譜)：最新單曲,看上她,黎明,049,051,
最新排行(簡譜)：最新單曲,流星雨,F4,049,053,
流行豆芽譜,時光機,周杰倫,049,054,
最新排行(簡譜)：最新單曲,不如這樣,陳奕迅,049,055,
最新排行(簡譜)：最新單曲,永保安康,吳宗憲,049,057,
最新排行(簡譜)：最新單曲,他沒有錯,范瑋琪,049,059,
流行豆芽譜,愛太痛,吳克群,049,060,
最新排行(簡譜)：最新單曲,情不自禁,蔡依林,049,061,
最新排行(簡譜)：最新單曲,眼淚知道,溫嵐,049,063,
最新排行(簡譜)：最新單曲,第一時間,F4,049,065,
流行豆芽譜,帶我走,楊丞琳,049,065,
最新排行(簡譜)：最新單曲,愛情字典,孫燕姿,049,067,
最新排行(簡譜)：最新單曲,隨堂測驗,孫燕姿,049,069,
最新排行(簡譜)：最新單曲,偷聽女孩心,劉德華,049,071,
流行豆芽譜,捨不得,弦子,049,071,
最新排行(簡譜)：最新單曲,喜歡原諒別人,游鴻明,049,073,
最新排行(簡譜)：最新單曲,一千零一個願望,4 in Love,049,075,
最新排行(簡譜)：最新單曲,最想環遊的世界,梁靜茹,049,077,
流行豆芽譜,蘭亭序,周杰倫,049,077,
最新排行(簡譜)：最新單曲,親愛的你怎麼不在身邊,江美琪,049,079,
流行豆芽譜,笨的可以,郭采潔,049,083,偶像劇【無敵珊寶妹】插曲
流行豆芽譜,魔術先生,周杰倫,049,089,
流行豆芽譜,月光手札,S.H.E,049,095,
流行豆芽譜,突然好想你,五月天,049,100,
流行豆芽譜,愛你愛到死,楊蕎安/同恩/夏宇童,049,105,
流行豆芽譜,說好的幸福呢,周杰倫,049,110,
流行豆芽譜,給我一首歌的時間,周杰倫,049,115,
流行豆芽譜,你不是真正的快樂,五月天,049,120,
流行豆芽譜,Missing You,范逸臣,048,001,韓劇【咖啡王子1號店】片尾曲
最新排行(簡譜)：最新單曲,好不好,五月天,048,001,
最新排行(簡譜)：最新單曲,命運簿,詹雅雯,048,003,
最新排行(簡譜)：最新單曲,感情線,江蕙,048,005,
流行豆芽譜,tay With Me,蔡旻佑,048,006,偶像劇【咖啡王子1號店】片頭曲
最新排行(簡譜)：最新單曲,把我忘掉,施文彬,048,007,
最新排行(簡譜)：最新單曲,多情傷心肝,林姍,048,009,
最新排行(簡譜)：最新單曲,歌聲滿天下,江蕙,048,011,
流行豆芽譜,怪胎,鄭中基,048,011,
最新排行(簡譜)：最新單曲,路邊的小野花,洪榮宏,048,013,
最新排行(簡譜)：最新單曲,暝那會這呢長,江美麗,048,015,
流行豆芽譜,轉機,潘瑋柏,048,015,
最新排行(簡譜)：最新單曲,Can U Feel It,溫嵐,048,017,
最新排行(簡譜)：最新單曲,天亮,曾寶儀,048,019,
流行豆芽譜,下雨天,南拳媽媽,048,020,韓劇【遊戲女王】片尾曲
最新排行(簡譜)：最新單曲,任性,孫燕姿,048,021,
最新排行(簡譜)：最新單曲,存在,曾寶儀,048,023,
最新排行(簡譜)：最新單曲,收穫,劉若英,048,025,
流行豆芽譜,不完美,李玖哲,048,025,
最新排行(簡譜)：最新單曲,風箏,孫燕姿,048,027,
最新排行(簡譜)：最新單曲,荒唐,Landy,048,029,
最新排行(簡譜)：最新單曲,替身,張宇,048,031,
流行豆芽譜,情花開,張棟樑,048,032,偶像劇【無敵珊寶妹】片頭曲
最新排行(簡譜)：最新單曲,割心,張宇,048,033,
最新排行(簡譜)：最新單曲,想說,許志安,048,035,
最新排行(簡譜)：最新單曲,醉後,Landy,048,037,
流行豆芽譜,野玫瑰,范逸臣/中孝介,048,037,電影【海角七號】插曲
最新排行(簡譜)：最新單曲,證據,楊乃文,048,039,
最新排行(簡譜)：最新單曲,願意,劉德華,048,041,
流行豆芽譜,猜不透,丁噹,048,041,
最新排行(簡譜)：最新單曲,不像你,張宇,048,043,
最新排行(簡譜)：最新單曲,北斗星,溫嵐,048,045,
流行豆芽譜,我愛上的,丁噹,048,046,
最新排行(簡譜)：最新單曲,都是他,林凡,048,047,
最新排行(簡譜)：最新單曲,人生海海,五月天,048,049,
最新排行(簡譜)：最新單曲,兩個冬天,侯湘婷,048,051,
流行豆芽譜,千山萬水,周杰倫,048,051,【2008年北京奧運徵集歌曲】
最新排行(簡譜)：最新單曲,長長久久,張宇,048,053,
最新排行(簡譜)：最新單曲,相思河畔,曾寶儀,048,055,
流行豆芽譜,不夠成熟,BY2,048,055,
最新排行(簡譜)：最新單曲,重愛輕友,黎明,048,057,
最新排行(簡譜)：最新單曲,閃亮的心,梁靜茹,048,059,
最新排行(簡譜)：最新單曲,舊愛新歡,李宗盛/潘越雲,048,061,
流行豆芽譜,各自遠颺,中孝介,048,061,電影【海角七號】插曲
最新排行(簡譜)：最新單曲,如果不想要,蔡依林,048,063,
最新排行(簡譜)：最新單曲,別問舊傷口,辛曉琪,048,065,
最新排行(簡譜)：最新單曲,無條件為你,梁靜茹,048,067,
流行豆芽譜,為你而活,賴銘偉/黃美珍,048,067,韓劇【王與我】片頭曲
最新排行(簡譜)：最新單曲,踢出個未來,劉德華,048,069,
最新排行(簡譜)：最新單曲,如果你還愛我,光良,048,071,
最新排行(簡譜)：最新單曲,如果還有明天,薛岳,048,073,
流行豆芽譜,國境之南,范逸臣,048,073,電影【海角七號】插曲
最新排行(簡譜)：最新單曲,胡同裡有隻貓,Landy,048,075,
最新排行(簡譜)：最新單曲,能不能不要說,五月天,048,077,
流行豆芽譜,無樂不作,范逸臣,048,077,電影【海角七號】主題曲
最新排行(簡譜)：最新單曲,你依然在我心深處,胡瓜,048,079,
流行豆芽譜,眼淚笑了,劉力揚,048,083,
流行豆芽譜,今天情人節,梁靜茹,048,088,
流行豆芽譜,微笑的起點,范瑋琪,048,093,
流行豆芽譜,時代的宿命,海角七號,048,098,電影【海角七號】配樂
流行豆芽譜,親愛的小孩,楊培安,048,101,韓劇【六個小孩】片頭曲
流行豆芽譜,滿滿的都是愛,梁靜茹,048,106,
流行豆芽譜,如果能在一起,梁靜茹,048,112,電影【新郎不是我】主題曲
流行豆芽譜,沿海公路的出口,S.H.E,048,117,
流行豆芽譜,伯樂,林宥嘉,047,001,韓劇【王與我】片尾曲
最新排行(簡譜)：最新單曲,照鏡,白冰冰,047,001,
最新排行(簡譜)：最新單曲,母親花,阿吉仔,047,003,
最新排行(簡譜)：最新單曲,再相會,江蕙,047,005,
流行豆芽譜,Believe,AI,047,006,日劇【醫龍1】主題曲
最新排行(簡譜)：最新單曲,夢會醒,劉佳軒,047,007,
最新排行(簡譜)：最新單曲,註定孤單,楊宗憲,047,009,
最新排行(簡譜)：最新單曲,一嘴乾一杯,江蕙,047,011,(民視「金枝玉葉」片尾曲)
流行豆芽譜,知道,郭靜,047,011,
最新排行(簡譜)：最新單曲,有你的城市,李明洋,047,013,
最新排行(簡譜)：最新單曲,笑笑看前途,白冰冰,047,015,
最新排行(簡譜)：最新單曲,牽手鬥陣行,阿吉仔/吳映臻,047,017,
流行豆芽譜,衝動,蕭亞軒,047,017,
最新排行(簡譜)：最新單曲,痛苦女人心,葉啟田,047,019,
最新排行(簡譜)：最新單曲,我愛我的歌迷,陳盈潔,047,021,
流行豆芽譜,收藏,蕭敬騰,047,022,
最新排行(簡譜)：最新單曲,你都無情誰有義,陳盈潔,047,023,
最新排行(簡譜)：最新單曲,Everything,Misia,047,025,(日劇「大和拜金女」主題曲)
最新排行(簡譜)：最新單曲,Fall In Love,4InLove,047,027,
流行豆芽譜,擁抱,蘇永康,047,027,
最新排行(簡譜)：最新單曲,I'm Sorry,順子,047,029,
最新排行(簡譜)：最新單曲,I'll Be With You,Tension,047,031,
流行豆芽譜,頻率,蘇打綠,047,032,
最新排行(簡譜)：最新單曲,Moon Party,Beauty4,047,033,
最新排行(簡譜)：最新單曲,Our Story,Tension,047,035,
最新排行(簡譜)：最新單曲,Queen,楊乃文,047,037,
流行豆芽譜,大玩笑,郭靜,047,038,
最新排行(簡譜)：最新單曲,There you'll be,Faith Hill,047,039,「珍珠港」主題曲
最新排行(簡譜)：最新單曲,You Can't Say,美娜,047,041,
最新排行(簡譜)：最新單曲,你說,宋新妮,047,043,
流行豆芽譜,原諒我,蕭敬騰,047,043,
最新排行(簡譜)：最新單曲,刪除,黃國俊,047,045,
最新排行(簡譜)：最新單曲,曖昧,侯湘婷,047,047,
流行豆芽譜,不要說話,陳奕迅,047,048,韓劇【王與我】片頭曲/電影【時尚先生】主題曲
最新排行(簡譜)：最新單曲,太驕傲,楊乃文,047,049,
最新排行(簡譜)：最新單曲,忘不了,順子,047,051,
最新排行(簡譜)：最新單曲,沒感覺,鄭秀文,047,053,
流行豆芽譜,火柴天堂,曾沛慈,047,053,
最新排行(簡譜)：最新單曲,愛到底,庾澄慶,047,055,
最新排行(簡譜)：最新單曲,一遍一遍,宋新妮,047,057,
最新排行(簡譜)：最新單曲,我有想法,戴佩妮,047,059,
流行豆芽譜,我的快樂,錦繡二重唱,047,059,偶像劇【命中注定我愛你】插曲
最新排行(簡譜)：最新單曲,你要的愛,戴佩妮,047,061,
最新排行(簡譜)：最新單曲,排山倒海,張惠妹,047,063,
最新排行(簡譜)：最新單曲,裝聾作啞,陳小春,047,065,
流行豆芽譜,不藥而癒,郭靜,047,066,
最新排行(簡譜)：最新單曲,天使與海豚,梁詠琪,047,067,
最新排行(簡譜)：最新單曲,中毒的愛情,黎明,047,069,
最新排行(簡譜)：最新單曲,再見中國海,4inlove,047,071,
流行豆芽譜,神秘嘉賓,林宥嘉,047,072,
最新排行(簡譜)：最新單曲,愛過不傷心,周蕙,047,073,
最新排行(簡譜)：最新單曲,多希望你在這裡,許志安,047,075,
最新排行(簡譜)：最新單曲,對面男生的房間,劉若英,047,077,
流行豆芽譜,酸風柳樹,楊培安,047,077,
最新排行(簡譜)：最新單曲,我的心只可容納妳,劉德華,047,079,
流行豆芽譜,殘酷月光,林宥嘉,047,083,
流行豆芽譜,想妳的習慣,小宇,047,088,偶像劇【蜂蜜幸運草】片尾曲
流行豆芽譜,男人KTV,胡彥斌,047,093,
流行豆芽譜,永不消失的彩虹,卓文萱,047,098,偶像劇【翻滾吧!蛋炒飯】片尾曲
流行豆芽譜,一顆心的距離,范瑋琪,047,103,
流行豆芽譜,看不見的星星,中島美嘉,047,107,日劇【派遣女王】主題曲
流行豆芽譜,第三者的第三者,弦子,047,113,
流行豆芽譜,有人為妳偷偷在哭,蘇永康,047,117,
流行豆芽譜,原來我最愛的人是你不是他,林健輝,047,122,
流行豆芽譜,Hi Hi Bye Bye,王心凌,046,001,
最新排行(簡譜)：最新單曲,冬風,白冰冰,046,001,
最新排行(簡譜)：最新單曲,思念,楊宗憲,046,003,
最新排行(簡譜)：最新單曲,舞女,孫淑媚,046,005,
流行豆芽譜,I Love You,王若琳,046,006,
最新排行(簡譜)：最新單曲,寶貝,孫淑媚,046,007,
最新排行(簡譜)：最新單曲,愛袂到你,孫淑媚,046,009,
最新排行(簡譜)：最新單曲,別人的心肝,孫淑媚,046,011,
流行豆芽譜,累格,戴愛玲,046,011,
最新排行(簡譜)：最新單曲,我有一句話,楊宗憲,046,013,
最新排行(簡譜)：最新單曲,幸福的滋味,劉佳軒,046,015,
流行豆芽譜,半情歌,元若藍,046,016,
最新排行(簡譜)：最新單曲,布魯斯的暗暝,白冰冰,046,017,
最新排行(簡譜)：最新單曲,只要我心裡有妳,訐譙龍/卜學亮,046,019,
最新排行(簡譜)：最新單曲,Blue,陶晶瑩,046,021,
流行豆芽譜,半生熟,品冠/戴佩妮,046,021,韓劇【家有七公主】片尾曲
最新排行(簡譜)：最新單曲,Can't Fight The Moonlight,LeAnn Rimes,046,023,
最新排行(簡譜)：最新單曲,少來,劉虹嬅,046,025,
最新排行(簡譜)：最新單曲,何必,鄭秀文,046,027,
流行豆芽譜,百分百,郭靜,046,027,偶像劇【命中注定我愛你】插曲
最新排行(簡譜)：最新單曲,完整,鄭秀文,046,029,
最新排行(簡譜)：最新單曲,明天,蕭亞軒,046,031,
流行豆芽譜,防盜鎖,羅志祥,046,032,
最新排行(簡譜)：最新單曲,海嘯,庾澄慶,046,033,
最新排行(簡譜)：最新單曲,祕密,蕭亞軒,046,035,
最新排行(簡譜)：最新單曲,單戀,光良,046,037,
流行豆芽譜,梳妝台,快樂二世代,046,037,
最新排行(簡譜)：最新單曲,應該,楊乃文,046,039,
最新排行(簡譜)：最新單曲,一開始,YuKi,046,041,
最新排行(簡譜)：最新單曲,第一次,光良,046,043,
流行豆芽譜,愛來過,S.H.E,046,043,偶像劇【鬥牛要不要】插曲
最新排行(簡譜)：最新單曲,給Lisa,彭羚,046,045,
最新排行(簡譜)：最新單曲,一人跳舞,劉虹嬅,046,047,
最新排行(簡譜)：最新單曲,我管不到,劉虹嬅,046,049,
流行豆芽譜,傻孩子,閻韋伶,046,049,
最新排行(簡譜)：最新單曲,祝我幸福,楊乃文,046,051,
最新排行(簡譜)：最新單曲,情非得已,庾澄慶,046,053,
流行豆芽譜,因為是你,王心凌,046,054,
最新排行(簡譜)：最新單曲,無聊一天,黃湘怡,046,055,
最新排行(簡譜)：最新單曲,愛情魔力,汪佩蓉,046,057,
流行豆芽譜,獨家記憶,陳小春,046,058,
最新排行(簡譜)：最新單曲,魅力燃燒,鄭秀文,046,059,
最新排行(簡譜)：最新單曲,獨一無二,鄭秀文,046,061,
最新排行(簡譜)：最新單曲,燭光晚餐,黃國俊,046,063,
最新排行(簡譜)：最新單曲,下一次戀愛,蕭亞軒,046,065,
流行豆芽譜,牽牽牽手,吳克群,046,065,
最新排行(簡譜)：最新單曲,朋友首日封,光良,046,067,
最新排行(簡譜)：最新單曲,我想去個地方,光良,046,069,
最新排行(簡譜)：最新單曲,情深深雨濛濛,趙薇,046,071,
流行豆芽譜,對愛渴望,楊宗緯,046,071,
最新排行(簡譜)：最新單曲,分不開的兩個人,品冠,046,073,
最新排行(簡譜)：最新單曲,給情人的搖籃曲,呂方,046,075,
流行豆芽譜,復刻回憶,方大同/薛凱琪,046,075,
最新排行(簡譜)：最新單曲,明天我不一定愛你,洪愛莉,046,077,
最新排行(簡譜)：最新單曲,如果愛他比愛我快樂,呂方,046,079,
流行豆芽譜,下一個天亮,郭靜,046,082,
流行豆芽譜,你一直都在,楊培安/蕭煌奇,046,087,
流行豆芽譜,心願便利貼,吳忠明/元若藍,046,093,偶像劇【命中注定我愛你】片尾曲
流行豆芽譜,終於說出口,小宇,046,098,
流行豆芽譜,越愛越難過,吳克群,046,103,
流行豆芽譜,你們是我的星光,星光二班,046,108,
流行豆芽譜,九十九次我愛他,元若藍,046,113,偶像劇【命中注定我愛你】片頭曲
流行豆芽譜,那些女孩教我的事,品冠,046,119,
流行豆芽譜,能不能勇敢說愛,張韶涵,046,123,
流行豆芽譜,I Need You,郭采潔,045,001,
最新排行(簡譜)：最新單曲,醉情歌,白冰冰,045,001,
最新排行(簡譜)：最新單曲,有夢尚美,蔡小虎,045,003,
最新排行(簡譜)：最新單曲,真情真意,余天,045,005,
最新排行(簡譜)：最新單曲,愛情探戈,白冰冰,045,007,
流行豆芽譜,Yesterday,蔡淳佳,045,007,
最新排行(簡譜)：最新單曲,落雨的車站,詹雅雯,045,009,
最新排行(簡譜)：最新單曲,甭擱提起舊傷痕,施文彬,045,011,
流行豆芽譜,Memory,Elaine Paige,045,011,音樂劇【貓】主題曲
最新排行(簡譜)：最新單曲,I Do Believe,蔡健雅,045,013,
最新排行(簡譜)：最新單曲,Reason,藍色生死戀插曲,045,015,藍色生死戀插曲
流行豆芽譜,洋蔥,楊宗緯,045,016,
最新排行(簡譜)：最新單曲,Piece Of My Wish,今井美樹,045,017,
最新排行(簡譜)：最新單曲,祈禱,藍色生死戀主題曲,045,019,藍色生死戀主題曲
最新排行(簡譜)：最新單曲,花火,梁詠琪,045,021,
流行豆芽譜,光年,李聖傑,045,021,
最新排行(簡譜)：最新單曲,放手,汪佩蓉,045,023,
最新排行(簡譜)：最新單曲,算了,黃國俊,045,025,
流行豆芽譜,迷宮,王若琳,045,025,華視偶像劇【美味關係】插曲
最新排行(簡譜)：最新單曲,離人,林志炫,045,027,
最新排行(簡譜)：最新單曲,不要哭,范瑋琪,045,029,
流行豆芽譜,倒愛,蔡淳佳,045,029,
最新排行(簡譜)：最新單曲,抱一抱,陳小春,045,031,
最新排行(簡譜)：最新單曲,悄悄話,江美琪,045,033,
流行豆芽譜,單數,曹格,045,034,
最新排行(簡譜)：最新單曲,第一次,YuKi,045,035,
最新排行(簡譜)：最新單曲,寄生人,動力火車,045,037,
最新排行(簡譜)：最新單曲,伊斯坦堡,周杰倫,045,039,
流行豆芽譜,無辜,曹格,045,039,
最新排行(簡譜)：最新單曲,好想好想,古巨基,045,041,
最新排行(簡譜)：最新單曲,我愛的人,陳小春,045,043,
流行豆芽譜,靠近,李聖傑,045,044,
最新排行(簡譜)：最新單曲,妳在說謊,任賢齊,045,045,
最新排行(簡譜)：最新單曲,袖手旁觀,林志炫,045,047,
最新排行(簡譜)：最新單曲,一點點力量,RuRu,045,049,
流行豆芽譜,傘下,張宇,045,050,華視【歡喜來逗陣】片尾曲
最新排行(簡譜)：最新單曲,冰點與沸點,黃磊/曾寶儀,045,051,
最新排行(簡譜)：最新單曲,別人都在傳,周俊偉,045,053,
最新排行(簡譜)：最新單曲,疼妳的責任,品冠,045,055,
流行豆芽譜,後悔,何書宇,045,055,偶像劇【惡作劇之吻】插曲
最新排行(簡譜)：最新單曲,陪妳一起老,品冠,045,057,
最新排行(簡譜)：最新單曲,愛上了,RuRu,045,059,
流行豆芽譜,幸福的風,楊宗緯,045,060,
最新排行(簡譜)：最新單曲,可以愛你真好,蔡健雅,045,061,
最新排行(簡譜)：最新單曲,我愛你那麼多,蕭亞軒,045,063,
流行豆芽譜,沒有白活,楊培安,045,064,中視八點檔【聊齋奇女子】片尾曲
最新排行(簡譜)：最新單曲,愛上了一條街,蔡依林,045,065,
最新排行(簡譜)：最新單曲,跟你借的幸福,蔡健雅,045,067,
最新排行(簡譜)：最新單曲,沒有月亮的時候,洪愛莉,045,069,
流行豆芽譜,為你寫詩,吳克群,045,069,
最新排行(簡譜)：最新單曲,聽說愛情回來過,林憶蓮,045,071,
最新排行(簡譜)：最新單曲,有一天我們都會老,陳國華,045,073,
流行豆芽譜,愛這首歌,蕭煌奇,045,074,
最新排行(簡譜)：最新單曲,這一秒你好不好,許志安,045,075,
最新排行(簡譜)：最新單曲,今天的祝福明天的孤獨,RuRu,045,077,
最新排行(簡譜)：最新單曲,希望你明年冬天會回來,任賢齊,045,079,
流行豆芽譜,擦肩而過,李聖傑,045,080,八大韓劇【黃真伊】片尾曲
流行豆芽譜,最後的風度,羅志祥,045,086,
流行豆芽譜,因為你愛我,王若琳,045,091,公視【我在墾丁.天氣晴】片尾曲
流行豆芽譜,有你的快樂,王若琳,045,097,公視【我在墾丁.天氣晴】片頭曲
流行豆芽譜,期待你的愛,林俊傑,045,103,偶像劇【原來我不帥】片尾曲
流行豆芽譜,誠實地想你,郭采潔,045,108,韓劇【咖啡王子1號店】片尾曲
流行豆芽譜,慶幸有你愛我,蔡淳佳,045,112,韓劇【尋花而來】片尾曲
流行豆芽譜,甲我跳舞好否,蕭煌奇,045,119,
流行豆芽譜,I love you,陳偉聯,044,001,
最新排行(簡譜)：最新單曲,好聽,施文彬,044,001,
最新排行(簡譜)：最新單曲,劇本,施文彬,044,003,
最新排行(簡譜)：最新單曲,甘講是無份,劉佳軒,044,005,
最新排行(簡譜)：最新單曲,框金的招牌,邱淑君,044,007,
流行豆芽譜,手心,卓文萱,044,007,
最新排行(簡譜)：最新單曲,溫柔的查甫人,趙傳,044,009,
最新排行(簡譜)：最新單曲,你是我的心肝寶貝,鄭進一/如惠,044,011,
最新排行(簡譜)：最新單曲,Amour,梁詠琪,044,013,
流行豆芽譜,熱愛,王心凌,044,013,
最新排行(簡譜)：最新單曲,Help,黃立行,044,015,
最新排行(簡譜)：最新單曲,The Greatest Love Of All,順子,044,017,
最新排行(簡譜)：最新單曲,等,黃湘怡,044,019,
流行豆芽譜,101,梁靜茹,044,019,
最新排行(簡譜)：最新單曲,未了,錦繡二重唱,044,021,
最新排行(簡譜)：最新單曲,鬥牛,周杰倫,044,023,
流行豆芽譜,那一天,棒棒堂,044,024,
最新排行(簡譜)：最新單曲,聊天,梁詠琪,044,025,
最新排行(簡譜)：最新單曲,港灣,伍思凱,044,027,
最新排行(簡譜)：最新單曲,藍夜,江得勝,044,029,
流行豆芽譜,狼來了,楊丞琳,044,029,
最新排行(簡譜)：最新單曲,我想醉,B.A.D,044,031,
最新排行(簡譜)：最新單曲,愛有你,B.A.D,044,033,
最新排行(簡譜)：最新單曲,愛情海,梁詠琪,044,035,
流行豆芽譜,雙子星,光良,044,035,
最新排行(簡譜)：最新單曲,不二法門,張惠妹,044,037,
最新排行(簡譜)：最新單曲,不顧一切,張惠妹,044,039,
流行豆芽譜,不想懂得,張韶涵,044,040,偶像劇【公主小妹】片尾曲
最新排行(簡譜)：最新單曲,天馬行空,劉德華,044,041,
最新排行(簡譜)：最新單曲,我的樣子,黃立行,044,043,
最新排行(簡譜)：最新單曲,投懷送抱,林心如,044,045,
流行豆芽譜,我不配,周杰倫,044,045,
最新排行(簡譜)：最新單曲,美麗心情,RuRu,044,047,
最新排行(簡譜)：最新單曲,視而不見,劉德華,044,049,
流行豆芽譜,在世界中心,潘嘉麗,044,050,
最新排行(簡譜)：最新單曲,這就是愛,IPIS,044,051,
最新排行(簡譜)：最新單曲,等等等等,黃磊,044,053,
最新排行(簡譜)：最新單曲,最後一次,張惠妹,044,055,
最新排行(簡譜)：最新單曲,愛情縮影,伍思凱,044,057,
流行豆芽譜,我們之間,棒棒堂,044,057,
最新排行(簡譜)：最新單曲,分手第七天,黃湘怡,044,059,
最新排行(簡譜)：最新單曲,第一個冬季,黃湘怡,044,061,
最新排行(簡譜)：最新單曲,愛不被祝福,江得勝,044,063,
流行豆芽譜,為妳存在,飛輪海,044,063,
最新排行(簡譜)：最新單曲,當我遇上你,劉德華,044,065,
最新排行(簡譜)：最新單曲,想妳想瘋了,B.A.D,044,067,
最新排行(簡譜)：最新單曲,夢裡都是你,費翔,044,069,
流行豆芽譜,頭號甜心,張韶涵,044,069,
最新排行(簡譜)：最新單曲,如果妳在這裡,B.A.D,044,071,
最新排行(簡譜)：最新單曲,雲深深雨濛濛,林心如,044,073,
最新排行(簡譜)：最新單曲,掏空天空天空,江得勝,044,075,
流行豆芽譜,我不會唱歌,羅志祥,044,075,
最新排行(簡譜)：最新單曲,那個傻瓜愛過你,趙傳,044,077,
最新排行(簡譜)：最新單曲,青春舞曲2001,B.A.D,044,079,
流行豆芽譜,牛仔很忙,周杰倫,044,081,
流行豆芽譜,還是好朋友,王心凌,044,086,
流行豆芽譜,這就是愛,王心凌,044,091,
流行豆芽譜,最近還好嗎,S.H.E,044,096,偶像劇【鬥牛要不要】片尾曲
流行豆芽譜,不完整的旋律,王力宏,044,101,
流行豆芽譜,親愛的那不是愛情,張韶涵,044,106,
流行豆芽譜,我是你的天空,歐得洋,044,110,
流行豆芽譜,被你愛過我很快樂,卓文萱,044,115,
流行豆芽譜,看完煙火再回去,許如芸,044,120,
流行豆芽譜,C'est La Vie,梁靜茹,043,001,電影【巴黎小情歌】中文主題曲
最新排行(簡譜)：最新單曲,追追追,黃妃,043,001,
最新排行(簡譜)：最新單曲,新故事,秀蘭瑪雅,043,003,
最新排行(簡譜)：最新單曲,傷心人,秀蘭瑪雅,043,005,
流行豆芽譜,崇拜,梁靜茹,043,006,韓劇【黃貞伊】片尾曲
最新排行(簡譜)：最新單曲,賭情搏愛,蔡小虎,043,007,
最新排行(簡譜)：最新單曲,阿春仔伊阿嬤,新寶島康樂隊,043,009,
最新排行(簡譜)：最新單曲,我若不曾愛過你,動力火車,043,011,
流行豆芽譜,麻雀,郭靜,043,011,
最新排行(簡譜)：最新單曲,Corazon De Melao,張學友,043,013,
最新排行(簡譜)：最新單曲,Kiss Me,Sixpence None The Richer,043,015,
流行豆芽譜,那首歌,林宥嘉,043,015,
最新排行(簡譜)：最新單曲,Saxy Baby,杜德偉,043,017,
最新排行(簡譜)：最新單曲,分手,IPIS,043,019,
最新排行(簡譜)：最新單曲,成全,劉若英,043,021,
流行豆芽譜,青花瓷,周杰倫,043,021,
最新排行(簡譜)：最新單曲,束縛,杜德偉,043,023,
最新排行(簡譜)：最新單曲,忘記,周傳雄,043,025,
最新排行(簡譜)：最新單曲,怎樣,戴佩妮,043,027,
流行豆芽譜,三吋日光,梁靜茹,043,027,
最新排行(簡譜)：最新單曲,明白,趙詠華,043,029,
最新排行(簡譜)：最新單曲,彩虹,杜德偉,043,031,
流行豆芽譜,彩虹,周杰倫,043,032,
最新排行(簡譜)：最新單曲,害怕,孫燕姿,043,033,
最新排行(簡譜)：最新單曲,黃昏,周傳雄,043,035,
流行豆芽譜,甜甜的,周杰倫,043,036,
最新排行(簡譜)：最新單曲,想念,伍思凱,043,037,
最新排行(簡譜)：最新單曲,一路上,張學友,043,039,
最新排行(簡譜)：最新單曲,我喜歡,周蕙,043,041,
流行豆芽譜,不會分離,光良,043,042,
最新排行(簡譜)：最新單曲,趕不走,任賢齊,043,043,
最新排行(簡譜)：最新單曲,零缺點,孫燕姿,043,045,
最新排行(簡譜)：最新單曲,說真的,彭佳慧,043,047,
流行豆芽譜,三個心願,飛/阿沁(F.I.R.),043,047,
最新排行(簡譜)：最新單曲,龍捲風,周杰倫,043,049,
最新排行(簡譜)：最新單曲,月光愛人,李玟,043,051,
最新排行(簡譜)：最新單曲,如影隨形,江美琪,043,053,
流行豆芽譜,陽光宅男,周杰倫,043,053,
最新排行(簡譜)：最新單曲,身不由己,成龍/范曉萱,043,055,
最新排行(簡譜)：最新單曲,快樂難找,黃嘉千,043,057,
流行豆芽譜,不安靜的夜,許仁杰,043,058,
最新排行(簡譜)：最新單曲,我們都要,黃嘉千,043,059,
最新排行(簡譜)：最新單曲,純真年代,張惠妹,043,061,
最新排行(簡譜)：最新單曲,黑色幽默,周杰倫,043,063,
流行豆芽譜,愛情乞丐,卓義峰,043,063,
最新排行(簡譜)：最新單曲,愛已昇天,黃嘉千,043,065,
最新排行(簡譜)：最新單曲,難得一見,孫燕姿,043,067,
最新排行(簡譜)：最新單曲,偶爾愛我的人,巫啟賢,043,069,
流行豆芽譜,不一樣的愛,羅美玲,043,069,中視【豪門本色】片頭曲
最新排行(簡譜)：最新單曲,感覺你的存在,蔡依林,043,071,
最新排行(簡譜)：最新單曲,一開始就沒退路,張震嶽,043,073,
最新排行(簡譜)：最新單曲,忠孝東路走九遍,動力火車,043,075,
流行豆芽譜,最長的電影,周杰倫,043,075,
最新排行(簡譜)：最新單曲,讓每個人都心碎,張惠妹,043,077,
最新排行(簡譜)：最新單曲,酒醉的探戈2001,動力火車,043,079,
流行豆芽譜,你是愛我的,張惠妹,043,080,
流行豆芽譜,會呼吸的痛,梁靜茹,043,085,
流行豆芽譜,需要你的愛,F.I.R./信,043,091,
流行豆芽譜,總在我身旁,星光幫,043,097,
流行豆芽譜,蒲公英的約定,周杰倫,043,103,
流行豆芽譜,每天第一件事,梁靜茹,043,108,
流行豆芽譜,當你離開的時候,蔡健雅,043,113,
流行豆芽譜,不能跟情人說的話,范瑋琪/劉若英,043,119,
流行豆芽譜,Leave,郭靜,042,001,
最新排行(簡譜)：最新單曲,憂愁,黃乙玲,042,001,
最新排行(簡譜)：最新單曲,失戀雨,黃乙玲,042,003,
最新排行(簡譜)：最新單曲,不顧一切,黃乙玲,042,005,
流行豆芽譜,傻瓜,溫嵐,042,006,
最新排行(簡譜)：最新單曲,自由自在,大信合唱團,042,007,
最新排行(簡譜)：最新單曲,飛龍在天,黃少祺/張鳳書/賈靜雯/江宏恩,042,009,
最新排行(簡譜)：最新單曲,時間無地等,姜育恆,042,011,
流行豆芽譜,缺氧,楊丞琳,042,011,偶像劇【換換愛】片尾曲
最新排行(簡譜)：最新單曲,等無限時批,新寶島康樂隊,042,013,
最新排行(簡譜)：最新單曲,愛情霹靂火,新寶島康樂隊,042,015,
最新排行(簡譜)：最新單曲,女人心男人情,New音樂家庭,042,017,
流行豆芽譜,怕什麼,蔡依林,042,017,韓劇【巴黎戀人】片尾曲
最新排行(簡譜)：最新單曲,Better Man,林憶蓮,042,019,
最新排行(簡譜)：最新單曲,Every Time a Good Time,張學友,042,021,
最新排行(簡譜)：最新單曲,It's Just Love,Misia,042,023,
流行豆芽譜,日不落,蔡依林,042,023,
最新排行(簡譜)：最新單曲,Living La Vida Loca,Ricky Martin,042,025,
最新排行(簡譜)：最新單曲,No Way,陳曉東,042,027,
最新排行(簡譜)：最新單曲,Show Your Love,蔡依林,042,029,
流行豆芽譜,月牙灣,F.I.R.,042,029,
最新排行(簡譜)：最新單曲,兄弟,任賢齊,042,031,
最新排行(簡譜)：最新單曲,因為,范瑋琪,042,033,
最新排行(簡譜)：最新單曲,回味,彭佳慧,042,035,
流行豆芽譜,特務J,蔡依林,042,035,
最新排行(簡譜)：最新單曲,否認,姜育恆,042,037,
最新排行(簡譜)：最新單曲,每天,范瑋琪,042,039,
最新排行(簡譜)：最新單曲,奔跑,張惠妹,042,041,
流行豆芽譜,一個人,蔡依林,042,041,
最新排行(簡譜)：最新單曲,團圓,巫啟賢,042,043,
最新排行(簡譜)：最新單曲,談心,蔡淳佳/游鴻明,042,045,
流行豆芽譜,是非題,范瑋琪,042,046,
最新排行(簡譜)：最新單曲,蠟燭,姜育恆,042,047,
最新排行(簡譜)：最新單曲,他和她,蔡淳佳,042,049,
最新排行(簡譜)：最新單曲,在凌晨,張震嶽,042,051,
流行豆芽譜,愛無赦,蔡依林,042,052,
最新排行(簡譜)：最新單曲,香奈兒,王菲,042,053,
最新排行(簡譜)：最新單曲,想太多,張震嶽,042,055,
最新排行(簡譜)：最新單曲,眉飛色舞,鄭秀文,042,057,
流行豆芽譜,非賣品,蔡依林,042,058,
最新排行(簡譜)：最新單曲,開始懂了,孫燕姿,042,059,
最新排行(簡譜)：最新單曲,遠走高飛,林憶蓮,042,061,
最新排行(簡譜)：最新單曲,天使也一樣,任賢齊,042,063,
流行豆芽譜,一眼瞬間,張惠妹/蕭敬騰,042,063,
最新排行(簡譜)：最新單曲,天亮說晚安,陳曉東,042,065,
最新排行(簡譜)：最新單曲,如果我是你,鄭秀文,042,067,
最新排行(簡譜)：最新單曲,你還愛我嗎,蔡依林,042,069,
流行豆芽譜,香水有毒,胡楊林,042,069,
最新排行(簡譜)：最新單曲,我要的幸福,孫燕姿,042,071,
最新排行(簡譜)：最新單曲,愛只剩一秒,許茹芸,042,073,
最新排行(簡譜)：最新單曲,睡到12點,任賢齊,042,075,
流行豆芽譜,同手同腳,溫嵐,042,075,
最新排行(簡譜)：最新單曲,有心人有情人,蔡淳佳,042,077,
最新排行(簡譜)：最新單曲,星期一天氣晴我離開你,孫燕姿,042,079,
流行豆芽譜,我們的歌,王力宏,042,080,【Sony Ericsson W5801手機】廣告主題曲
流行豆芽譜,青春花再開,蔡小虎,042,084,民視【濟公】片尾曲
流行豆芽譜,私奔到月球,五月天/陳綺貞,042,089,
流行豆芽譜,願意不愛你,炎亞綸,042,095,偶像劇【終極一家】插曲
流行豆芽譜,相遇的魔咒,張嘉倪,042,101,華視【又見一簾幽夢】片尾曲
流行豆芽譜,愛情瑪奇朵,棒棒糖,042,105,偶像劇【黑糖瑪奇朵】片尾曲
流行豆芽譜,101封情書,歐得洋,042,111,
流行豆芽譜,你是我所有的回憶,辰亦儒,042,117,偶像劇【終極一家】插曲
流行豆芽譜,仨人,郭靜/范瑋琪/張韶涵,041,001,
最新排行(簡譜)：最新單曲,勉為其難,王冕,146,102,
最新排行(簡譜)：最新單曲,另一個童話,鄧紫棋/G.E.M,146,104,
最新排行(簡譜)：最新單曲,只是太愛你,張敬軒,146,106,
最新排行(簡譜)：最新單曲,如果有來生,譚維維,146,108,
最新排行(簡譜)：最新單曲,你不是我的,陳勢安,146,110,
最新排行(簡譜)：最新單曲,我的好兄弟,高進/小瀋陽,146,112,
最新排行(簡譜)：最新單曲,沒那麼脆弱,李玉璽,146,114,電視劇《名不虛傳》片尾曲
最新排行(簡譜)：最新單曲,最美的期待,周筆暢,146,116,電視劇《繭鎮奇緣》片頭曲
最新排行(簡譜)：最新單曲,溫柔的奇蹟,范瑋琪,146,118,電視劇《我的男孩》片頭曲
最新排行(簡譜)：最新單曲,當每顆星星,阿信/黃渤,146,120,電視劇《一齣好戲》主題曲
最新排行(簡譜)：最新單曲,我知道要微笑,周興哲,146,122,
最新排行(簡譜)：最新單曲,雪落下的聲音,陸虎,146,124,電視劇《延禧攻略》片尾曲
最新排行(簡譜)：最新單曲,生命有一種絕對,五月天,146,126,
最新排行(簡譜)：最新單曲,天在下雨我在想你,任妙音,146,128,
最新排行(簡譜)：最新單曲,我的快樂就是想你,陳雅森,146,130,
最新排行(簡譜)：最新單曲,我的事不關你的事,賴慈泓/孫盛希,146,132,電視劇《那年花開月正圓》片頭曲
最新排行(簡譜)：最新單曲,我愛你勝過你愛我,冷漠/楊小曼,146,134,
最新排行(簡譜)：最新單曲,錯過了緣分錯過你,陳瑞,146,136,
最新排行(簡譜)：最新單曲,愛過你有多久就有多痛,蕭秉治,146,138,
最新排行(簡譜)：最新單曲,心中尺,陳百潭/張艾莉,145,012,
最新排行(簡譜)：最新單曲,石頭心,阿吉仔,145,014,中視《冰冰秀》片尾曲
最新排行(簡譜)：最新單曲,拍噗仔,楊欣樺,145,016,電視劇《 金家好媳婦》片尾曲
最新排行(簡譜)：最新單曲,明仔載,盧廣仲,145,018,電影《花甲大人轉男孩》推廣曲
最新排行(簡譜)：最新單曲,青春夢,甲子慧,145,020,
最新排行(簡譜)：最新單曲,燒滾滾,蔡佳麟/曹雅雯,145,022,
最新排行(簡譜)：最新單曲,幸福滿滿,一綾,145,024,
最新排行(簡譜)：最新單曲,傷心吧台,袁小迪/陳凱欣,145,026,電視劇《戲說台灣》片頭曲
最新排行(簡譜)：最新單曲,我欲跟你行,一綾/張岳鵬,145,028,
最新排行(簡譜)：最新單曲,疼你會入心,許富凱,145,030,電視劇《幸福來了》片頭曲
最新排行(簡譜)：最新單曲,愛我萬萬年,陳怡婷,145,032,
最新排行(簡譜)：最新單曲,汝是我的心肝,伍佰,145,034,
最新排行(簡譜)：最新單曲,愛著打死無退,阿吉仔/吳儀君,145,036,
最新排行(簡譜)：最新單曲,夙念,郁可唯,145,038,電視劇《大唐榮耀》插曲
最新排行(簡譜)：最新單曲,我們,陳奕迅,145,040,電影《後來的我們》主題曲
最新排行(簡譜)：最新單曲,走心,賀敬軒,145,042,
最新排行(簡譜)：最新單曲,暖人,張磊,145,044,電視劇《放棄我，抓緊我》插曲
最新排行(簡譜)：最新單曲,稻草,鄭茵聲,145,046,
最新排行(簡譜)：最新單曲,斷訊,邱鋒澤/偉晉,145,048,
最新排行(簡譜)：最新單曲,全是愛,蕭敬騰,145,050,
最新排行(簡譜)：最新單曲,早應該,李毓芬,145,052,
最新排行(簡譜)：最新單曲,男人歌,高進/小沈陽,145,054,
最新排行(簡譜)：最新單曲,匆匆那年,王菲,145,056,
最新排行(簡譜)：最新單曲,虐心,亦帆,145,058,
最新排行(簡譜)：最新單曲,平凡之路,朴樹,145,061,電影《後會無期》主題曲*3頁
最新排行(簡譜)：最新單曲,有太多人,高進,145,064,
最新排行(簡譜)：最新單曲,你的名字,陳零九,145,067,
最新排行(簡譜)：最新單曲,有去無回,陳零九/小男孩樂團,145,070,三立華劇「已讀不回的戀人」插曲
最新排行(簡譜)：最新單曲,自然凋謝,孫盛希,145,072,
最新排行(簡譜)：最新單曲,到此為止,徐佳瑩,145,074,
最新排行(簡譜)：最新單曲,和平分手,梁文音/蕭煌奇,145,076,
最新排行(簡譜)：最新單曲,看破,詹雅雯,041,001,
最新排行(簡譜)：最新單曲,麻糬,黃品源/萬芳,041,003,
最新排行(簡譜)：最新單曲,麗娜,王識賢,041,005,
最新排行(簡譜)：最新單曲,風塊哭,黃妃,041,007,
流行豆芽譜,蝴蝶,王心凌,041,007,
最新排行(簡譜)：最新單曲,贏你喲,詹雅雯,041,009,
最新排行(簡譜)：最新單曲,人生舞台,詹雅雯,041,011,
最新排行(簡譜)：最新單曲,叫你的名,龍千玉,041,013,
流行豆芽譜,西界,林俊傑,041,013,
最新排行(簡譜)：最新單曲,紅燈酒館,黃妃,041,015,
最新排行(簡譜)：最新單曲,蝴蝶亂飛,黃妃,041,017,
最新排行(簡譜)：最新單曲,純情少年家,黃妃,041,019,
流行豆芽譜,殺手,林俊傑,041,019,2007新加坡【Samsung Wog】活動主題曲
最新排行(簡譜)：最新單曲,不知誰娶到妳,黃品源,041,021,
最新排行(簡譜)：最新單曲,She,費翔,041,023,
最新排行(簡譜)：最新單曲,吻別,陶晶瑩,041,025,
流行豆芽譜,荊棘,The one,041,025,韓劇【玫瑰人生】片尾曲
最新排行(簡譜)：最新單曲,那夜,萬芳,041,027,
最新排行(簡譜)：最新單曲,海浪,黃品源,041,029,
流行豆芽譜,趁早,星光幫謝震廷(原唱張宇),041,030,
最新排行(簡譜)：最新單曲,旅程,費翔,041,031,
最新排行(簡譜)：最新單曲,星晴,周杰倫,041,033,
最新排行(簡譜)：最新單曲,趁早,張惠妹,041,035,
流行豆芽譜,最愛,周蕙,041,035,韓劇【綠薔薇】片尾曲
最新排行(簡譜)：最新單曲,遙遠,黃中原,041,037,
最新排行(簡譜)：最新單曲,一夜情,張惠妹,041,039,
流行豆芽譜,夢時代,劉虹翎,041,040,高雄【夢時代購物中心】主題曲
最新排行(簡譜)：最新單曲,不一定,彭佳慧,041,041,
最新排行(簡譜)：最新單曲,灰姑娘,張惠妹,041,043,
最新排行(簡譜)：最新單曲,到不了,范瑋琪,041,045,
流行豆芽譜,離開了,康康,041,045,
最新排行(簡譜)：最新單曲,想太多,范瑋琪,041,047,
最新排行(簡譜)：最新單曲,愛過你,費翔,041,049,
最新排行(簡譜)：最新單曲,睡了沒,黃品源,041,051,
流行豆芽譜,甜甜圈,小薰/阿本,041,051,偶像劇【十八禁不禁】片尾曲
最新排行(簡譜)：最新單曲,可愛女人,周杰倫,041,053,
最新排行(簡譜)：最新單曲,事到如今,周蕙,041,055,
流行豆芽譜,你的香氣,郭靜,041,056,偶像劇【海豚愛上貓】片尾曲
最新排行(簡譜)：最新單曲,聽風的歌,萬芳,041,057,
最新排行(簡譜)：最新單曲,再見西雅圖,林凡,041,059,
最新排行(簡譜)：最新單曲,別忘記連絡,黃品源,041,061,
流行豆芽譜,晚安寶貝,張棟樑,041,061,
最新排行(簡譜)：最新單曲,我又想起你,江美琪,041,063,
最新排行(簡譜)：最新單曲,你快不快樂,蘇有朋,041,065,
最新排行(簡譜)：最新單曲,第五次戀愛,姜育恆,041,067,
流行豆芽譜,你愛我嗎,櫻桃幫,041,067,
最新排行(簡譜)：最新單曲,雙手的溫柔,江美琪,041,071,
最新排行(簡譜)：最新單曲,寂寞的戀人啊,莫文蔚,041,073,
流行豆芽譜,落葉歸根,王力宏,041,074,【SonyEricsson W880i手機】廣告主題曲
最新排行(簡譜)：最新單曲,愛我你怕了嗎,姜育恆,041,075,
最新排行(簡譜)：最新單曲,你喜歡不如我喜歡,王菲,041,077,
最新排行(簡譜)：最新單曲,給我重新愛你的機會,蕭亞軒,041,079,
流行豆芽譜,我愛的人,陳小春,041,079,
流行豆芽譜,可以不可以,丁噹,041,084,
流行豆芽譜,因為我相信,星光幫,041,089,
流行豆芽譜,你是我的眼,蕭煌奇,041,093,
流行豆芽譜,不能說的秘密,周杰倫,041,098,電影【不能說的祕密】主題曲
流行豆芽譜,如果你也聽說,張惠妹,041,104,
流行豆芽譜,我不想忘記你,郭靜,041,109,偶像劇【偷天換日】主題曲
流行豆芽譜,原來這才是真的你,王心凌,041,114,
流行豆芽譜,你是我心內的一首歌,王力宏/Selina,041,119,
流行豆芽譜,承諾,辛曉琪,040,001,三商美邦人壽【企業精神】主題曲
最新排行(簡譜)：最新單曲,雨眠,五月天,040,001,
最新排行(簡譜)：最新單曲,風箏,孫淑媚,040,003,
最新排行(簡譜)：最新單曲,路燈,王開城/吳宗憲,040,005,
最新排行(簡譜)：最新單曲,心痛心,梁振宇,040,007,
流行豆芽譜,淘汰,陳奕迅,040,007,
最新排行(簡譜)：最新單曲,水查某,阿弟仔,040,009,
最新排行(簡譜)：最新單曲,金針花,江蕙,040,011,
流行豆芽譜,老婆,S.H.E,040,012,
最新排行(簡譜)：最新單曲,看人生,阿吉仔,040,013,
最新排行(簡譜)：最新單曲,衝衝衝,伍佰,040,015,
最新排行(簡譜)：最新單曲,不通天光,阿吉仔,040,017,
流行豆芽譜,旋律,林宇中,040,017,
最新排行(簡譜)：最新單曲,殺手驪歌,伍佰,040,019,
最新排行(簡譜)：最新單曲,有你的將來,五月天,040,021,
流行豆芽譜,錯過,蔡詩蕓,040,022,
最新排行(簡譜)：最新單曲,快樂鳥日子,康晉榮,040,023,
最新排行(簡譜)：最新單曲,恁老母卡好,康晉榮,040,025,
最新排行(簡譜)：最新單曲,Ready For Love,張柏芝,040,027,
流行豆芽譜,笨蛋,金莎,040,027,
最新排行(簡譜)：最新單曲,Ti Amo,徐懷鈺,040,029,
最新排行(簡譜)：最新單曲,Wake Up,林曉培,040,031,
流行豆芽譜,夢遊,孫燕姿,040,031,
最新排行(簡譜)：最新單曲,下沙,游鴻明,040,033,
最新排行(簡譜)：最新單曲,不哭,周蕙,040,035,
流行豆芽譜,好聽,許茹芸,040,035,
最新排行(簡譜)：最新單曲,永遠,林曉培,040,037,
最新排行(簡譜)：最新單曲,她他,徐若瑄,040,039,
流行豆芽譜,五月天,S.H.E,040,040,
最新排行(簡譜)：最新單曲,你問,李玟,040,041,
最新排行(簡譜)：最新單曲,依賴,陶晶瑩,040,043,
最新排行(簡譜)：最新單曲,昨天,梁靜茹,040,045,
流行豆芽譜,中國話,S.H.E,040,045,
最新排行(簡譜)：最新單曲,偏心,那英,040,047,
最新排行(簡譜)：最新單曲,透露,五月天,040,049,
最新排行(簡譜)：最新單曲,尋你,游鴻明,040,051,
流行豆芽譜,說你愛我,S.H.E,040,051,
最新排行(簡譜)：最新單曲,替身,周蕙,040,053,
最新排行(簡譜)：最新單曲,想逃,康淨淳,040,055,
最新排行(簡譜)：最新單曲,愛缺,陶晶瑩,040,057,
流行豆芽譜,愛的回答,辛曉琪,040,057,宮崎駿動畫電影【海地戰記】中文主題曲
最新排行(簡譜)：最新單曲,話題,周蕙,040,059,
最新排行(簡譜)：最新單曲,點歌,謝霆鋒,040,061,
最新排行(簡譜)：最新單曲,鑰匙,林曉培,040,063,
流行豆芽譜,愛情轉移,陳奕迅,040,063,電影【愛情呼叫轉移】主題曲
最新排行(簡譜)：最新單曲,太委屈,陶晶瑩,040,065,
最新排行(簡譜)：最新單曲,去走走,林志穎,040,067,
流行豆芽譜,錯了再錯,張棟樑,040,067,
最新排行(簡譜)：最新單曲,交叉線,林曉培,040,069,
最新排行(簡譜)：最新單曲,我變了,陶晶瑩,040,071,
流行豆芽譜,現在的你,庭竹,040,072,韓劇【朱蒙】片頭曲
最新排行(簡譜)：最新單曲,雨季中,蕭亞軒,040,073,
最新排行(簡譜)：最新單曲,真情人,李玟,040,075,
最新排行(簡譜)：最新單曲,笑忘書,王菲,040,077,
流行豆芽譜,好久不見,陳奕迅,040,077,
最新排行(簡譜)：最新單曲,眼前人,辛曉琪,040,079,
最新排行(簡譜)：最新單曲,超快感,孫燕姿,040,081,
流行豆芽譜,愛的天靈靈,王心凌,040,082,
最新排行(簡譜)：最新單曲,21個人,游鴻明,040,083,
最新排行(簡譜)：最新單曲,我的名字,伍佰,040,085,
最新排行(簡譜)：最新單曲,那些日子,陶晶瑩,040,087,
流行豆芽譜,盛開的夢想,何耀珊,040,087,韓劇【綠薔薇】片尾曲
最新排行(簡譜)：最新單曲,星語心願,張柏芝,040,089,
最新排行(簡譜)：最新單曲,最好的愛,李玟,040,091,
最新排行(簡譜)：最新單曲,發條兔子,陳昇,040,093,
流行豆芽譜,城裡的月光,Tank,040,093,
最新排行(簡譜)：最新單曲,愛你愛到,李玟,040,095,
最新排行(簡譜)：最新單曲,愛的謳歌,劉悅/石英銀,040,097,(韓劇「火花 」主題曲)
最新排行(簡譜)：最新單曲,愛像大海,李心潔,040,099,
流行豆芽譜,心中的遺憾,徐懷鈺,040,099,
最新排行(簡譜)：最新單曲,談情看愛,辛曉琪,040,101,
最新排行(簡譜)：最新單曲,寶貝別哭,阿弟仔,040,103,
最新排行(簡譜)：最新單曲,一個人生活,林凡,040,105,
流行豆芽譜,夏日初體驗,棒棒堂,040,105,
最新排行(簡譜)：最新單曲,十天又三天,陶晶瑩,040,107,
最新排行(簡譜)：最新單曲,只是那個人,游鴻明,040,109,
最新排行(簡譜)：最新單曲,你愛我像誰,張衛健,040,111,
流行豆芽譜,謝謝你的溫柔,S.H.E/飛輪海,040,112,
最新排行(簡譜)：最新單曲,假扮的天使,徐若瑄,040,113,
最新排行(簡譜)：最新單曲,國王的新歌,游鴻明,040,115,
最新排行(簡譜)：最新單曲,落單的候鳥,游鴻明,040,117,
流行豆芽譜,那年夏天寧靜的海,王心凌,040,117,
最新排行(簡譜)：最新單曲,好想好好愛你,周蕙,040,119,
最新排行(簡譜)：最新單曲,怎麼會那麼笨,張柏芝,040,121,
最新排行(簡譜)：最新單曲,兩個人一個世界,蘇永康,040,123,
最新排行(簡譜)：最新單曲,對不起我不愛你,李心潔,040,125,
最新排行(簡譜)：最新單曲,遜我怎麼那麼愛你,康淨淳,040,127,
最新排行(簡譜)：最新單曲,憨人,五月天,039,001,
流行豆芽譜,Super No.1,卓文萱,039,001,
最新排行(簡譜)：最新單曲,世間情,王尚宏,039,003,
最新排行(簡譜)：最新單曲,麻將歌,鄭進一/澎恰恰/許效舜,039,005,
最新排行(簡譜)：最新單曲,等你啦,洪百慧,039,007,
流行豆芽譜,搬家,梁詠琪,039,007,
最新排行(簡譜)：最新單曲,簡簡單單,鄭進一/澎恰恰/許效舜,039,009,
最新排行(簡譜)：最新單曲,心中無別人,五月天,039,011,
最新排行(簡譜)：最新單曲,伴阮過一生,孫淑媚,039,013,
流行豆芽譜,逆光,孫燕姿,039,013,
最新排行(簡譜)：最新單曲,為愛活下去,孫淑媚,039,015,
最新排行(簡譜)：最新單曲,感情變負擔,孫淑媚,039,017,
最新排行(簡譜)：最新單曲,漂浪的心情,洪百慧,039,019,
流行豆芽譜,對望,林志穎,039,019,偶像劇【放羊的星星】片尾曲
最新排行(簡譜)：最新單曲,情深2000年,龍千玉,039,021,
最新排行(簡譜)：最新單曲,尚愛的人傷我尚重,王識賢,039,023,
最新排行(簡譜)：最新單曲,離開你才知離袂開,孫淑媚,039,025,
流行豆芽譜,擁抱,何耀珊,039,025,
最新排行(簡譜)：最新單曲,Pretty Boy,M2M,039,027,
最新排行(簡譜)：最新單曲,This Is,林曉培,039,029,
最新排行(簡譜)：最新單曲,夜,蕭亞軒,039,031,
流行豆芽譜,記得愛,阿沁/李玖哲,039,031,
最新排行(簡譜)：最新單曲,分開,葉璦菱,039,033,
最新排行(簡譜)：最新單曲,出賣,那英,039,035,
流行豆芽譜,我好了,元若藍,039,036,
最新排行(簡譜)：最新單曲,左耳,劉虹嬅,039,037,
最新排行(簡譜)：最新單曲,明白,五月天,039,039,
最新排行(簡譜)：最新單曲,勇氣,梁靜茹,039,041,
流行豆芽譜,完美世界,楊培安,039,041,線上遊戲【完美世界】主題曲
最新排行(簡譜)：最新單曲,很好,孫燕姿,039,043,
最新排行(簡譜)：最新單曲,想愛,曾寶儀,039,045,
最新排行(簡譜)：最新單曲,溫柔,五月天,039,047,
流行豆芽譜,咕嘰咕嘰,孫燕姿,039,047,
最新排行(簡譜)：最新單曲,練習,川島茉樹代,039,049,
最新排行(簡譜)：最新單曲,薔薇,蕭亞軒,039,051,
最新排行(簡譜)：最新單曲,飄浮,蔡依林,039,053,
流行豆芽譜,天天想念,許嘉凌,039,053,偶像劇【國光異校】片尾曲
最新排行(簡譜)：最新單曲,蘿拉,陳潔儀,039,055,
最新排行(簡譜)：最新單曲,七月雪,葉璦菱,039,057,
最新排行(簡譜)：最新單曲,上鉤了,蕭亞軒,039,059,
流行豆芽譜,我懷念的,孫燕姿,039,059,韓劇【綠薔薇】片頭曲
最新排行(簡譜)：最新單曲,不得了,陳慧琳,039,061,
最新排行(簡譜)：最新單曲,因為你,曾寶儀,039,063,
最新排行(簡譜)：最新單曲,吻我吧,郭嘉璐,039,065,
流行豆芽譜,愛的味道,楊韻禾,039,065,【金蘭食品】廣告曲
最新排行(簡譜)：最新單曲,我想她,王傑,039,067,
最新排行(簡譜)：最新單曲,沒有人,曾寶儀,039,069,
最新排行(簡譜)：最新單曲,差不多,郭富城,039,071,
流行豆芽譜,你不知道,楊韻禾,039,071,
最新排行(簡譜)：最新單曲,真朋友,鄭中基,039,073,
最新排行(簡譜)：最新單曲,許願樹,鄭中基,039,075,
流行豆芽譜,不可思議,金莎,039,076,
最新排行(簡譜)：最新單曲,你愛我嗎,劉虹嬅,039,077,
最新排行(簡譜)：最新單曲,別問傷心,葉璦菱,039,079,
最新排行(簡譜)：最新單曲,刻骨銘心,高勝美,039,081,
流行豆芽譜,其實還愛你,阿沁,039,081,
最新排行(簡譜)：最新單曲,秋天別來,侯湘婷,039,083,
最新排行(簡譜)：最新單曲,原來的你,侯湘婷,039,085,
最新排行(簡譜)：最新單曲,從今開始,王傑,039,087,
流行豆芽譜,愛的主旋律,卓文萱/黃鴻升,039,087,
最新排行(簡譜)：最新單曲,終結孤單,五月天,039,089,
最新排行(簡譜)：最新單曲,越愛越痛,高勝美,039,091,
最新排行(簡譜)：最新單曲,愛情萬歲,五月天,039,093,
流行豆芽譜,你聽見了嗎,何耀珊,039,093,衛視【七劍下天山】片尾曲
最新排行(簡譜)：最新單曲,281公里,謝霆鋒,039,095,
最新排行(簡譜)：最新單曲,心酸的浪漫,那英,039,097,
流行豆芽譜,做你的公主,何耀珊,039,098,華視【至尊玻璃鞋】片尾曲
最新排行(簡譜)：最新單曲,如果有一天,梁靜茹,039,099,
最新排行(簡譜)：最新單曲,你不會了解,謝霆鋒,039,101,
最新排行(簡譜)：最新單曲,我不夠愛你,劉德華/陳慧琳,039,103,
流行豆芽譜,我們的紀念,李雅微,039,103,偶像劇【放羊的星星】插曲
最新排行(簡譜)：最新單曲,浪花一朵朵,任賢齊/阿牛/光良,039,105,
最新排行(簡譜)：最新單曲,從來沒愛過,王傑,039,107,
流行豆芽譜,愛上愛的味道,張韶涵,039,108,
最新排行(簡譜)：最新單曲,盛夏的果實,莫文蔚,039,109,
最新排行(簡譜)：最新單曲,窗外的天氣,蕭亞軒,039,111,
最新排行(簡譜)：最新單曲,當我想起你,張學友,039,113,
流行豆芽譜,痛也不說出口的我,楊培安,039,113,中視金庸八點大戲【碧血劍】片尾曲
最新排行(簡譜)：最新單曲,一個人的精彩,蕭亞軒,039,115,
最新排行(簡譜)：最新單曲,永遠的第一天,王力宏,039,117,
最新排行(簡譜)：最新單曲,因為愛所以愛,謝霆鋒,039,119,
流行豆芽譜,被風吹過的夏天,金莎/林俊傑,039,119,
最新排行(簡譜)：最新單曲,她愛了我好久,蘇永康,039,121,
最新排行(簡譜)：最新單曲,你若是真愛我,陳慧琳,039,123,
最新排行(簡譜)：最新單曲,放愛一條生路,那英,039,125,
最新排行(簡譜)：最新單曲,準備好了沒有,蕭亞軒,039,127,
最新排行(簡譜)：最新單曲,離開愛的日子,侯湘婷,039,129,
最新排行(簡譜)：最新單曲,一個人的圓舞曲,陳潔儀,039,131,
最新排行(簡譜)：最新單曲,什麼都可以忘記,林凡,039,133,
最新排行(簡譜)：最新單曲,少了你該怎麼辦,曾寶儀,039,135,
最新排行(簡譜)：最新單曲,男人哭吧不是罪,劉德華,039,137,
最新排行(簡譜)：最新單曲,值得一輩子去愛,紀如璟,039,139,
最新排行(簡譜)：最新單曲,愛你不是兩三天,梁靜茹,039,141,
最新排行(簡譜)：最新單曲,孤單的人總說無所謂,蔡依林,039,143,
最新排行(簡譜)：最新單曲,我每天許下同一個心願,川島茉樹代,039,145,
最新排行(簡譜)：最新單曲,隨人,龍千玉,038,001,
流行豆芽譜,Shining Kiss,黑澀會美眉,038,001,
最新排行(簡譜)：最新單曲,老曲盤,蔡琴,038,003,
最新排行(簡譜)：最新單曲,孤單月,詹曼鈴,038,005,
最新排行(簡譜)：最新單曲,雨夜花,秀蘭瑪雅,038,007,
流行豆芽譜,I Am Who I Am,光良,038,007,
最新排行(簡譜)：最新單曲,愛情歌,秀蘭瑪雅,038,009,
最新排行(簡譜)：最新單曲,鴛鴦夢,莊孝緯,038,011,
流行豆芽譜,不痛,張韶涵,038,012,韓劇【你來自哪顆星】中文指定曲
最新排行(簡譜)：最新單曲,最愛的人,秀蘭瑪雅,038,013,
最新排行(簡譜)：最新單曲,湄洲媽祖,邱芸子,038,015,
最新排行(簡譜)：最新單曲,春天的花蕊,邱芸子,038,017,
流行豆芽譜,淚光,張韶涵,038,017,
最新排行(簡譜)：最新單曲,無情的再會,葉勝欽,038,019,
最新排行(簡譜)：最新單曲,一切甘是天意,龍千玉,038,021,
最新排行(簡譜)：最新單曲,情也愁愛也恨,邱芸子,038,023,
流行豆芽譜,背叛,曹格,038,023,
最新排行(簡譜)：最新單曲,再會無緣的情人,莊孝緯/張菱,038,025,
最新排行(簡譜)：最新單曲,為何新娘不是我,龍千玉,038,027,
最新排行(簡譜)：最新單曲,想要甲妳同枕頭,莊孝緯/張菱,038,029,
流行豆芽譜,天使,五月天,038,029,【LePower廣告】主題曲
最新排行(簡譜)：最新單曲,Beauty And The Beast,美女與野獸,038,031,
最新排行(簡譜)：最新單曲,Can You Feel The Love Tonight,獅子王,038,033,
流行豆芽譜,自戀,羅志祥,038,033,
最新排行(簡譜)：最新單曲,Reflection,花木蘭,038,035,
最新排行(簡譜)：最新單曲,Don't Stop,蔡依林,038,037,
流行豆芽譜,對摺,元若藍,038,038,
最新排行(簡譜)：最新單曲,Mamma Mia,張惠妹,038,039,
最新排行(簡譜)：最新單曲,Tell You My Story,劉美君,038,041,
最新排行(簡譜)：最新單曲,Time To Say Goodbye,張惠妹,038,043,
流行豆芽譜,愛轉角,羅志祥,038,043,偶像劇【轉角遇到愛】片尾曲
最新排行(簡譜)：最新單曲,You Gotta Know,蔡依林,038,045,
最新排行(簡譜)：最新單曲,吻,洪暐,038,047,
最新排行(簡譜)：最新單曲,以為,陶莉萍,038,049,
流行豆芽譜,C大調,張韶涵,038,049,電視【LeTea奇異果法式果茶】廣告曲
最新排行(簡譜)：最新單曲,存錢,川島茉樹代,038,051,
最新排行(簡譜)：最新單曲,玩具,洪暐,038,053,
最新排行(簡譜)：最新單曲,信仰,張信哲,038,055,
流行豆芽譜,夢裡花,張韶涵,038,055,
最新排行(簡譜)：最新單曲,海洋,陳建年,038,057,
最新排行(簡譜)：最新單曲,缺口,蔡琴,038,059,
流行豆芽譜,不遠,蕭亞軒,038,060,電影【波特小姐彼得兔的誕生】中文主題曲
最新排行(簡譜)：最新單曲,常喜,蔡琴,038,061,
最新排行(簡譜)：最新單曲,塵埃,文章,038,063,
最新排行(簡譜)：最新單曲,1對1,李翊君,038,065,
流行豆芽譜,可樂戒指,梁靜茹,038,065,
最新排行(簡譜)：最新單曲,上了天,李翊君,038,067,
最新排行(簡譜)：最新單曲,天黑黑,孫燕姿,038,069,
最新排行(簡譜)：最新單曲,打開愛,王力宏,038,071,
流行豆芽譜,晴天娃娃,黑澀會美眉,038,071,
最新排行(簡譜)：最新單曲,愛不留,張信哲,038,073,
最新排行(簡譜)：最新單曲,新世界,許茹芸,038,075,
流行豆芽譜,兩隻戀人,曹格,038,076,
最新排行(簡譜)：最新單曲,不要害怕,王力宏,038,077,
最新排行(簡譜)：最新單曲,甩啦甩啦,蕭亞軒,038,079,
最新排行(簡譜)：最新單曲,至理名言,鄭秀文,038,081,
流行豆芽譜,生日快樂,劉若英,038,081,電影【生日快樂】主題曲
最新排行(簡譜)：最新單曲,你快樂嗎,蔡依林,038,083,
最新排行(簡譜)：最新單曲,我能相信,張信哲,038,085,
流行豆芽譜,愛情學測,棒棒堂,038,086,
最新排行(簡譜)：最新單曲,患得患失,吳宗憲,038,087,
最新排行(簡譜)：最新單曲,習慣自己,李度,038,089,
最新排行(簡譜)：最新單曲,都是真的,侯湘婷,038,091,
流行豆芽譜,我想要說,蔡旻佑,038,091,
最新排行(簡譜)：最新單曲,愛你的心,許志安,038,093,
最新排行(簡譜)：最新單曲,愛的代價,梁詠琪,038,095,
流行豆芽譜,到底多久,黃義達,038,096,
最新排行(簡譜)：最新單曲,愛情證書,孫燕姿,038,097,
最新排行(簡譜)：最新單曲,什麼樣的愛,蔡依林,038,099,
最新排行(簡譜)：最新單曲,因為我沒有,劉美君,038,101,
流行豆芽譜,我要愛的好,黑澀會美眉,038,101,
最新排行(簡譜)：最新單曲,你要我勇敢,鄭秀文,038,103,
最新排行(簡譜)：最新單曲,我只能答應,文章,038,105,
最新排行(簡譜)：最新單曲,我的男主角,李翊君,038,107,
流行豆芽譜,一千遍我愛你,伊能靜,038,107,
最新排行(簡譜)：最新單曲,每當妳流淚,許志安,038,109,
最新排行(簡譜)：最新單曲,沈默的縱容,鄭秀文,038,111,
流行豆芽譜,好眼淚壞眼淚,徐若瑄,038,112,
最新排行(簡譜)：最新單曲,姐妳睡了嗎,徐若瑄,038,113,
最新排行(簡譜)：最新單曲,思念人之屋,陳昇,038,115,
最新排行(簡譜)：最新單曲,為你流的淚,侯湘婷,038,117,
流行豆芽譜,原來愛情這麼傷,梁詠琪,038,117,
最新排行(簡譜)：最新單曲,突然想起你,蕭亞軒,038,119,
最新排行(簡譜)：最新單曲,時間的祕密,許茹芸,038,121,
最新排行(簡譜)：最新單曲,眼淚的上游,鄭秀文,038,123,
最新排行(簡譜)：最新單曲,第二次分手,動力火車,038,125,
最新排行(簡譜)：最新單曲,想要的感覺,許茹芸,038,127,
最新排行(簡譜)：最新單曲,溫柔意志力,陳慧琳,038,129,
最新排行(簡譜)：最新單曲,當我愛上你,梁詠琪,038,131,
最新排行(簡譜)：最新單曲,養我一輩子,川島茉樹代,038,133,
最新排行(簡譜)：最新單曲,不要再說愛我,動力火車,038,135,
最新排行(簡譜)：最新單曲,把月光射下來,蔡琴,038,137,
最新排行(簡譜)：最新單曲,愛情就是這樣,蔡琴,038,139,
最新排行(簡譜)：最新單曲,一直到春天過去,鄭秀文,038,141,
最新排行(簡譜)：最新單曲,每次我都很認真,劉美君,038,143,
最新排行(簡譜)：最新單曲,那麼愛妳為什麼,黃品源,038,145,
最新排行(簡譜)：最新單曲,愛上孤獨的男人,李翊君,038,147,
最新排行(簡譜)：最新單曲,你是我一生中最大的驕傲,劉德華,038,149,
最新排行(簡譜)：最新單曲,酸甘甜,羅時豐,037,001,
流行豆芽譜,懷念,蔡依林,037,001,
最新排行(簡譜)：最新單曲,一代公主,施文彬,037,003,
最新排行(簡譜)：最新單曲,你袂了解,董事長樂團,037,005,
最新排行(簡譜)：最新單曲,我的初戀,鄭進一/賀一航,037,007,
流行豆芽譜,窗外,戴佩妮,037,007,電影【一公升的眼淚】中文主題曲
最新排行(簡譜)：最新單曲,阿母的手,詹雅雯,037,011,
最新排行(簡譜)：最新單曲,最後火車站,黃乙玲,037,013,
流行豆芽譜,鬧鬧,張芯瑜,037,013,中視偶像劇【星蘋果樂園】片頭曲
最新排行(簡譜)：最新單曲,稀微的風中,伍佰,037,015,
最新排行(簡譜)：最新單曲,愛國精神病,鄭進一/賀一航,037,017,
最新排行(簡譜)：最新單曲,何時再見夢中人,伍佰,037,019,
流行豆芽譜,博杯,江蕙,037,019,
最新排行(簡譜)：最新單曲,True Love,蔡健雅,037,021,
最新排行(簡譜)：最新單曲,一半,伍思凱,037,023,
流行豆芽譜,小小,戴佩妮,037,024,電視劇【天堂來的孩子】插曲
最新排行(簡譜)：最新單曲,大雪,姜育恆/滿書雯,037,025,
最新排行(簡譜)：最新單曲,小雪,任賢齊,037,027,
流行豆芽譜,小情歌,蘇打綠,037,029,
最新排行(簡譜)：最新單曲,不想,戴佩妮,037,031,
最新排行(簡譜)：最新單曲,天天,陶吉吉,037,033,
最新排行(簡譜)：最新單曲,心地,陳曉東,037,035,
流行豆芽譜,北極圈,FIR,037,035,
最新排行(簡譜)：最新單曲,如今,姜育恆,037,037,
最新排行(簡譜)：最新單曲,忘了,藍心湄,037,039,
最新排行(簡譜)：最新單曲,狂奔,藍心湄,037,041,
流行豆芽譜,怎麼辦,SHE,037,041,偶像劇【花樣少年少女】片頭曲
最新排行(簡譜)：最新單曲,奇蹟,張宇,037,043,
流行豆芽譜,綠袖子,元若藍,037,046,
最新排行(簡譜)：最新單曲,幸福,陳明,037,047,
最新排行(簡譜)：最新單曲,紀念,蔡健雅,037,049,
最新排行(簡譜)：最新單曲,神話,紀曉君,037,051,
流行豆芽譜,聖誕節,張玉華,037,052,
最新排行(簡譜)：最新單曲,解套,彭靖惠,037,053,
最新排行(簡譜)：最新單曲,懦弱,董事長樂團,037,055,
最新排行(簡譜)：最新單曲,平衡點,蘇永康,037,057,
流行豆芽譜,好朋友,羅志祥,037,057,
最新排行(簡譜)：最新單曲,冷水澡,黃立行,037,059,
最新排行(簡譜)：最新單曲,告訴我,陳綺真,037,061,
流行豆芽譜,專屬天使,Tank,037,062,偶像劇【花樣少年少女】片尾曲
最新排行(簡譜)：最新單曲,妳身邊,黃立行,037,063,
最新排行(簡譜)：最新單曲,保護我,戴佩妮,037,065,
最新排行(簡譜)：最新單曲,歌說活,姜育恆,037,067,
流行豆芽譜,對你的愛,卓文萱,037,067,電視劇【戀愛女王】插曲電影【一年之初】中文主題曲
最新排行(簡譜)：最新單曲,講真話,錦繡二重唱,037,069,
最新排行(簡譜)：最新單曲,比我幸福,陳曉東,037,071,
流行豆芽譜,明天過後,吳克群,037,071,
最新排行(簡譜)：最新單曲,再聽一次,李玟,037,073,
最新排行(簡譜)：最新單曲,你的溫度,蔡健雅,037,075,
流行豆芽譜,無可救藥,品冠,037,076,
最新排行(簡譜)：最新單曲,我都在乎,熊天平,037,077,
最新排行(簡譜)：最新單曲,我還想愛,姜育恆,037,079,
最新排行(簡譜)：最新單曲,相遇太早,蘇永康,037,081,
流行豆芽譜,單身潛逃,戴佩妮,037,081,
最新排行(簡譜)：最新單曲,迫在眉梢,許美靜,037,083,
最新排行(簡譜)：最新單曲,乘虛而入,蘇永康,037,085,
流行豆芽譜,淡水河邊,戴佩妮,037,086,韓劇【薯童謠】片頭曲【給父母親的信】片尾曲
最新排行(簡譜)：最新單曲,情有獨鍾,張宇,037,087,
最新排行(簡譜)：最新單曲,習慣這樣,戴佩妮,037,089,
最新排行(簡譜)：最新單曲,最愛的人,姜育恆,037,091,
流行豆芽譜,陪我看日出,蔡淳佳,037,091,
最新排行(簡譜)：最新單曲,單身情歌,林志炫,037,093,
最新排行(簡譜)：最新單曲,愛你愛的,陳慧琳,037,095,
最新排行(簡譜)：最新單曲,愛情條約,張宇,037,097,
流行豆芽譜,等一個晴天,蔡淳佳,037,097,
最新排行(簡譜)：最新單曲,漂亮一點,蔡健雅,037,099,
最新排行(簡譜)：最新單曲,橘子香水,任賢齊,037,101,
最新排行(簡譜)：最新單曲,女人的選擇,姜育恆,037,103,
流行豆芽譜,雨季開始了,張芯瑜,037,104,中視偶像劇【星蘋果樂園】片尾曲
最新排行(簡譜)：最新單曲,我要找到你,陳明,037,105,
最新排行(簡譜)：最新單曲,故鄉普悠瑪,紀曉君,037,107,
最新排行(簡譜)：最新單曲,最近的距離,陳曉東,037,109,
最新排行(簡譜)：最新單曲,單眼皮女生,中國娃娃,037,111,
流行豆芽譜,123木頭人,黑澀會美眉,037,111,韓劇【葡萄園之戀】片尾曲
最新排行(簡譜)：最新單曲,當陽光變冷,許美靜,037,113,
最新排行(簡譜)：最新單曲,對你太在乎,陳慧琳,037,115,
流行豆芽譜,聽說愛情回來過,蔡依林,037,115,
最新排行(簡譜)：最新單曲,還是一個人,錦繡二重唱,037,117,
最新排行(簡譜)：最新單曲,還是會寂寞,陳綺貞,037,119,
最新排行(簡譜)：最新單曲,不愛我的畫面,吳宗憲,037,121,
最新排行(簡譜)：最新單曲,好想再聽一遍,陶莉萍,037,123,
最新排行(簡譜)：最新單曲,秋天1944,黃大煒,037,125,
最新排行(簡譜)：最新單曲,愛一天多一天,陳曉東,037,129,
最新排行(簡譜)：最新單曲,愛你在每一天,李玟,037,131,
最新排行(簡譜)：最新單曲,愛是個壞東西,蕭亞軒,037,133,
最新排行(簡譜)：最新單曲,說了你也不懂,巫啟賢,037,137,
最新排行(簡譜)：最新單曲,蚊子愛情進行曲,中國娃娃,037,139,
最新排行(簡譜)：最新單曲,愛從昨夜就停了,黃大煒,037,141,
最新排行(簡譜)：最新單曲,蝴蝶來過這世界,梁漢文,037,143,
最新排行(簡譜)：最新單曲,小姐這是我的名片,吳宗憲,037,145,
最新排行(簡譜)：最新單曲,原來思念也有生命,蘇永康,037,147,
最新排行(簡譜)：最新單曲,曾經愛你永遠愛你,伍思凱,037,149,
最新排行(簡譜)：最新單曲,找不到一個人陪我喝喝酒,謝雷,037,151,
最新排行(簡譜)：最新單曲,有春,葉民志,036,001,
流行豆芽譜,I Still Believe,徐若瑄/曹格,036,001,
最新排行(簡譜)：最新單曲,情關,郭獎/金素梅,036,003,
最新排行(簡譜)：最新單曲,煙花,江蕙,036,005,
流行豆芽譜,親親,梁靜茹,036,006,
最新排行(簡譜)：最新單曲,離家,江蕙,036,007,
最新排行(簡譜)：最新單曲,我愛過,江蕙,036,009,
最新排行(簡譜)：最新單曲,阿莎力,金門王,036,011,
流行豆芽譜,雨天,孫燕姿,036,011,
最新排行(簡譜)：最新單曲,夢前塵,江蕙,036,013,
最新排行(簡譜)：最新單曲,斷腸詩,江蕙,036,015,
流行豆芽譜,說謊,張信哲,036,015,
最新排行(簡譜)：最新單曲,青春的夢,吳淑敏,036,017,
最新排行(簡譜)：最新單曲,紅花抹香,江蕙,036,019,
流行豆芽譜,殘廢,吳克群,036,019,緯來電視劇【比花還美】片尾曲【律師們】片頭曲
最新排行(簡譜)：最新單曲,苦苦的酒,吳淑敏,036,021,
最新排行(簡譜)：最新單曲,淡水的雨,詹雅雯,036,023,
流行豆芽譜,憨過頭,梁靜茹,036,024,
最新排行(簡譜)：最新單曲,傷心傷情,吳淑敏,036,025,
最新排行(簡譜)：最新單曲,愛你這深,詹雅雯,036,027,
最新排行(簡譜)：最新單曲,愛情專線,郭獎,036,029,
最新排行(簡譜)：最新單曲,演袂落去,江蕙,036,031,
流行豆芽譜,暖暖,梁靜茹,036,031,
最新排行(簡譜)：最新單曲,Formosa 淡水,金門王,036,033,
最新排行(簡譜)：最新單曲,心肝親像鐵,吳淑敏,036,035,
最新排行(簡譜)：最新單曲,失婚的女人,江蕙,036,037,
流行豆芽譜,找不到,楊丞琳,036,038,
最新排行(簡譜)：最新單曲,故鄉的土味,金門王,036,039,
最新排行(簡譜)：最新單曲,無你卡快活,詹雅雯,036,041,
最新排行(簡譜)：最新單曲,獨身進行曲,李炳輝,036,043,
流行豆芽譜,我愛你,蕭賀碩,036,043,偶像劇【我們結婚吧】片頭曲
最新排行(簡譜)：最新單曲,小卒仔的心聲,郭獎,036,045,
最新排行(簡譜)：最新單曲,今晚我要唱歌,江蕙/任賢齊,036,047,
最新排行(簡譜)：最新單曲,換我來牽你的手,金門王,036,049,
流行豆芽譜,我可以,蔡旻佑,036,049,韓劇【不良家族】片尾曲
最新排行(簡譜)：最新單曲,Na Na Na,徐懷鈺,036,051,
最新排行(簡譜)：最新單曲,Say Forever,GoGo/MeMe,036,053,
最新排行(簡譜)：最新單曲,夜,顧盼盼,036,055,
流行豆芽譜,親愛的,徐若瑄,036,055,
最新排行(簡譜)：最新單曲,分飛,徐懷鈺,036,057,
最新排行(簡譜)：最新單曲,天堂,利綺,036,059,
最新排行(簡譜)：最新單曲,天涯,任賢齊,036,061,
流行豆芽譜,美人魚,徐若瑄,036,061,
最新排行(簡譜)：最新單曲,後來,劉若英,036,063,
最新排行(簡譜)：最新單曲,晚婚,江蕙,036,065,
流行豆芽譜,紅花雨,趙詠華,036,066,
最新排行(簡譜)：最新單曲,亂了,徐懷鈺,036,067,
最新排行(簡譜)：最新單曲,想你,范曉萱,036,069,
最新排行(簡譜)：最新單曲,誓言,徐懷鈺,036,071,
流行豆芽譜,第九夜,李玟,036,071,
最新排行(簡譜)：最新單曲,體貼,利綺,036,073,
最新排行(簡譜)：最新單曲,四月天,劉若英,036,075,
流行豆芽譜,你很愛他,F.I.R.,036,076,
最新排行(簡譜)：最新單曲,死不了,任賢齊,036,077,
最新排行(簡譜)：最新單曲,我要飛,張惠妹,036,079,
流行豆芽譜,幸福調味,卓文萱,036,079,
最新排行(簡譜)：最新單曲,我等你,劉若英,036,081,
最新排行(簡譜)：最新單曲,找自己,陶吉吉,036,083,
最新排行(簡譜)：最新單曲,維他命,江美琪,036,085,
流行豆芽譜,沿海地帶,弦子,036,085,電視劇【天堂來的孩子】片尾曲
最新排行(簡譜)：最新單曲,不夠小心,彭佳慧,036,087,
最新排行(簡譜)：最新單曲,失蹤日記,徐懷鈺,036,089,
流行豆芽譜,對你有感覺,江美琪/光良,036,090,
最新排行(簡譜)：最新單曲,那天那夜,陳潔儀,036,091,
最新排行(簡譜)：最新單曲,為愛存在,杜德偉,036,093,
最新排行(簡譜)：最新單曲,飛的理由,林憶蓮,036,095,
最新排行(簡譜)：最新單曲,累了走了散了,六哲,145,079,
最新排行(簡譜)：最新單曲,終於愛情,陳嘉樺,145,082,電影《脫單告急》主題曲
最新排行(簡譜)：最新單曲,一起飆高音,黃明志/李佳薇,145,084,
最新排行(簡譜)：最新單曲,不需要知道,韋禮安,145,086,電視劇《我的男孩》片尾曲
最新排行(簡譜)：最新單曲,再愛我一天,陳芳語,145,088,
最新排行(簡譜)：最新單曲,你會在哪呢,蕭敬騰,145,090,
最新排行(簡譜)：最新單曲,帶你去旅行,校長(張馳),145,092,
最新排行(簡譜)：最新單曲,畢竟深愛過,六哲,145,094,
最新排行(簡譜)：最新單曲,就這麼錯過,馬仕釗,145,096,電視劇《翻牆的記憶》片尾曲
最新排行(簡譜)：最新單曲,123我愛你,新樂塵符/賀子玲,145,098,
最新排行(簡譜)：最新單曲,不愛我就拉倒,周杰倫,145,100,
最新排行(簡譜)：最新單曲,為愛流下傷心淚,暴林,145,102,
最新排行(簡譜)：最新單曲,愛了很久的朋友,田馥甄,145,104,電影《後來的我們》插曲
最新排行(簡譜)：最新單曲,讓我為你唱情歌,蕭敬騰,145,106,
最新排行(簡譜)：最新單曲,讓全世界知道我愛你,六哲/賀敬軒,145,108,
最新排行(簡譜)：最新單曲,千金,一綾,144,010,電視劇《一家人》片尾曲
最新排行(簡譜)：最新單曲,縫夢,許富凱,144,012,
最新排行(簡譜)：最新單曲,無卡紙,孫淑媚/阿杜,144,014,電視劇《深夜食堂》片頭曲.片尾曲
最新排行(簡譜)：最新單曲,牡丹花開,孫淑媚,144,016,電視劇《牡丹花開》主題曲
最新排行(簡譜)：最新單曲,愛你一生,秀蘭瑪雅,144,018,
最新排行(簡譜)：最新單曲,沒你我沒差,玖壹壹,144,020,
最新排行(簡譜)：最新單曲,恰恰阿哥哥,謝金燕,144,022,
最新排行(簡譜)：最新單曲,過期的車票,蔡秋鳳,144,024,
最新排行(簡譜)：最新單曲,My Love,黃偉霖,144,026,
最新排行(簡譜)：最新單曲,Will You Remember Me,李玖哲,144,028,
最新排行(簡譜)：最新單曲,You're Gone,畢書盡(Bii),144,030,電視劇《噗通噗通我愛你》片尾曲*3頁
最新排行(簡譜)：最新單曲,明仔載,盧廣仲,144,033,
最新排行(簡譜)：最新單曲,父母,那對夫妻,144,034,
最新排行(簡譜)：最新單曲,兄弟,五月天,144,036,
最新排行(簡譜)：最新單曲,聊傷,畢書盡(Bii),144,040,電視劇《1006的房客》片尾曲
最新排行(簡譜)：最新單曲,殘月,黃偉霖,144,042,
最新排行(簡譜)：最新單曲,無窮,吳汶芳,144,044,電視劇《當你沉睡時》片頭曲/《沒有名字的女人》片尾曲
最新排行(簡譜)：最新單曲,暗香,沙寶亮,144,046,電影《金粉世家》主題曲
最新排行(簡譜)：最新單曲,裝醉,張惠妹,144,048,
最新排行(簡譜)：最新單曲,聽愛,王力宏,144,050,電視劇《豆福傳》片尾曲
最新排行(簡譜)：最新單曲,三角題,二珂,144,054,
最新排行(簡譜)：最新單曲,什麼歌,五月天,144,056,
最新排行(簡譜)：最新單曲,我不會,那對夫妻,144,059,
最新排行(簡譜)：最新單曲,流浪記,楊宗緯,144,062,
最新排行(簡譜)：最新單曲,對的人,莊心妍,144,064,
最新排行(簡譜)：最新單曲,一次就好,楊宗緯,144,066,
最新排行(簡譜)：最新單曲,天天年年,孫燕姿,144,068,
最新排行(簡譜)：最新單曲,心愛的人,黃明志,144,070,
最新排行(簡譜)：最新單曲,幸福路上,蔡依林,144,072,電影《幸福路上》主題曲
最新排行(簡譜)：最新單曲,幾分之幾,盧廣仲,144,074,電影《花甲大人轉男孩》主題曲
最新排行(簡譜)：最新單曲,等你下課,周杰倫/楊瑞代,144,076,
最新排行(簡譜)：最新單曲,鼓聲若響,齊秦,144,078,
最新排行(簡譜)：最新單曲,壞的好人,張惠妹,144,080,
最新排行(簡譜)：最新單曲,只想對妳說,那對夫妻/Kim京燁,144,082,
最新排行(簡譜)：最新單曲,在你耳邊說,周興哲,144,084,
流行豆芽譜,愛X無限大,元若藍,036,095,
最新排行(簡譜)：最新單曲,麻辣男人,迪克牛仔,036,097,
最新排行(簡譜)：最新單曲,愛有極限,彭佳慧,036,099,
最新排行(簡譜)：最新單曲,愛情故事,鄭秀文,036,101,
流行豆芽譜,小手拉大手,梁靜茹,036,101,
最新排行(簡譜)：最新單曲,漫漫長路,江蕙,036,103,
最新排行(簡譜)：最新單曲,說走就走,陶吉吉,036,105,
最新排行(簡譜)：最新單曲,雙城故事,莫文蔚,036,107,
流行豆芽譜,陪你等天亮,許慧欣/潘瑋儀,036,108,
最新排行(簡譜)：最新單曲,上帝救救我,伍佰,036,109,
最新排行(簡譜)：最新單曲,至少還有你,林憶蓮,036,111,
最新排行(簡譜)：最新單曲,你決定就好,許志安,036,113,
流行豆芽譜,梁山伯與茱麗葉,卓文萱/曹格,036,113,華視【戀愛女王】片尾曲
最新排行(簡譜)：最新單曲,我坐在這裡,林憶蓮,036,115,
最新排行(簡譜)：最新單曲,春天花會開,任賢齊,036,117,
流行豆芽譜,其實很愛你,張韶涵,036,117,偶像劇【屋頂上的綠寶石】主題曲
最新排行(簡譜)：最新單曲,美麗新世界,伍佰,036,119,
最新排行(簡譜)：最新單曲,第二眼美女,江美琪,036,121,
最新排行(簡譜)：最新單曲,最後是溫柔,伍佰,036,123,
最新排行(簡譜)：最新單曲,森巴愛恰恰,許志安,036,125,
最新排行(簡譜)：最新單曲,半夜11點鐘,伍佰,036,127,
最新排行(簡譜)：最新單曲,你那邊是晴天,江美琪,036,131,
最新排行(簡譜)：最新單曲,我多麼羨慕你,江美琪,036,133,
最新排行(簡譜)：最新單曲,我們都要幸福,許志安,036,135,
最新排行(簡譜)：最新單曲,第一號傷心人,迪克牛仔,036,137,
最新排行(簡譜)：最新單曲,跟著我一輩子,杜德偉,036,139,
最新排行(簡譜)：最新單曲,用背叛成全背叛,許志安,036,141,
最新排行(簡譜)：最新單曲,我們這裡還有魚,魔霆癡狂,036,143,
最新排行(簡譜)：最新單曲,流著淚的妳的臉,任賢齊,036,145,
最新排行(簡譜)：最新單曲,愛永遠不會消失,張惠妹,036,147,
最新排行(簡譜)：最新單曲,我這個你不愛的人,迪克牛仔,036,149,
最新排行(簡譜)：最新單曲,別人都說我們會分開,無印良品,036,151,
最新排行(簡譜)：最新單曲,我不知道風是在哪一個方向吹,黃磊,036,153,
最新排行(簡譜)：最新單曲,心願,秀蘭瑪雅,035,001,
流行豆芽譜,Goodbye My Love,S.H.E,035,001,
最新排行(簡譜)：最新單曲,有情人,秀蘭瑪雅,035,003,
最新排行(簡譜)：最新單曲,甘有速配,黃乙玲/迪克牛仔,035,005,
最新排行(簡譜)：最新單曲,啞吧情歌,黃乙玲,035,007,
流行豆芽譜,Ring Ring Ring,S.H.E,035,007,2006年【手機必備鈴聲】代表作
最新排行(簡譜)：最新單曲,望郎早歸,秀蘭瑪雅,035,009,
最新排行(簡譜)：最新單曲,無字的情批,黃乙玲,035,011,
最新排行(簡譜)：最新單曲,傷心第四台,黃乙玲,035,013,
流行豆芽譜,謝謝,潘瑋柏,035,013,
最新排行(簡譜)：最新單曲,Cappuccino,蕭亞軒,035,015,
最新排行(簡譜)：最新單曲,Color Of The Wind,王頌恩,035,017,
流行豆芽譜,I DO,王心凌,035,018,偶像劇【微笑Pasta】插曲
最新排行(簡譜)：最新單曲,Goodbye,蔡依林,035,019,
最新排行(簡譜)：最新單曲,How Do I Live,Dianc Warren,035,021,
最新排行(簡譜)：最新單曲,Mystery,盧春如,035,023,
流行豆芽譜,退後,周杰倫,035,024,
最新排行(簡譜)：最新單曲,No Matter What,BoyZone,035,025,
最新排行(簡譜)：最新單曲,Oh Honey Honey,阿牛,035,027,
最新排行(簡譜)：最新單曲,You'll Be In My Heart,Phil Collins,035,029,
流行豆芽譜,眷戀,F.I.R.,035,029,
最新排行(簡譜)：最新單曲,甘願,彭佳慧,035,031,
最新排行(簡譜)：最新單曲,白鴿,伍佰,035,033,
流行豆芽譜,心雨,周杰倫,035,035,
最新排行(簡譜)：最新單曲,別說,郭富城,035,037,
最新排行(簡譜)：最新單曲,身邊,柯以敏,035,039,
流行豆芽譜,太美麗,陶吉吉,035,040,
最新排行(簡譜)：最新單曲,那天,楊乃文,035,041,
最新排行(簡譜)：最新單曲,朋友,無印良品,035,043,
最新排行(簡譜)：最新單曲,怎麼,辛曉琪,035,045,
流行豆芽譜,菊花台,周杰倫,035,045,
最新排行(簡譜)：最新單曲,美麗,柯以敏,035,047,
最新排行(簡譜)：最新單曲,計較,王馨平,035,049,
最新排行(簡譜)：最新單曲,風鈴,周蕙,035,051,
流行豆芽譜,雨櫻花,F.I.R.,035,051,
最新排行(簡譜)：最新單曲,迷途,辛曉琪,035,053,
最新排行(簡譜)：最新單曲,微笑,楊千嬅,035,055,
最新排行(簡譜)：最新單曲,當時,張宇,035,057,
流行豆芽譜,一把傘,183 Club,035,058,
最新排行(簡譜)：最新單曲,不愛了,徐若瑄,035,059,
最新排行(簡譜)：最新單曲,你好毒,張學友,035,061,
最新排行(簡譜)：最新單曲,沒有人,蕭亞軒,035,063,
流行豆芽譜,白色風車,周杰倫,035,063,
最新排行(簡譜)：最新單曲,來來歌,阿牛,035,065,
最新排行(簡譜)：最新單曲,放棄你,張學友,035,067,
最新排行(簡譜)：最新單曲,痛苦過,周華健/莫文蔚,035,069,
流行豆芽譜,千里之外,周杰倫/費玉清,035,069,
最新排行(簡譜)：最新單曲,塑膠花,黃品源,035,071,
最新排行(簡譜)：最新單曲,稻草人,林志穎,035,073,
流行豆芽譜,你的肩膀,何耀珊,035,074,中視【喬家大院】片尾曲
最新排行(簡譜)：最新單曲,三天三夜,張惠妹,035,075,
最新排行(簡譜)：最新單曲,小鎮姑娘,陶吉吉,035,077,
最新排行(簡譜)：最新單曲,不在乎他,張惠妹,035,079,
流行豆芽譜,心肝寶貝,劉德華,035,080,
最新排行(簡譜)：最新單曲,心如刀割,張學友,035,081,
最新排行(簡譜)：最新單曲,你的現在,張宇,035,083,
最新排行(簡譜)：最新單曲,我不是她,盧春如,035,085,
流行豆芽譜,轉身的時候,賴雅妍,035,085,電視劇【深情密碼】插曲
最新排行(簡譜)：最新單曲,忽然之間,莫文蔚,035,087,
最新排行(簡譜)：最新單曲,勇敢一點,趙傳,035,089,
最新排行(簡譜)：最新單曲,狠不下心,黃品源,035,091,
流行豆芽譜,聽媽媽的話,周杰倫,035,091,
最新排行(簡譜)：最新單曲,真的怕了,郭富城,035,093,
最新排行(簡譜)：最新單曲,送你回家,周華健,035,095,
最新排行(簡譜)：最新單曲,鬼迷心竅,李宗盛,035,097,
流行豆芽譜,夜的第七章,周杰倫/潘兒,035,097,
最新排行(簡譜)：最新單曲,普通朋友,陶吉吉,035,099,
最新排行(簡譜)：最新單曲,愛與願違,高慧君,035,101,
最新排行(簡譜)：最新單曲,徵婚啟事,黃品源/黃品冠,035,103,
流行豆芽譜,曾經太年輕,藍又時,035,103,偶像劇【白色巨塔】片尾曲
最新排行(簡譜)：最新單曲,離愛出走,張惠妹,035,105,
最新排行(簡譜)：最新單曲,讓你去飛,辛曉琪,035,107,
流行豆芽譜,做你的男人,張信哲,035,108,
最新排行(簡譜)：最新單曲,不敗的戀人,徐若瑄,035,109,
最新排行(簡譜)：最新單曲,不愛就走開,盧春如,035,111,
最新排行(簡譜)：最新單曲,不會哭的人,動力火車,035,113,
流行豆芽譜,再見我的愛,櫻桃幫,035,113,
最新排行(簡譜)：最新單曲,天真的雙眼,動力火車,035,115,
最新排行(簡譜)：最新單曲,如果我現在,周華健,035,117,
流行豆芽譜,還是喜歡你,Sweety,035,118,
最新排行(簡譜)：最新單曲,你對我的好,伊能靜,035,119,
最新排行(簡譜)：最新單曲,那就這樣吧,動力火車,035,121,
最新排行(簡譜)：最新單曲,妳都在身邊,黃品源,035,123,
最新排行(簡譜)：最新單曲,重傷的汗水,動力火車,035,125,
最新排行(簡譜)：最新單曲,溫暖是紅色,柯以敏,035,127,
最新排行(簡譜)：最新單曲,與妳到永久,伍佰,035,129,
最新排行(簡譜)：最新單曲,一生最愛的人,伍佰,035,131,
最新排行(簡譜)：最新單曲,再見我的愛人,動力火車,035,133,
最新排行(簡譜)：最新單曲,你愛她我愛她,夢飛船,035,135,
最新排行(簡譜)：最新單曲,現在就說愛我,盧春如,035,137,
最新排行(簡譜)：最新單曲,二分之一的幸福,張學友,035,139,
最新排行(簡譜)：最新單曲,我要我們在一起,范曉萱,035,141,
最新排行(簡譜)：最新單曲,要我怎麼忘了他,謝霆鋒,035,143,
最新排行(簡譜)：最新單曲,最熟悉的陌生人,蕭亞軒,035,145,
最新排行(簡譜)：最新單曲,她來聽我的演唱會,張學友,035,147,
最新排行(簡譜)：最新單曲,寂寞的人不只是我,楊千嬅,035,151,
最新排行(簡譜)：最新單曲,就當不曾認識你吧,王馨平,035,153,
最新排行(簡譜)：最新單曲,了斷,張秀卿/施文彬,034,001,
流行豆芽譜,Baby是我,李玖哲,034,001,
最新排行(簡譜)：最新單曲,多桑,洪百慧,034,003,
最新排行(簡譜)：最新單曲,背影,王建傑,034,005,
流行豆芽譜,路口,蔡健雅,034,006,
最新排行(簡譜)：最新單曲,當選,林美美,034,007,
最新排行(簡譜)：最新單曲,吃飽未,張菱/莊孝緯,034,009,
流行豆芽譜,寶貝,張懸,034,010,
最新排行(簡譜)：最新單曲,夜快車,張秀卿,034,011,
最新排行(簡譜)：最新單曲,明知影,王建傑,034,013,
最新排行(簡譜)：最新單曲,有你有我,王建傑,034,015,
流行豆芽譜,觸電,S.H.E,034,015,
最新排行(簡譜)：最新單曲,阿母的話,洪百慧,034,017,
最新排行(簡譜)：最新單曲,重逢日子,洪百慧,034,019,
最新排行(簡譜)：最新單曲,無講的話,林美美,034,021,
流行豆芽譜,最近,李聖傑,034,021,
最新排行(簡譜)：最新單曲,愛的滋味,孫淑媚,034,023,
最新排行(簡譜)：最新單曲,一千個理由,張菱,034,025,
流行豆芽譜,櫻花草,Sweety,034,025,
最新排行(簡譜)：最新單曲,不甘送別你,洪百慧,034,027,
最新排行(簡譜)：最新單曲,叫我怎樣甘,洪百慧,034,029,
最新排行(簡譜)：最新單曲,青春賭一擺,洪百慧,034,031,
流行豆芽譜,我愛你,許晉豪,034,031,中視【神鵰俠侶】片尾曲
最新排行(簡譜)：最新單曲,風對叨位吹,孫淑媚,034,033,
最新排行(簡譜)：最新單曲,純情憨慢仔,張宇,034,035,
流行豆芽譜,一下下,同恩,034,035,
最新排行(簡譜)：最新單曲,愛你愛到這,張秀卿/王識賢,034,037,
最新排行(簡譜)：最新單曲,癡情酷恰恰,王中平/甲子慧,034,039,
流行豆芽譜,黃昏曉,王心凌,034,040,偶像劇【微笑Pasta】插曲
最新排行(簡譜)：最新單曲,我若酒醉攏是你,張秀卿/李明旭,034,041,
最新排行(簡譜)：最新單曲,無月亮的中秋暝,張菱,034,043,
最新排行(簡譜)：最新單曲,要飲就飲著擱講彼多,張菱,034,045,
流行豆芽譜,紫藤花,S.H.E,034,045,
最新排行(簡譜)：最新單曲,Because Of You,蔡依林,034,047,
最新排行(簡譜)：最新單曲,Happy Tune,李心潔,034,049,
流行豆芽譜,戒不掉,庾澄慶,034,050,
最新排行(簡譜)：最新單曲,心動,林曉培,034,051,
最新排行(簡譜)：最新單曲,冷戰,侯湘婷,034,053,
流行豆芽譜,靜靜的,庾澄慶,034,054,中視偶像劇【深情密碼】片頭曲
最新排行(簡譜)：最新單曲,恆星,許如芸/蘇永康,034,055,
最新排行(簡譜)：最新單曲,炫耀,陳潔儀,034,057,
最新排行(簡譜)：最新單曲,約定,周蕙,034,059,
流行豆芽譜,在你眼裡,同恩,034,059,電視劇【地下鐵】片尾曲
最新排行(簡譜)：最新單曲,迷路,梁靜茹,034,061,
最新排行(簡譜)：最新單曲,彩虹,梁靜茹,034,063,
流行豆芽譜,飄洋過海,何耀珊,034,063,電視劇【喬家大院】片頭曲
最新排行(簡譜)：最新單曲,掏空,陳奕迅,034,065,
最新排行(簡譜)：最新單曲,催眠,王菲,034,067,
流行豆芽譜,天天夜夜,F.I.R.,034,068,韓劇【宮-野蠻王妃】片頭曲
最新排行(簡譜)：最新單曲,愛喲,陶晶瑩/Dreamz,034,069,
最新排行(簡譜)：最新單曲,預言,周蕙,034,071,
最新排行(簡譜)：最新單曲,戰爭,蘇永康,034,073,
流行豆芽譜,眼底星空,李聖傑,034,074,
最新排行(簡譜)：最新單曲,靜止,楊乃文,034,075,
最新排行(簡譜)：最新單曲,轉身,高慧君,034,077,
最新排行(簡譜)：最新單曲,上上籤,周華健,034,079,
流行豆芽譜,關於妳的歌,李聖傑,034,079,
最新排行(簡譜)：最新單曲,大女人,張宇,034,081,
最新排行(簡譜)：最新單曲,我知道,何潤東,034,083,
最新排行(簡譜)：最新單曲,動起來,羅密歐,034,085,
流行豆芽譜,彩虹的微笑,王心凌,034,085,偶像劇【微笑Pasta】片頭曲
最新排行(簡譜)：最新單曲,給你們,張宇,034,087,
最新排行(簡譜)：最新單曲,愛不夠,馮德倫,034,089,
最新排行(簡譜)：最新單曲,舊傷口,謝霆鋒,034,091,
流行豆芽譜,北極星的眼淚,張棟樑,034,091,偶像劇【微笑Pasta】片尾曲
最新排行(簡譜)：最新單曲,藏不住,利綺,034,093,
最新排行(簡譜)：最新單曲,離開我,陶晶瑩,034,095,
流行豆芽譜,我很想愛他,Twins,034,096,
最新排行(簡譜)：最新單曲,一夜長大,梁靜茹,034,097,
最新排行(簡譜)：最新單曲,了無牽掛,毛寧,034,099,
最新排行(簡譜)：最新單曲,不要告別,楊乃文,034,101,
流行豆芽譜,我們怎麼了,S.H.E,034,101,
最新排行(簡譜)：最新單曲,不愛跳舞,謝霆鋒,034,103,
最新排行(簡譜)：最新單曲,天下大亂,蘇慧倫,034,105,
流行豆芽譜,熟悉的溫柔,周渝民,034,106,電視劇【深情密碼】片尾曲
最新排行(簡譜)：最新單曲,百年孤寂,王菲,034,107,
最新排行(簡譜)：最新單曲,你愛我嗎,侯湘婷,034,109,
最新排行(簡譜)：最新單曲,我給的愛,楊乃文,034,111,
流行豆芽譜,愛上你是一個錯,楊培安,034,111,中視【神鵰俠侶】主題曲
最新排行(簡譜)：最新單曲,愛我久久,阿牛,034,113,
最新排行(簡譜)：最新單曲,裙擺搖搖,李心潔,034,115,
流行豆芽譜,今天妳要嫁給我,陶吉吉/蔡依林,034,115,
最新排行(簡譜)：最新單曲,遊戲愛情,羅密歐,034,117,
最新排行(簡譜)：最新單曲,夢醒時分,陳淑樺,034,119,
最新排行(簡譜)：最新單曲,不要來找我,楊乃文,034,121,
最新排行(簡譜)：最新單曲,只愛陌生人,王菲,034,125,
最新排行(簡譜)：最新單曲,婚禮的祝福,陳奕迅,034,127,
最新排行(簡譜)：最新單曲,最真的期待,趙詠華,034,129,
最新排行(簡譜)：最新單曲,當時的月亮,王菲,034,131,
最新排行(簡譜)：最新單曲,不想讓你知道,周蕙,034,133,
最新排行(簡譜)：最新單曲,對不起我愛你,梁靜茹,034,135,
最新排行(簡譜)：最新單曲,只要為你活一天,謝霆鋒,034,137,
最新排行(簡譜)：最新單曲,我把自己交給你,黎明,034,139,
最新排行(簡譜)：最新單曲,我的開始在這裡,陳奕迅,034,141,
最新排行(簡譜)：最新單曲,我知道你很難過,蔡依林,034,143,
最新排行(簡譜)：最新單曲,沒有我你怎麼辦,何潤東,034,145,
最新排行(簡譜)：最新單曲,那年我們十七歲,何潤東,034,147,
最新排行(簡譜)：最新單曲,夜了醉了就想哭,謝霆鋒,034,149,
最新排行(簡譜)：最新單曲,姊姊妹妹站起來,陶晶瑩,034,151,
最新排行(簡譜)：最新單曲,謝謝你的愛1999,謝霆鋒,034,153,
最新排行(簡譜)：最新單曲,贏,張秀卿,033,001,
流行豆芽譜,舞孃,蔡依林,033,001,
最新排行(簡譜)：最新單曲,酒伴,高向鵬/傅振輝,033,003,
最新排行(簡譜)：最新單曲,選擇,謝金燕,033,005,
最新排行(簡譜)：最新單曲,丟丟彈,陳雷,033,007,
流行豆芽譜,最終話,蔡依林,033,007,
最新排行(簡譜)：最新單曲,放呼醉,陳雷,033,009,
最新排行(簡譜)：最新單曲,乾一吓,黃西田/櫻桃姊妹,033,011,
流行豆芽譜,Beautiful Love,蔡健雅,033,012,
最新排行(簡譜)：最新單曲,談戀愛,謝金燕,033,013,
最新排行(簡譜)：最新單曲,我沒讀書,阿弟仔,033,015,
最新排行(簡譜)：最新單曲,找無人愛,阿弟仔,033,017,
流行豆芽譜,放生,范逸臣,033,018,
最新排行(簡譜)：最新單曲,愛的心晟,謝金燕,033,019,
最新排行(簡譜)：最新單曲,憨人情歌,柯受良,033,021,
最新排行(簡譜)：最新單曲,I Love You 無望,五月天,033,023,
流行豆芽譜,男人心,楊培安,033,023,韓劇【這該死的愛】片尾曲
最新排行(簡譜)：最新單曲,大頭仔兄弟,高向鵬/傅振輝,033,025,
最新排行(簡譜)：最新單曲,甲傷心同居,謝金燕,033,027,
最新排行(簡譜)：最新單曲,有夢你會紅,吳宗憲,033,029,
流行豆芽譜,心型圈,蔡依林,033,029,
最新排行(簡譜)：最新單曲,志明與春嬌,五月天,033,031,
最新排行(簡譜)：最新單曲,我若變好額,陳雷,033,033,
流行豆芽譜,開場白,蔡依林,033,033,
最新排行(簡譜)：最新單曲,放伴洗身軀,黃西田,033,035,
最新排行(簡譜)：最新單曲,無采我的愛,陳雷,033,037,
流行豆芽譜,別疼我,何以奇,033,037,韓劇【美妙人生】【屋塔房小貓】片頭曲
最新排行(簡譜)：最新單曲,鴨母帶雞子,黃西田,033,039,
最新排行(簡譜)：最新單曲,你是我的兄弟,高向鵬/傅振輝,033,041,
最新排行(簡譜)：最新單曲,恁姊仔住市內,康晉榮,033,043,
流行豆芽譜,黑白配,范瑋琪,033,043,
最新排行(簡譜)：最新單曲,一分情半分是假,謝雷,033,045,
最新排行(簡譜)：最新單曲,Diamond Sun,林曉培,033,047,
流行豆芽譜,健健美,i.n.g,033,047,2006職棒【兄弟象】加油主題曲
最新排行(簡譜)：最新單曲,First Love,宇多田,033,049,
最新排行(簡譜)：最新單曲,If,陳曉東,033,051,
最新排行(簡譜)：最新單曲,Julia,王力宏,033,053,
流行豆芽譜,我相信,楊培安,033,054,2006【台灣啤酒】廣告曲
最新排行(簡譜)：最新單曲,She Knows,林曉培,033,055,
最新排行(簡譜)：最新單曲,大哥,柯受良,033,057,
最新排行(簡譜)：最新單曲,回來,張信哲,033,059,
最新排行(簡譜)：最新單曲,多餘,康晉榮,033,061,
流行豆芽譜,用心聽,范逸臣,033,061,偶像劇【地下鐵】片頭曲
最新排行(簡譜)：最新單曲,走樣,張宇,033,063,
最新排行(簡譜)：最新單曲,屋頂,吳宗憲/Landy Win,033,065,
流行豆芽譜,唇唇欲動,蔡依林,033,066,【Maxfactor】【水漾動感唇蜜】廣告曲
最新排行(簡譜)：最新單曲,特務,陳曉東,033,067,
最新排行(簡譜)：最新單曲,乾脆,那英,033,069,
最新排行(簡譜)：最新單曲,等待,那英,033,071,
流行豆芽譜,非你莫屬,林依晨,033,072,電視劇【東方茱麗葉】片尾曲
最新排行(簡譜)：最新單曲,新鮮,梁詠琪,033,073,
最新排行(簡譜)：最新單曲,燭光,任賢齊,033,075,
最新排行(簡譜)：最新單曲,中意他,梁詠琪,033,077,
流行豆芽譜,初戀粉色系,南拳媽媽,033,077,2006【比雅久機車】廣告曲.電視劇【住左邊住右邊】片尾曲
最新排行(簡譜)：最新單曲,手太小,林曉培,033,079,
最新排行(簡譜)：最新單曲,你變了,蘇永康,033,081,
最新排行(簡譜)：最新單曲,我很好,梁詠琪,033,083,
流行豆芽譜,風中的羽翼,楊培安,033,083,韓劇【露露公主】主題曲
最新排行(簡譜)：最新單曲,找鑰匙,張信哲,033,085,
最新排行(簡譜)：最新單曲,沒關係,張宇,033,087,
最新排行(簡譜)：最新單曲,明知道,許美靜,033,089,
流行豆芽譜,這該死的愛,楊培安,033,089,韓劇【這該死的愛】片頭曲
最新排行(簡譜)：最新單曲,愛太遠,利綺,033,091,
最新排行(簡譜)：最新單曲,電燈泡,康晉榮,033,093,
流行豆芽譜,我會好好過,李玖哲,033,094,
最新排行(簡譜)：最新單曲,夢一場,那英,033,095,
最新排行(簡譜)：最新單曲,合影留念,張宇,033,097,
最新排行(簡譜)：最新單曲,自然而然,羅文裕,033,099,
流行豆芽譜,我們的紀念日,范瑋琪,033,099,韓劇【玫瑰人生】片尾曲.電影【靈犬萊西】中文主題曲
最新排行(簡譜)：最新單曲,雨一直下,張宇,033,101,
最新排行(簡譜)：最新單曲,流淚手心,王力宏,033,103,
流行豆芽譜,馬德里不思議,蔡依林,033,104,電視劇【麻辣一家親】片頭曲
最新排行(簡譜)：最新單曲,相見太晚,趙詠華,033,105,
最新排行(簡譜)：最新單曲,真愛無敵,許茹芸,033,107,
最新排行(簡譜)：最新單曲,情不自禁,陳慧琳,033,109,
最新排行(簡譜)：最新單曲,給妳幸福,任賢齊,033,111,
流行豆芽譜,一個像夏天一個像秋天,范瑋琪,033,111,韓劇【加油！金順】片尾曲
最新排行(簡譜)：最新單曲,錯不在你,張清芳,033,113,
最新排行(簡譜)：最新單曲,願賭服輸,那英,033,115,
最新排行(簡譜)：最新單曲,一直是晴天,許茹芸,033,117,
流行豆芽譜,放我的真心在你的手心,張智成,033,117,
最新排行(簡譜)：最新單曲,我為你傷心,蘇永康,033,119,
最新排行(簡譜)：最新單曲,感情副作用,王力宏,033,121,
最新排行(簡譜)：最新單曲,愛到最深處,趙詠華/周華健,033,123,
最新排行(簡譜)：最新單曲,愛情宅急便,Y.I.Y.O,033,125,
最新排行(簡譜)：最新單曲,溫柔壞男人,柯受良,033,127,
最新排行(簡譜)：最新單曲,不可能錯過妳,王力宏,033,129,
最新排行(簡譜)：最新單曲,不做你的愛人,張信哲,033,131,
最新排行(簡譜)：最新單曲,我要的你不給,康晉榮,033,133,
最新排行(簡譜)：最新單曲,或許你是對的,康晉榮,033,135,
最新排行(簡譜)：最新單曲,風一樣的男子,陳曉東,033,137,
最新排行(簡譜)：最新單曲,愛一個人好難,蘇永康,033,139,
最新排行(簡譜)：最新單曲,世界最冷那一天,康晉榮,033,141,
最新排行(簡譜)：最新單曲,走在紅毯那一天,彭佳慧,033,143,
最新排行(簡譜)：最新單曲,快樂的人請舉手,彭佳慧,033,145,
最新排行(簡譜)：最新單曲,又不是非要你的愛,林曉培,033,147,
最新排行(簡譜)：最新單曲,忘了怎麼說我愛你,蘇永康,033,149,
最新排行(簡譜)：最新單曲,別隨便說要送我回家,林曉培,033,151,
最新排行(簡譜)：最新單曲,我不是愛過就算的人,蘇永康,033,153,
最新排行(簡譜)：最新單曲,戀情,邱芸子,032,001,
流行豆芽譜,Only Human,K,032,001,日劇【一公升的眼淚】主題曲
最新排行(簡譜)：最新單曲,心無奈,邱芸子,032,003,
最新排行(簡譜)：最新單曲,石頭心,孫淑媚,032,005,
最新排行(簡譜)：最新單曲,手下留情,孫淑媚,032,007,
流行豆芽譜,Love Story,范逸臣,032,007,
最新排行(簡譜)：最新單曲,阮想欲飛,孫淑媚,032,009,
最新排行(簡譜)：最新單曲,酒醉的歌,陳小雲,032,011,
流行豆芽譜,Your Heart My Heart,張棟樑,032,012,
最新排行(簡譜)：最新單曲,愛卡慘死,陳小雲,032,013,
最新排行(簡譜)：最新單曲,失落彼段情,邱芸子,032,015,
最新排行(簡譜)：最新單曲,幸福進行曲,林強,032,017,
流行豆芽譜,I believe,絢香,032,017,日劇【輪舞曲】主題曲
最新排行(簡譜)：最新單曲,當作不識你,陳小雲,032,019,
最新排行(簡譜)：最新單曲,憨憨為你等,孫淑媚,032,021,
流行豆芽譜,四季,A-Lin,032,022,
最新排行(簡譜)：最新單曲,勿愛問阮的名,陳明章,032,023,
最新排行(簡譜)：最新單曲,幸福人生靠甲治,邱芸子,032,025,
最新排行(簡譜)：最新單曲,鐵枝路的兩條線,孫淑媚,032,027,
流行豆芽譜,快樂,張智成,032,027,
最新排行(簡譜)：最新單曲,多情的港口無情的天,吳宗憲,032,029,
最新排行(簡譜)：最新單曲,有閒寫信無閒打電話,南台灣小姑娘,032,031,
最新排行(簡譜)：最新單曲,Call Me,徐懷鈺,032,033,
流行豆芽譜,等待,陳奕,032,033,
最新排行(簡譜)：最新單曲,Give Me Five,徐懷鈺,032,035,
最新排行(簡譜)：最新單曲,Honey,曾寶儀,032,037,
最新排行(簡譜)：最新單曲,I Can't Cry,徐懷鈺,032,039,
流行豆芽譜,雨人,周華健,032,039,
最新排行(簡譜)：最新單曲,I Still Believe,Brenda K.Starr,032,041,
最新排行(簡譜)：最新單曲,Stay With Me,李玟,032,043,
流行豆芽譜,假裝,蔡依林,032,044,韓劇【布拉格之戀】片尾曲
最新排行(簡譜)：最新單曲,不換,萬芳,032,045,
最新排行(簡譜)：最新單曲,天使,徐懷鈺,032,047,
最新排行(簡譜)：最新單曲,心安,萬芳,032,049,
流行豆芽譜,可愛,楊丞琳,032,049,
最新排行(簡譜)：最新單曲,出界,鄭秀文,032,051,
最新排行(簡譜)：最新單曲,自首,李翊君,032,053,
流行豆芽譜,超口愛,超口愛樂團,032,054,
最新排行(簡譜)：最新單曲,缺席,鄭秀文,032,055,
最新排行(簡譜)：最新單曲,從前,萬芳,032,057,
最新排行(簡譜)：最新單曲,情人,杜德偉,032,059,
最新排行(簡譜)：最新單曲,想你,曾寶儀,032,061,
流行豆芽譜,那個人,深白色二人組,032,061,
最新排行(簡譜)：最新單曲,解藥,堂娜,032,063,
最新排行(簡譜)：最新單曲,撒野,鄭中基,032,065,
最新排行(簡譜)：最新單曲,熟悉,庾澄慶,032,067,
流行豆芽譜,愛情樹,張智成,032,067,偶像劇【東方茱麗葉】主題曲
最新排行(簡譜)：最新單曲,魔鏡,李玟,032,069,
最新排行(簡譜)：最新單曲,女人鞋I,萬芳,032,071,
流行豆芽譜,離人節,蔡依林,032,071,韓劇【12月的熱帶夜】片頭曲
最新排行(簡譜)：最新單曲,男朋友,劉德華,032,073,
最新排行(簡譜)：最新單曲,孟婆湯,游鴻明,032,075,
流行豆芽譜,猶是情歌,游鴻明,032,076,韓劇【冬季戀歌】片頭曲
最新排行(簡譜)：最新單曲,都怪我,劉德華,032,077,
最新排行(簡譜)：最新單曲,二月三日,鄭中基,032,079,
最新排行(簡譜)：最新單曲,五月的雪,游鴻明,032,081,
最新排行(簡譜)：最新單曲,七月一號,游鴻明,032,083,
流行豆芽譜,日日夜夜,張棟樑,032,083,
最新排行(簡譜)：最新單曲,友情卡片,徐懷鈺,032,085,
最新排行(簡譜)：最新單曲,失戀布丁,徐懷鈺,032,087,
最新排行(簡譜)：最新單曲,再見一面,李玟,032,089,
流行豆芽譜,左右為難,蔡淳佳,032,089,韓劇【夏日香氣】中文主題曲
最新排行(簡譜)：最新單曲,回頭是岸,李翊君/迪克牛仔,032,091,
最新排行(簡譜)：最新單曲,如你所願,萬芳,032,093,
流行豆芽譜,獨唱情歌,Tank/Selina,032,094,
最新排行(簡譜)：最新單曲,你抽的煙,許美靜,032,095,
最新排行(簡譜)：最新單曲,我最搖擺,庾澄慶,032,097,
最新排行(簡譜)：最新單曲,兩代天使,鄭中基,032,099,
流行豆芽譜,如果沒有你,莫文蔚,032,099,韓劇【浪漫滿屋】片尾曲
最新排行(簡譜)：最新單曲,冒險氣球,徐懷鈺,032,101,
最新排行(簡譜)：最新單曲,真心朋友,許志安,032,103,
流行豆芽譜,芥茉巧克力,楊丞琳,032,104,
最新排行(簡譜)：最新單曲,等你道歉,曾寶儀,032,105,
最新排行(簡譜)：最新單曲,愛已到底,游鴻明,032,107,
最新排行(簡譜)：最新單曲,愛情無用,李翊君,032,109,
流行豆芽譜,我要的選擇,蔡依林,032,110,
最新排行(簡譜)：最新單曲,木魚與金魚,劉德華,032,111,
最新排行(簡譜)：最新單曲,多謝老天爺,陳小春,032,113,
最新排行(簡譜)：最新單曲,有一個姑娘,趙薇,032,115,
流行豆芽譜,沒有人可以叫你寶貝,元氣,032,115,緯來戲劇台【愛情餐歌】片尾曲
最新排行(簡譜)：最新單曲,你那麼愛她,李翊君,032,117,
最新排行(簡譜)：最新單曲,我真的可以,鄭中基,032,119,
流行豆芽譜,世界唯一的妳,曹格,032,119,
最新排行(簡譜)：最新單曲,我應該得到,鄭秀文,032,121,
最新排行(簡譜)：最新單曲,把妳藏起來,杜德偉,032,123,
最新排行(簡譜)：最新單曲,最懂得愛你,曾寶儀,032,125,
最新排行(簡譜)：最新單曲,愛什麼稀罕,張惠妹,032,127,
最新排行(簡譜)：最新單曲,愛說笑的人,吳宗憲,032,129,
最新排行(簡譜)：最新單曲,對我好一點,江美琪,032,131,
最新排行(簡譜)：最新單曲,請為我加油,民雄,032,133,
最新排行(簡譜)：最新單曲,上帝創造女人,劉德華,032,135,
最新排行(簡譜)：最新單曲,你一直存在著,曾寶儀,032,137,
最新排行(簡譜)：最新單曲,你比從前快樂,吳宗憲,032,139,
最新排行(簡譜)：最新單曲,別在傷口灑鹽,張惠妹,032,141,
最新排行(簡譜)：最新單曲,我可以抱你嗎,張惠妹,032,143,
最新排行(簡譜)：最新單曲,她的媽媽不愛我,陳小春,032,145,
最新排行(簡譜)：最新單曲,最愛最恨都是你,李翊君,032,147,
最新排行(簡譜)：最新單曲,愛情有什麼道理,莫文蔚,032,149,
最新排行(簡譜)：最新單曲,男人的心也會流淚,庾澄慶,032,151,
最新排行(簡譜)：最新單曲,對你的愛還依然在,許志安,032,153,
最新排行(簡譜)：最新單曲,當我開始偷偷地想你,張惠妹,032,155,
最新排行(簡譜)：最新單曲,怪獸,文英,031,001,
流行豆芽譜,Over...,K,031,001,日劇【H2好逑又又物語】主題曲
最新排行(簡譜)：最新單曲,難分難離,南台灣小姑娘,031,003,
最新排行(簡譜)：最新單曲,晚頭仔水蛙,李炳輝,031,005,
最新排行(簡譜)：最新單曲,人生隨意就好,金門王/陳小霞,031,007,
流行豆芽譜,遇上愛,楊丞琳,031,008,
最新排行(簡譜)：最新單曲,命運不是咱決定,詹雅雯,031,009,
最新排行(簡譜)：最新單曲,Don't Cry Out Loud,順子,031,011,
最新排行(簡譜)：最新單曲,Fantasy,丁小芹,031,013,
流行豆芽譜,過敏,楊丞琳,031,014,【JUICEART愛戀金飾】廣告主題曲
最新排行(簡譜)：最新單曲,Let Go,林憶蓮,031,015,
最新排行(簡譜)：最新單曲,Live Show 實況轉播,莫文蔚,031,017,
最新排行(簡譜)：最新單曲,Open Up,順子,031,019,
流行豆芽譜,月光,胡歌,031,020,中視【天外飛仙】插曲
最新排行(簡譜)：最新單曲,Please Don't Go,高慧君,031,021,
最新排行(簡譜)：最新單曲,Sha La La 救生圈,趙薇,031,023,
最新排行(簡譜)：最新單曲,You ＆ I,高慧君,031,025,
流行豆芽譜,炮仔聲,江蕙,031,025,
最新排行(簡譜)：最新單曲,乖,丁小芹,031,027,
最新排行(簡譜)：最新單曲,心口,李傑,031,029,
最新排行(簡譜)：最新單曲,日出,張惠妹,031,031,
流行豆芽譜,慶祝,楊丞琳,031,031,
最新排行(簡譜)：最新單曲,水手,迪克牛仔,031,033,
最新排行(簡譜)：最新單曲,如果,蔡安蕎,031,035,
最新排行(簡譜)：最新單曲,消滅,莫文蔚,031,037,
流行豆芽譜,原來,林俊傑,031,037,電影【愛情決勝點】中文主題曲
最新排行(簡譜)：最新單曲,理由,林憶蓮,031,039,
最新排行(簡譜)：最新單曲,許願,古巨基/梁詠琪,031,041,
流行豆芽譜,左邊,楊丞琳,031,041,
最新排行(簡譜)：最新單曲,野心,熊天平/黃慧文,031,043,
最新排行(簡譜)：最新單曲,陰天,莫文蔚,031,045,
流行豆芽譜,迷宮,七朵花,031,046,偶像劇【愛情魔髮師】插曲
最新排行(簡譜)：最新單曲,喜歡,古巨基,031,047,
最新排行(簡譜)：最新單曲,報應,高慧君,031,049,
最新排行(簡譜)：最新單曲,嗜好,古巨基,031,051,
流行豆芽譜,永晝,張韶涵,031,051,
最新排行(簡譜)：最新單曲,說謊,丁小芹,031,053,
最新排行(簡譜)：最新單曲,點煙,于台煙,031,055,
流行豆芽譜,曹操,林俊傑,031,056,
最新排行(簡譜)：最新單曲,大肚腩,阿牛,031,057,
最新排行(簡譜)：最新單曲,你愛我,錦繡二重唱,031,059,
最新排行(簡譜)：最新單曲,冷咖啡,李傑,031,061,
流行豆芽譜,感情線,183 club,031,061,電視劇【愛情魔髮師】插曲
最新排行(簡譜)：最新單曲,博浪鼓,趙薇,031,063,
最新排行(簡譜)：最新單曲,誰不乖,徐懷鈺,031,065,
最新排行(簡譜)：最新單曲,壞蘋果,蔡安蕎,031,067,
流行豆芽譜,想忘了,蕭蕭,031,067,
最新排行(簡譜)：最新單曲,三萬英尺,迪克牛仔,031,069,
最新排行(簡譜)：最新單曲,天天鍛鍊,莫文蔚,031,071,
最新排行(簡譜)：最新單曲,心情電梯,吳名慧,031,073,
流行豆芽譜,千年淚,Tank,031,073,中視【天外飛仙】片尾曲
最新排行(簡譜)：最新單曲,心裡有數,古巨基,031,075,
最新排行(簡譜)：最新單曲,交換日記,錦繡二重唱,031,077,
流行豆芽譜,擁抱我,光良,031,078,
最新排行(簡譜)：最新單曲,回家真好,劉德華,031,079,
最新排行(簡譜)：最新單曲,你的電話,藍心湄/脫拉庫,031,081,
最新排行(簡譜)：最新單曲,忘了愛我,伍思凱,031,083,
流行豆芽譜,霍元甲,周杰倫,031,084,電影【霍元甲】主題曲
最新排行(簡譜)：最新單曲,妳愛上他,許志安,031,085,
最新排行(簡譜)：最新單曲,雨季過後,高慧君,031,087,
最新排行(簡譜)：最新單曲,雨過天晴,品冠,031,089,
流行豆芽譜,三國戀,Tank,031,090,中視【七劍下天山】片頭曲
最新排行(簡譜)：最新單曲,城市藍天,阿牛,031,091,
最新排行(簡譜)：最新單曲,恍然大悟,無印良品,031,093,
最新排行(簡譜)：最新單曲,陌生的夜,動力火車,031,095,
流行豆芽譜,都是你,光良,031,095,電影【情義我心知】主題曲
最新排行(簡譜)：最新單曲,甜言蜜語,張惠妹,031,097,
最新排行(簡譜)：最新單曲,無可救藥,吳名慧,031,099,
流行豆芽譜,平常心,張惠妹,031,100,
最新排行(簡譜)：最新單曲,給我感覺,張惠妹,031,101,
最新排行(簡譜)：最新單曲,走在冷風中,劉思涵,144,086,
最新排行(簡譜)：最新單曲,很想很想你,謝震廷,144,088,
最新排行(簡譜)：最新單曲,最佳男主角,A-Lin,144,090,電視劇《我的野蠻公主》片頭曲
最新排行(簡譜)：最新單曲,慢慢喜歡你,莫文蔚,144,093,
最新排行(簡譜)：最新單曲,黑夜問白天,林俊傑,144,097,
最新排行(簡譜)：最新單曲,因為曾經愛過,蔡佩軒,144,100,電影《決戰千王》推廣曲
最新排行(簡譜)：最新單曲,你值得我慷慨,路嘉欣,144,102,
最新排行(簡譜)：最新單曲,再見只是陌生人,莊心妍,144,104,
最新排行(簡譜)：最新單曲,我好像在哪見過你,薛之謙,144,106,電影《精靈王座》主題曲
最新排行(簡譜)：最新單曲,沒有你陪伴真的好孤單,夢然,144,108,
最新排行(簡譜)：最新單曲,感謝,曹雅雯,143,012,
最新排行(簡譜)：最新單曲,尪某情,曹雅雯,143,014,電視劇《幸福來了》片頭曲
最新排行(簡譜)：最新單曲,寂寞魂,黃偉霖/郭少軒,143,016,
最新排行(簡譜)：最新單曲,情難了,陳百潭/陳凱欣,143,018,《白鷺鷥的願望》片頭曲
最新排行(簡譜)：最新單曲,走不知路,蔡秋鳳,143,020,
最新排行(簡譜)：最新單曲,孤戀花開,陳怡婷,143,022,
最新排行(簡譜)：最新單曲,心愛冤仇人,蕭煌奇,143,024,
最新排行(簡譜)：最新單曲,無聲的約束,蕭煌奇,143,027,
最新排行(簡譜)：最新單曲,咱是一家人,蔡義德/澎恰恰,143,030,電視劇《一家人》片尾曲
最新排行(簡譜)：最新單曲,咱結婚好嗎,蕭煌奇/安心亞,143,032,
最新排行(簡譜)：最新單曲,將妳惜命命,蔡義德/戴梅君,143,036,
最新排行(簡譜)：最新單曲,老街,李榮浩,143,038,
最新排行(簡譜)：最新單曲,戒菸,李榮浩,143,040,
最新排行(簡譜)：最新單曲,身後,張惠妹,143,042,
最新排行(簡譜)：最新單曲,風衣,孫燕姿,143,044,
最新排行(簡譜)：最新單曲,啞巴,潘瑋柏,143,046,
最新排行(簡譜)：最新單曲,夢話,A-Lin,143,048,
最新排行(簡譜)：最新單曲,歌謠,李榮浩,143,050,
最新排行(簡譜)：最新單曲,不放手,張心傑,143,052,電視劇《當我們愛在一起》主題曲
最新排行(簡譜)：最新單曲,未單身,A-Lin,143,054,
最新排行(簡譜)：最新單曲,追光者,岑寧兒,143,056,電視劇《夏至未至》插曲
最新排行(簡譜)：最新單曲,我不是神,方泂鑌,143,058,
最新排行(簡譜)：最新單曲,我想你了,畢書盡(Bii),143,060,電視劇《1%可能性》片尾曲
最新排行(簡譜)：最新單曲,祝你幸福,李榮浩,143,062,
最新排行(簡譜)：最新單曲,連名帶姓,張惠妹,143,064,
最新排行(簡譜)：最新單曲,說散就散,JC,143,066,
最新排行(簡譜)：最新單曲,了不起寂寞,戴愛玲,143,068,
最新排行(簡譜)：最新單曲,最笨的人是我,方泂鑌,143,071,
最新排行(簡譜)：最新單曲,如果雨之後,周興哲,143,074,
最新排行(簡譜)：最新單曲,你說你愛我,蔡佩軒,143,076,
最新排行(簡譜)：最新單曲,我們不一樣,大壯,143,078,
最新排行(簡譜)：最新單曲,青春住了誰,楊丞琳,143,080,
最新排行(簡譜)：最新單曲,偉大的渺小,林俊傑,143,082,
最新排行(簡譜)：最新單曲,偷故事的人,張惠妹,143,084,
最新排行(簡譜)：最新單曲,許多年以後,趙鑫,143,086,
最新排行(簡譜)：最新單曲,愛正在發生,邱勝翊,143,088,《稍息立正我愛你》片頭曲
最新排行(簡譜)：最新單曲,最後一首情歌,陳零九,143,092,
最新排行(簡譜)：最新單曲,想回到那一天,周興哲,143,094,
最新排行(簡譜)：最新單曲,多想留在你身邊,劉增瞳,143,096,
最新排行(簡譜)：最新單曲,我看著你的時候,李榮浩,143,098,
最新排行(簡譜)：最新單曲,傷心地鐵,光良,031,103,
最新排行(簡譜)：最新單曲,愛得正好,蘇永康/陳潔儀,031,105,
流行豆芽譜,星星之火,S.H.E,031,105,
最新排行(簡譜)：最新單曲,一個人流浪,熊天平,031,107,
最新排行(簡譜)：最新單曲,才愛到一半,錦繡二重唱,031,109,
最新排行(簡譜)：最新單曲,只愛一點點,巫啟賢/蔡麗芳,031,111,
流行豆芽譜,月兒彎彎,蕭蕭,031,111,
最新排行(簡譜)：最新單曲,我是一隻魚,任賢齊,031,113,
最新排行(簡譜)：最新單曲,男人的新衣,藍心湄,031,115,
流行豆芽譜,只因為你,張棟樑,031,116,
最新排行(簡譜)：最新單曲,男人真命苦,迪克牛仔,031,117,
最新排行(簡譜)：最新單曲,怎麼做朋友,伍思凱,031,119,
最新排行(簡譜)：最新單曲,追風的女兒,高勝美,031,121,
最新排行(簡譜)：最新單曲,唱歌給你聽,阿牛,031,123,
流行豆芽譜,不痛多好,羅美玲,031,123,
最新排行(簡譜)：最新單曲,最後一首歌,迪克牛仔,031,125,
最新排行(簡譜)：最新單曲,愛的牧羊人,伍思凱,031,127,
流行豆芽譜,只對你說,林俊傑,031,127,
最新排行(簡譜)：最新單曲,愛情真偉大,莫文蔚,031,129,
最新排行(簡譜)：最新單曲,機車與芭樂,蔡安蕎/陳小春,031,131,
流行豆芽譜,愛情旅程,張韶涵,031,132,韓劇【我叫金三順】片尾曲
最新排行(簡譜)：最新單曲,如果我是男生,丁小芹,031,133,
最新排行(簡譜)：最新單曲,明天也要作伴,錦繡二重唱,031,135,
流行豆芽譜,痛徹心扉,張棟樑,031,136,
最新排行(簡譜)：最新單曲,街角的GuiterMan,迪克牛仔,031,137,
最新排行(簡譜)：最新單曲,管我快不快樂,高慧君,031,139,
最新排行(簡譜)：最新單曲,拍拍屁股去戀愛,潘越雲,031,141,
流行豆芽譜,我給你幸福,動力火車,031,141,偶像劇【真命天女】插曲
最新排行(簡譜)：最新單曲,記得相愛的理由,蘇永康,031,143,
最新排行(簡譜)：最新單曲,都是寂寞惹的禍,高慧君,031,145,
最新排行(簡譜)：最新單曲,你是不愛我的對嗎,高慧君,031,147,
流行豆芽譜,我們小時候,Tank,031,147,
最新排行(簡譜)：最新單曲,忘記我還是忘記他,迪克牛仔,031,149,
最新排行(簡譜)：最新單曲,認真的女人最美麗,高慧君,031,151,
流行豆芽譜,詩人的眼淚,游鴻明,031,151,
最新排行(簡譜)：最新單曲,為什麼你背著我愛別人,許志安,031,153,
最新排行(簡譜)：最新單曲,痴戀,黃乙玲,030,001,
流行豆芽譜,約定,光良,030,001,
最新排行(簡譜)：最新單曲,回頭路,黃思婷,030,003,
最新排行(簡譜)：最新單曲,放鴿子,陳亮吟,030,005,
最新排行(簡譜)：最新單曲,落雨聲,江蕙,030,007,
流行豆芽譜,力量,羅志祥,030,007,
最新排行(簡譜)：最新單曲,瘋女人,江蕙,030,009,
最新排行(簡譜)：最新單曲,熟識愛,江蕙,030,011,
流行豆芽譜,情畫,劉畊宏,030,012,電視劇【情人看招】片頭曲
最新排行(簡譜)：最新單曲,罵春風,江蕙,030,013,
最新排行(簡譜)：最新單曲,作你去啦,蕭玉芬/尤姿涵,030,015,
最新排行(簡譜)：最新單曲,怎樣會堪,江蕙,030,017,
流行豆芽譜,人質,張惠妹,030,017,
最新排行(簡譜)：最新單曲,無情的歌,陳雅珍/高瑞屏/尤姿涵,030,019,
最新排行(簡譜)：最新單曲,無情的歌,楊宗憲,030,021,
流行豆芽譜,真的,張韶涵,030,022,
最新排行(簡譜)：最新單曲,夢中之歌,江蕙,030,023,
最新排行(簡譜)：最新單曲,難過情關,江蕙,030,025,
最新排行(簡譜)：最新單曲,So La 妳咧叼,金門王/李炳輝,030,027,
流行豆芽譜,如果.愛,張學友,030,027,電影【如果.愛】主題曲
最新排行(簡譜)：最新單曲,半醉半清醒,江蕙,030,029,
最新排行(簡譜)：最新單曲,失戀的便當,金門王,030,031,
流行豆芽譜,失戀學,林宇中,030,031,
最新排行(簡譜)：最新單曲,老人阿哥哥,李炳輝,030,033,
最新排行(簡譜)：最新單曲,我愛你愛我,林子娟,030,035,
流行豆芽譜,靠岸,林宇中,030,035,
最新排行(簡譜)：最新單曲,來去夏威夷,金門王/李炳輝,030,037,
最新排行(簡譜)：最新單曲,傷心的藉口,陳亮吟,030,039,
流行豆芽譜,我要快樂,張惠妹,030,040,
最新排行(簡譜)：最新單曲,愛情疼疼疼,陳亮吟,030,041,
最新排行(簡譜)：最新單曲,戀愛狂想曲,南台灣小姑娘,030,043,
最新排行(簡譜)：最新單曲,月娘啊!聽我講,江蕙/熊天益,030,045,
流行豆芽譜,因為有妳,劉畊宏,030,045,
最新排行(簡譜)：最新單曲,等無你來愛阮,黃思婷,030,047,
最新排行(簡譜)：最新單曲,Sorry,蘇永康,030,049,
最新排行(簡譜)：最新單曲,Sorry Sunday,動力火車,030,051,
流行豆芽譜,不怕不怕,美美,030,051,
最新排行(簡譜)：最新單曲,身邊,無印良品,030,055,
最新排行(簡譜)：最新單曲,呼吸,蔡健雅,030,057,
流行豆芽譜,香水百合,張韶涵,030,057,
最新排行(簡譜)：最新單曲,崩潰,于台煙,030,059,
最新排行(簡譜)：最新單曲,發呆,周俊偉,030,061,
最新排行(簡譜)：最新單曲,傻子,蘇永康,030,063,
流行豆芽譜,彩虹天堂,劉畊宏,030,063,韓劇【愛情餐車】片頭曲
最新排行(簡譜)：最新單曲,蕩漾,許美靜,030,065,
最新排行(簡譜)：最新單曲,大雨傘,周俊偉,030,067,
最新排行(簡譜)：最新單曲,不夜城,張克帆,030,069,
流行豆芽譜,甜蜜約定,183 club,030,069,電視劇【愛情魔髮師】片尾曲
最新排行(簡譜)：最新單曲,分手吧,張震嶽,030,071,
最新排行(簡譜)：最新單曲,好無聊,蔡健雅,030,073,
最新排行(簡譜)：最新單曲,我要錢,張震嶽,030,075,
流行豆芽譜,心動心痛,劉畊宏/許慧欣,030,075,台視【愛情餐歌】片尾曲
最新排行(簡譜)：最新單曲,防空洞,蘇慧倫/張震嶽,030,077,
最新排行(簡譜)：最新單曲,乾妹妹,張震嶽,030,079,
流行豆芽譜,歌劇魅影,費翔/朱樺,030,080,電影【歌劇魅影】主題曲
最新排行(簡譜)：最新單曲,想見你,無印良品,030,081,
最新排行(簡譜)：最新單曲,愛最大,阿妹妹,030,083,
最新排行(簡譜)：最新單曲,照過來,阿雅,030,085,
流行豆芽譜,一眼萬年,S.H.E,030,087,中視【天外飛仙】片頭曲
最新排行(簡譜)：最新單曲,大鬧一場,阿妹妹,030,089,
最新排行(簡譜)：最新單曲,不要怪我,動力火車,030,091,
流行豆芽譜,給我你的愛,Tank,030,092,電視劇【終極一班】片尾曲
最新排行(簡譜)：最新單曲,出境入境,歐陽菲菲,030,093,
最新排行(簡譜)：最新單曲,有話直說,動力火車,030,095,
最新排行(簡譜)：最新單曲,你快走開,蔡健雅,030,097,
流行豆芽譜,握不住的他,蕭蕭,030,097,韓劇【我叫金三順】片尾曲
最新排行(簡譜)：最新單曲,快樂無罪,許美靜,030,099,
最新排行(簡譜)：最新單曲,背叛情歌,動力火車,030,101,
最新排行(簡譜)：最新單曲,第一滴淚,動力火車,030,103,
流行豆芽譜,口袋的天空,張韶涵,030,104,八大電視劇【愛殺17】片頭曲
最新排行(簡譜)：最新單曲,愛妳躲妳,陳曉東,030,105,
最新排行(簡譜)：最新單曲,搶救愛情,周俊偉,030,107,
最新排行(簡譜)：最新單曲,噓讓我哭,Saya,030,109,
流行豆芽譜,第一個清晨,王力宏,030,109,
最新排行(簡譜)：最新單曲,鏗鏘玫瑰,林憶蓮,030,111,
最新排行(簡譜)：最新單曲,變得堅強,蘇慧倫,030,113,
最新排行(簡譜)：最新單曲,挫冰進行曲,阿雅,030,115,
流行豆芽譜,大聲說愛你,張善為,030,115,韓劇【美妙人生】中文主題曲
最新排行(簡譜)：最新單曲,吻到心傷透,歐陽菲菲,030,117,
最新排行(簡譜)：最新單曲,流星森林雨,陳曉東,030,119,
最新排行(簡譜)：最新單曲,想你想瘋了,柯以敏,030,121,
流行豆芽譜,隱形的翅膀,張韶涵,030,121,電視劇【愛殺17】片尾曲/【愛戀金飾】年度廣告歌
最新排行(簡譜)：最新單曲,愛如此徘徊,台煙/黃舒駿,030,123,
最新排行(簡譜)：最新單曲,愛的超能力,阿雅,030,125,
流行豆芽譜,你那麼愛她,林隆璇/李聖傑,030,126,韓劇【土地】片尾曲
最新排行(簡譜)：最新單曲,說好不相愛,張克帆/ELAINE,030,127,
最新排行(簡譜)：最新單曲,世界非常奇妙,阿雅,030,129,
最新排行(簡譜)：最新單曲,再見我的愛人,蘇慧倫,030,131,
流行豆芽譜,喜歡你沒道理,張韶涵,030,131,
最新排行(簡譜)：最新單曲,你知道我知道,林慧萍,030,133,
最新排行(簡譜)：最新單曲,我比誰都清楚,陳曉東,030,135,
最新排行(簡譜)：最新單曲,或許可能應該,許美靜,030,137,
流行豆芽譜,刺激２００６,2 moro,030,137,
最新排行(簡譜)：最新單曲,抽屜裡的情書,柯以敏,030,139,
最新排行(簡譜)：最新單曲,舊愛還是最美,蘇永康,030,141,
流行豆芽譜,"對不起,我愛你",蔡淳佳,030,142,韓劇【對不起我愛你】中文主題曲
最新排行(簡譜)：最新單曲,邊界1999,許美靜,030,143,
最新排行(簡譜)：最新單曲,有些女人不能碰,林志炫/謝宇書,030,145,
最新排行(簡譜)：最新單曲,愛一個人好可怕,張宇,030,147,
流行豆芽譜,愛是你眼裡的一首情歌,美美,030,147,
最新排行(簡譜)：最新單曲,愛你勝過我自己,柯以敏,030,149,
最新排行(簡譜)：最新單曲,你說他是你想嫁的人,劉德華,030,151,
流行豆芽譜,找不到人天荒地老,李翊君,030,152,電視劇【江山風雨情】片尾曲
最新排行(簡譜)：最新單曲,愛一個人應該很快樂,Saya,030,153,
最新排行(簡譜)：最新單曲,七仔,施文彬,029,001,
流行豆芽譜,Forever,立威廉,029,001,偶像劇【綠光森林】插曲
最新排行(簡譜)：最新單曲,怨妒,翁立友/陳亞蘭,029,005,
流行豆芽譜,Kiss Goodbye,王力宏,029,006,韓劇【我叫金三順】片尾曲
最新排行(簡譜)：最新單曲,找無你,黃乙玲,029,007,
最新排行(簡譜)：最新單曲,長頭髮,張宇,029,009,
最新排行(簡譜)：最新單曲,薪水寒,施文彬,029,011,
流行豆芽譜,I Think I,范瑋琪,029,011,韓劇【浪漫滿屋】片尾曲
最新排行(簡譜)：最新單曲,歡聚歌,陳昇/黃連煜,029,013,
最新排行(簡譜)：最新單曲,一見鍾情,羅時豐,029,015,
流行豆芽譜,I Do,阿杜,029,015,
最新排行(簡譜)：最新單曲,青春戀歌,音樂家庭,029,017,
最新排行(簡譜)：最新單曲,跑路英雄,陳昇/黃連煜,029,019,
流行豆芽譜,光,劉若英,029,020,
最新排行(簡譜)：最新單曲,誰是老大,施文彬,029,021,
最新排行(簡譜)：最新單曲,寶島曼波,陳昇/黃連煜,029,023,
最新排行(簡譜)：最新單曲,甘講你嘸知,黃乙玲,029,025,
流行豆芽譜,下雪,阿杜,029,025,
最新排行(簡譜)：最新單曲,船長要抓狂,陳昇/黃連煜,029,027,
最新排行(簡譜)：最新單曲,感謝無情人,黃乙玲,029,031,
流行豆芽譜,祈禱,李崗霖,029,031,韓劇【藍色生死戀】中文主題曲
最新排行(簡譜)：最新單曲,愛情欲叼尋,白冰冰,029,033,
最新排行(簡譜)：最新單曲,台北Sayonara,黃乙玲,029,035,
流行豆芽譜,遇到,方雅賢,029,035,電視劇【惡作劇之吻】插曲
最新排行(簡譜)：最新單曲,無情的電影票,羅時豐,029,037,
最新排行(簡譜)：最新單曲,Radio 的點歌心情,黃乙玲,029,039,
流行豆芽譜,我有罪,吳克群,029,039,
最新排行(簡譜)：最新單曲,台灣第一家鹽酥雞,施文彬,029,041,
最新排行(簡譜)：最新單曲,Don't Say Goodbye,許茹芸,029,043,
流行豆芽譜,心願,孫燕姿,029,044,
最新排行(簡譜)：最新單曲,Loving U,何嘉文,029,045,
最新排行(簡譜)：最新單曲,Open Your Eyes,張惠妹,029,047,
最新排行(簡譜)：最新單曲,叮咚,徐懷鈺,029,049,
流行豆芽譜,我還記得,梁靜茹,029,049,
最新排行(簡譜)：最新單曲,兩岸,黃舒駿,029,051,
流行豆芽譜,三個字,阮經天/喬喬,029,054,偶像劇【綠光森林】片尾曲
最新排行(簡譜)：最新單曲,明天,孟庭葦,029,055,
最新排行(簡譜)：最新單曲,承擔,許茹芸,029,057,
最新排行(簡譜)：最新單曲,空城,梅艷芳,029,059,
流行豆芽譜,不要離開,Ben,029,059,電視劇【海豚愛上貓】插曲
最新排行(簡譜)：最新單曲,透明,劉若英,029,061,
最新排行(簡譜)：最新單曲,距離,劉若英,029,063,
流行豆芽譜,大城小愛,王力宏,029,064,
最新排行(簡譜)：最新單曲,鈕扣,楊林,029,065,
最新排行(簡譜)：最新單曲,露水,南方二重唱,029,067,
最新排行(簡譜)：最新單曲,戀人,孟庭葦,029,069,
流行豆芽譜,"對不起,謝謝",陳奕迅,029,069,
最新排行(簡譜)：最新單曲,一頁書,南方二重唱,029,071,
最新排行(簡譜)：最新單曲,三秒鐘,陳慧琳,029,073,
流行豆芽譜,勇敢的幸福,劉品言/曾之喬,029,074,偶像劇【綠光森林】片頭曲
最新排行(簡譜)：最新單曲,女兒紅,梅艷芳,029,075,
最新排行(簡譜)：最新單曲,半首歌,南方二重唱,029,077,
最新排行(簡譜)：最新單曲,北極雪,陳慧琳/馮德倫,029,079,
流行豆芽譜,愛作夢的魚,江蕙,029,080,
最新排行(簡譜)：最新單曲,死心眼,彭佳慧,029,081,
最新排行(簡譜)：最新單曲,哇哈哈,何嘉文,029,083,
最新排行(簡譜)：最新單曲,記事本,陳慧琳,029,085,
流行豆芽譜,想念你的歌,Saya,029,085,電影【NANA】中文主題曲
最新排行(簡譜)：最新單曲,甜甜圈,何嘉文,029,087,
最新排行(簡譜)：最新單曲,笨小孩,劉德華/柯受良/吳宗憲,029,089,
流行豆芽譜,我會好好的,王心凌,029,090,
最新排行(簡譜)：最新單曲,想得開,梅艷芳,029,091,
最新排行(簡譜)：最新單曲,你是最愛,許茹芸,029,093,
流行豆芽譜,愛因為在心中,王力宏等,029,094,
最新排行(簡譜)：最新單曲,花季末了,劉若英,029,095,
最新排行(簡譜)：最新單曲,後知後覺,張惠妹,029,097,
最新排行(簡譜)：最新單曲,星星亮了,陳慶祥,029,099,
流行豆芽譜,你微笑時好美,謝霆鋒,029,099,
最新排行(簡譜)：最新單曲,相見恨晚,彭佳慧,029,101,
最新排行(簡譜)：最新單曲,美夢成真,許茹芸,029,103,
流行豆芽譜,原來你一直都在,Saya,029,104,
最新排行(簡譜)：最新單曲,愛只有你,林佳儀/陳曉東,029,105,
最新排行(簡譜)：最新單曲,愛我別走,張震嶽,029,107,
最新排行(簡譜)：最新單曲,一個人萬歲,張宇,029,109,
流行豆芽譜,到底什麼時候才會想起我,張衛健,029,109,
最新排行(簡譜)：最新單曲,小小的太陽,張宇,029,111,
最新排行(簡譜)：最新單曲,不要你離去,劉沁,029,113,
最新排行(簡譜)：最新單曲,太陽戀愛了,南方二重唱,029,115,
流行豆芽譜,一次幸福的機會,劉若英,029,115,
最新排行(簡譜)：最新單曲,月亮惹的禍,張宇,029,117,
最新排行(簡譜)：最新單曲,永遠的戀人,張宇,029,119,
最新排行(簡譜)：最新單曲,床前明月光,梅艷芳,029,121,
最新排行(簡譜)：最新單曲,我沒有感覺,張宇,029,123,
最新排行(簡譜)：最新單曲,沒有你的我,林佳儀,029,125,
最新排行(簡譜)：最新單曲,很愛很愛你,劉若英,029,127,
最新排行(簡譜)：最新單曲,單戀一枝花,張宇,029,129,
最新排行(簡譜)：最新單曲,敲敲我的頭,彭佳慧,029,131,
最新排行(簡譜)：最新單曲,我要你的每天,劉德華,029,133,
最新排行(簡譜)：最新單曲,記得我的樣子,郭淑賢,029,135,
最新排行(簡譜)：最新單曲,愛是一道光芒,徐懷鈺,029,137,
最新排行(簡譜)：最新單曲,還我一個永遠,張宇,029,139,
最新排行(簡譜)：最新單曲,去年煙花特別多,劉德華,029,141,
最新排行(簡譜)：最新單曲,我不是聰明女人,林佳儀,029,143,
最新排行(簡譜)：最新單曲,我看著寂寞長大,梅艷芳,029,145,
最新排行(簡譜)：最新單曲,明年你還愛我嗎,陳昇,029,147,
最新排行(簡譜)：最新單曲,從此不問你愛誰,林佳儀,029,149,
最新排行(簡譜)：最新單曲,一天三百六十五年,彭羚,029,151,
最新排行(簡譜)：最新單曲,Long Time No See,陳一郎,028,001,
流行豆芽譜,Baby Baby Tell Me,王心凌,028,001,
最新排行(簡譜)：最新單曲,約定,同班同學,028,003,
最新排行(簡譜)：最新單曲,酒膽,陳一郎,028,005,
流行豆芽譜,Honey Honey,孫燕姿,028,006,
最新排行(簡譜)：最新單曲,蠟炬,白冰冰,028,007,
最新排行(簡譜)：最新單曲,籤詩,陳美鳳,028,009,
最新排行(簡譜)：最新單曲,老情歌,李茂山,028,011,
流行豆芽譜,珊瑚海,周杰倫/Lara,028,012,
最新排行(簡譜)：最新單曲,無人疼,王壹珊,028,013,
最新排行(簡譜)：最新單曲,今夜的酒,白冰冰,028,015,
最新排行(簡譜)：最新單曲,心情車站,任賢齊,028,017,
流行豆芽譜,路,梁靜茹,028,017,
最新排行(簡譜)：最新單曲,再起東山,李茂山,028,019,
最新排行(簡譜)：最新單曲,我是你的,巫啟賢,028,021,
流行豆芽譜,楓,周杰倫,028,021,
最新排行(簡譜)：最新單曲,阮不願留,白冰冰,028,023,
最新排行(簡譜)：最新單曲,浪子回頭,陳一郎,028,025,
最新排行(簡譜)：最新單曲,海上日誌,陳一郎,028,027,
流行豆芽譜,聽見,方雅賢,028,027,電視劇(惡作劇之吻)插曲
最新排行(簡譜)：最新單曲,等待春天,白冰冰,028,029,
最新排行(簡譜)：最新單曲,鴛鴦水鴨,陳美鳳,028,031,
流行豆芽譜,綠洲,S.H.E,028,031,
最新排行(簡譜)：最新單曲,一切攏是命,詹雅雯,028,033,
最新排行(簡譜)：最新單曲,為你剖心肝,李茂山,028,035,
最新排行(簡譜)：最新單曲,情海一條龍,陳一郎,028,037,
流行豆芽譜,不見,楊丞琳,028,037,
最新排行(簡譜)：最新單曲,深深思念你,同班同學,028,039,
最新排行(簡譜)：最新單曲,無聲的感謝,王壹珊,028,041,
最新排行(簡譜)：最新單曲,愛恨無了時,李茂山,028,043,
流行豆芽譜,天灰,S.H.E,028,043,
最新排行(簡譜)：最新單曲,愛情流浪兵,李茂山/關琍菱,028,045,
最新排行(簡譜)：最新單曲,一個人的心事,王壹珊,028,047,
流行豆芽譜,自我催眠,羅志祥,028,048,
最新排行(簡譜)：最新單曲,拜託借過一下,李茂山,028,049,
最新排行(簡譜)：最新單曲,噗仔聲加催落,陳一郎,028,051,
最新排行(簡譜)：最新單曲,無你是欲擱按怎,李茂山,028,053,
流行豆芽譜,髮如雪,周杰倫,028,053,
最新排行(簡譜)：最新單曲,Cool Eyes,竇智孔,028,055,
最新排行(簡譜)：最新單曲,High High High,張惠妹,028,057,
流行豆芽譜,惡作劇,王藍茵,028,057,電視劇(惡作劇之吻)片尾曲
最新排行(簡譜)：最新單曲,煙,辛曉琪,028,059,
最新排行(簡譜)：最新單曲,中箭,古巨基,028,061,
流行豆芽譜,夜曲,周杰倫,028,061,
最新排行(簡譜)：最新單曲,打掃,兩個女生,028,063,
最新排行(簡譜)：最新單曲,忠告,阮丹青,028,065,
流行豆芽譜,不想長大,S.H.E,028,066,
最新排行(簡譜)：最新單曲,怪獸,徐懷鈺,028,067,
最新排行(簡譜)：最新單曲,承認,辛曉琪,028,069,
最新排行(簡譜)：最新單曲,信任,王力宏,028,071,
流行豆芽譜,不屑紀念,吳克群,028,072,
最新排行(簡譜)：最新單曲,星星,順子,028,073,
最新排行(簡譜)：最新單曲,砂雕,阮丹青,028,075,
最新排行(簡譜)：最新單曲,紅色,張學友,028,077,
流行豆芽譜,月桂女神,S.H.E,028,078,
最新排行(簡譜)：最新單曲,深海,張學友,028,081,
最新排行(簡譜)：最新單曲,牽手,張惠妹,028,083,
流行豆芽譜,浪漫手機,周杰倫,028,084,
最新排行(簡譜)：最新單曲,感動,辛曉琪,028,085,
最新排行(簡譜)：最新單曲,藍天,張惠妹,028,087,
最新排行(簡譜)：最新單曲,離人,張學友,028,089,
流行豆芽譜,妳不愛我,康晉榮,028,089,
最新排行(簡譜)：最新單曲,不後悔,張學友,028,091,
最新排行(簡譜)：最新單曲,任逍遙,任賢齊,028,093,
最新排行(簡譜)：最新單曲,向前衝,徐懷鈺,028,095,
流行豆芽譜,黑色毛衣,周杰倫,028,095,
最新排行(簡譜)：最新單曲,我不要,徐懷鈺,028,097,
最新排行(簡譜)：最新單曲,超友誼,竇智孔,028,099,
流行豆芽譜,再見北極雪,周傳雄/陳慧琳,028,100,
最新排行(簡譜)：最新單曲,愛上你,陳小春,028,103,
最新排行(簡譜)：最新單曲,路邊攤,古巨基,028,105,
流行豆芽譜,無法開口,蘇永康,028,105,偶像劇(綠光森林)插曲
最新排行(簡譜)：最新單曲,七情六慾,李翊君,028,107,
最新排行(簡譜)：最新單曲,入戲太深,陳潔儀,028,109,
流行豆芽譜,零,柯有倫,028,110,戰神(Mars)片頭曲
最新排行(簡譜)：最新單曲,不要騙我,張惠妹,028,111,
最新排行(簡譜)：最新單曲,半途而廢,王菲,028,113,
流行豆芽譜,不作你的朋友,S.H.E,028,114,
最新排行(簡譜)：最新單曲,再愛一回,陳潔儀,028,115,
最新排行(簡譜)：最新單曲,你最珍貴,張學友/高慧君,028,117,
最新排行(簡譜)：最新單曲,搶先一步,林曉培,028,119,
最新排行(簡譜)：最新單曲,義無反顧,阮丹青,028,121,
最新排行(簡譜)：最新單曲,對愛投降,張惠妹,028,123,
最新排行(簡譜)：最新單曲,寫一首歌,順子,028,125,
最新排行(簡譜)：最新單曲,求愛瞎拼摸,陳小春,028,129,
最新排行(簡譜)：最新單曲,男人與公狗,陳小春,028,131,
最新排行(簡譜)：最新單曲,神啊救救我,陳小春,028,133,
最新排行(簡譜)：最新單曲,寂寞保齡球,張惠妹,028,135,
最新排行(簡譜)：最新單曲,最近比較煩,李華冠,028,137,
最新排行(簡譜)：最新單曲,傷心太平洋,任賢齊,028,141,
最新排行(簡譜)：最新單曲,夢見鐵達尼,張惠妹,028,143,
最新排行(簡譜)：最新單曲,離開妳七天,張學友,028,145,
最新排行(簡譜)：最新單曲,她一定很愛你,兩個女生,028,149,
最新排行(簡譜)：最新單曲,愛你等於愛自己,王力宏,028,151,
最新排行(簡譜)：最新單曲,對面女孩看過來,任賢齊,028,153,
最新排行(簡譜)：最新單曲,你有美麗我有愛你,竇智孔,028,155,
最新排行(簡譜)：最新單曲,了解,高向鵬/方怡萍,027,001,
流行豆芽譜,星光,S.H.E,027,001,偶像劇(真命天女)主題曲
最新排行(簡譜)：最新單曲,問天,阿吉仔,027,003,
最新排行(簡譜)：最新單曲,是按怎,張清芳,027,005,
最新排行(簡譜)：最新單曲,渡船人,高向鵬,027,007,
流行豆芽譜,豬之歌,香香,027,007,
最新排行(簡譜)：最新單曲,人生的歌,阿吉仔,027,009,
最新排行(簡譜)：最新單曲,永遠不同,曾心梅,027,011,
最新排行(簡譜)：最新單曲,來世情路,王江發/詹雅雯,027,013,
流行豆芽譜,All For You,安室奈美惠,027,014,
最新排行(簡譜)：最新單曲,哎呦喂呀,張清芳,027,015,
最新排行(簡譜)：最新單曲,活在夢中,陳中/曾心梅,027,017,
最新排行(簡譜)：最新單曲,望你作伴,高向鵬,027,019,
流行豆芽譜,What Can I Do,南拳媽媽,027,020,韓劇(浪漫滿屋)片頭曲
最新排行(簡譜)：最新單曲,想來望去,陳中/陳秀玲,027,021,
最新排行(簡譜)：最新單曲,舊棉絮被,阿吉仔,027,023,
最新排行(簡譜)：最新單曲,鐵齒的人,張清芳,027,025,
流行豆芽譜,心牆,Bag Fong,027,026,偶像劇(海豚愛上貓)插曲
最新排行(簡譜)：最新單曲,我會祝福你,王江發,027,027,
最新排行(簡譜)：最新單曲,朋友鬥支持,阿吉仔,027,029,
流行豆芽譜,絲路,梁靜茹,027,030,
最新排行(簡譜)：最新單曲,看妳嫁別人,翁立友,027,031,
最新排行(簡譜)：最新單曲,討海捉漁人,高向鵬/許巧盈,027,033,
最新排行(簡譜)：最新單曲,愛你愛太深,陳中/陳秀玲,027,035,
流行豆芽譜,第一天,孫燕姿,027,035,
最新排行(簡譜)：最新單曲,愛情這自私,翁立友,027,037,
最新排行(簡譜)：最新單曲,歡喜來相會,張清芳,027,039,
最新排行(簡譜)：最新單曲,甲青春拼輸贏,翁立友/余天,027,041,
流行豆芽譜,瘦瘦的,梁靜茹,027,042,
最新排行(簡譜)：最新單曲,愛你是阮的命,曾心梅,027,043,
最新排行(簡譜)：最新單曲,I Wish,熊天平,027,045,
最新排行(簡譜)：最新單曲,Summer Rain,范文芳,027,047,
流行豆芽譜,牡丹江,南拳媽媽,027,047,
最新排行(簡譜)：最新單曲,Sunny Day,李玟,027,049,
最新排行(簡譜)：最新單曲,煩,林曉培,027,051,
流行豆芽譜,管不著,Selina,027,051,電視劇(真命天女)插曲
最新排行(簡譜)：最新單曲,自己,李玟,027,053,
最新排行(簡譜)：最新單曲,角落,張鎬哲,027,055,
流行豆芽譜,逍遙嘆,胡歌,027,056,電視劇(仙劍奇俠傳)插曲
最新排行(簡譜)：最新單曲,那天,張克帆,027,057,
最新排行(簡譜)：最新單曲,約會,棻蘭,027,059,
最新排行(簡譜)：最新單曲,健忘,周華健,027,061,
流行豆芽譜,橘子汽水,南拳媽媽,027,062,
最新排行(簡譜)：最新單曲,預言,范文芳/張宇,027,063,
最新排行(簡譜)：最新單曲,應該,周華健,027,065,
最新排行(簡譜)：最新單曲,難說,熊天平,027,067,
流行豆芽譜,女人心事,陶晶瑩,027,067,
最新排行(簡譜)：最新單曲,上弦月,許志安,027,069,
最新排行(簡譜)：最新單曲,天黑了,伊雪莉,027,071,
最新排行(簡譜)：最新單曲,月光光,周華健,027,073,
流行豆芽譜,六月的雨,胡歌,027,073,電視劇(仙劍奇俠傳)插曲
最新排行(簡譜)：最新單曲,有沒有,張智霖,027,075,
最新排行(簡譜)：最新單曲,我不服,周俊偉,027,077,
最新排行(簡譜)：最新單曲,我愛你,周俊偉,027,079,
流行豆芽譜,一路向北,周杰倫,027,079,電影(頭文字D)插曲
最新排行(簡譜)：最新單曲,會不會,陳綺貞,027,081,
最新排行(簡譜)：最新單曲,滿天雪,棻蘭,027,083,
流行豆芽譜,只想愛你,楊丞琳,027,083,
最新排行(簡譜)：最新單曲,愛轉動,庾澄慶/張信哲,027,085,
最新排行(簡譜)：最新單曲,不能不愛,棻蘭/山風點伙,027,087,
流行豆芽譜,哭笑不得,柯有倫,027,088,
最新排行(簡譜)：最新單曲,失戀告白,何嘉文,027,089,
最新排行(簡譜)：最新單曲,她的眼淚,林曉培,027,091,
最新排行(簡譜)：最新單曲,你別傻了,周俊偉/劉德華,027,093,
流行豆芽譜,草山的風,霍正奇/洪瑞襄,027,093,大愛劇場(草山春暉)主題曲
最新排行(簡譜)：最新單曲,沙漠寂寞,李翊君,027,095,
流行豆芽譜,眼淚成詩,孫燕姿,027,096,中視(邊城小子)片頭曲
最新排行(簡譜)：最新單曲,那又如何,林曉培,027,097,
最新排行(簡譜)：最新單曲,兩人世界,伊雪莉/何潤東,027,099,
最新排行(簡譜)：最新單曲,素描Pa Pa,熊天平,027,101,
流行豆芽譜,理想情人,楊丞琳,027,101,
最新排行(簡譜)：最新單曲,寂寞轟炸,張克帆,027,103,
最新排行(簡譜)：最新單曲,悲傷Johnny,林曉培,027,105,
流行豆芽譜,流星下的願,張學友/許慧欣,027,106,歌舞劇(雪狼湖)主題曲
最新排行(簡譜)：最新單曲,微涼的你,陳綺貞,027,107,
最新排行(簡譜)：最新單曲,誓言謊言,李翊君,027,109,
最新排行(簡譜)：最新單曲,鴉片玫瑰,陳昇,027,111,
流行豆芽譜,走路去紐約,陶晶瑩,027,111,
最新排行(簡譜)：最新單曲,默默愛你,李玟,027,113,
流行豆芽譜,每天的每夜,黃義達,027,114,
最新排行(簡譜)：最新單曲,讓我放心,張鎬哲,027,115,
最新排行(簡譜)：最新單曲,一同去郊遊,錦繡二重唱,027,117,
最新排行(簡譜)：最新單曲,不穿高跟鞋,伊雪莉,027,119,
流行豆芽譜,我真的以為,張棟樑,027,119,
最新排行(簡譜)：最新單曲,有故事的人,周華健,027,121,
最新排行(簡譜)：最新單曲,和你在一起,陳綺貞,027,123,
流行豆芽譜,可惜不是你,梁靜茹,027,123,韓劇(悲傷戀歌)主題曲
最新排行(簡譜)：最新單曲,忽然看見了,伊雪莉,027,125,
最新排行(簡譜)：最新單曲,最後還是會,熊天平,027,127,
流行豆芽譜,旅行的意義,陳綺貞,027,128,
最新排行(簡譜)：最新單曲,愛上陌生人,李翊君,027,129,
最新排行(簡譜)：最新單曲,愛千真萬確,周俊偉,027,131,
最新排行(簡譜)：最新單曲,醒來就忘記,林曉培,027,133,
流行豆芽譜,下一次微笑,楊丞琳,027,133,
最新排行(簡譜)：最新單曲,讓我想一想,陳綺貞,027,135,
最新排行(簡譜)：最新單曲,心碎的冰咖啡,熊天平,027,137,
最新排行(簡譜)：最新單曲,你是我的女人,劉德華,027,139,
流行豆芽譜,一秒的安慰,黃義達,027,139,
最新排行(簡譜)：最新單曲,來不及說愛你,李翊君,027,141,
最新排行(簡譜)：最新單曲,盲目的Cinderella,林曉培,027,143,
最新排行(簡譜)：最新單曲,既然愛了就不怕,呂方,027,145,
流行豆芽譜,再一次擁有,龔詩嘉,027,145,偶像劇(真命天女)插曲
最新排行(簡譜)：最新單曲,把你交給誰才不後悔,劉錫明,027,147,
最新排行(簡譜)：最新單曲,寂寞時妳最先想起誰,張鎬哲,027,149,
流行豆芽譜,我比想像中愛你,JS,027,150,偶像劇(真命天女)插曲
流行豆芽譜,Do Re Mi,旺福,026,001,
最新排行(簡譜)：最新單曲,坎站,陳雷,026,001,
最新排行(簡譜)：最新單曲,過客,楊靜,026,003,
最新排行(簡譜)：最新單曲,命運棋,陳雷,026,005,
最新排行(簡譜)：最新單曲,紅塵夢,陳盈潔,026,007,
流行豆芽譜,Seasons in the Sun,K ONE,026,007,
最新排行(簡譜)：最新單曲,三暝三日,吳宗憲,026,009,
最新排行(簡譜)：最新單曲,夜夜心疼,孫淑媚,026,011,
最新排行(簡譜)：最新單曲,尚愛的人,龍千玉,026,013,
流行豆芽譜,DA DA DA,王心凌,026,014,
最新排行(簡譜)：最新單曲,由在你安排,楊靜,026,015,
最新排行(簡譜)：最新單曲,沒妳的城市,吳宗憲,026,017,
最新排行(簡譜)：最新單曲,思想起再見,阿德,026,019,
流行豆芽譜,First Love,K ONE,026,020,
最新排行(簡譜)：最新單曲,苦是無塊換,孫淑媚,026,021,
最新排行(簡譜)：最新單曲,逗陣來唱歌,阿德,026,023,
最新排行(簡譜)：最新單曲,傷情過路人,陳雷,026,025,
流行豆芽譜,失去,同恩,026,025,
最新排行(簡譜)：最新單曲,搖擺Say GoodBye,吳宗憲,026,027,
最新排行(簡譜)：最新單曲,汝是阮的心肝,阿德/潘麗麗,026,029,
最新排行(簡譜)：最新單曲,明知已經無緣,孫淑媚,026,031,
流行豆芽譜,命運,Why 李景燮,026,031,韓劇(浪漫滿屋)主題曲
最新排行(簡譜)：最新單曲,唱歌的人尚快樂,吳宗憲,026,033,
最新排行(簡譜)：最新單曲,阮的性命阮自己疼,陳雅珍,026,035,
最新排行(簡譜)：最新單曲,Bye Bye,李心潔,026,037,
流行豆芽譜,轉角,童童,026,037,
最新排行(簡譜)：最新單曲,Don't Say Sorry,許志安,026,039,
最新排行(簡譜)：最新單曲,痛,李翊君/動力火車,026,041,
最新排行(簡譜)：最新單曲,當,動力火車,026,043,
流行豆芽譜,鞦韆,范瑋琪,026,043,韓劇(浪漫滿屋)片尾曲
最新排行(簡譜)：最新單曲,去愛,趙詠華,026,045,
最新排行(簡譜)：最新單曲,失去,許茹芸,026,047,
流行豆芽譜,是否,孫嫣然,026,047,
最新排行(簡譜)：最新單曲,自由,李心潔,026,049,
最新排行(簡譜)：最新單曲,男人,鄭中基,026,051,
流行豆芽譜,不眠,范瑋琪,026,051,
最新排行(簡譜)：最新單曲,兩難,柯以敏,026,053,
最新排行(簡譜)：最新單曲,雨蝶,李翊君,026,055,
流行豆芽譜,知足,五月天,026,055,
最新排行(簡譜)：最新單曲,哭了,范曉萱,026,057,
最新排行(簡譜)：最新單曲,氧氣,范曉萱,026,059,
最新排行(簡譜)：最新單曲,飢餓,蘇永康,026,061,
流行豆芽譜,本來,同恩,026,061,
最新排行(簡譜)：最新單曲,馬桶,劉德華,026,063,
最新排行(簡譜)：最新單曲,猜心,萬芳,026,065,
流行豆芽譜,曖昧,楊丞琳,026,066,電視劇(惡魔在身邊)片尾曲
最新排行(簡譜)：最新單曲,陪酒,楊麗珍,026,067,
最新排行(簡譜)：最新單曲,單飛,錦繡二重唱,026,069,
最新排行(簡譜)：最新單曲,答案,李玟,026,071,
流行豆芽譜,消失,南拳媽媽,026,071,
最新排行(簡譜)：最新單曲,愛你,黃舒駿,026,073,
最新排行(簡譜)：最新單曲,愛情,莫文蔚,026,075,
流行豆芽譜,太愛你了,張善為,026,076,韓劇(愛在哈佛)片頭曲
最新排行(簡譜)：最新單曲,敵人,鄭中基,026,077,
最新排行(簡譜)：最新單曲,鯨魚,藍心湄,026,079,
最新排行(簡譜)：最新單曲,好心情,李玟,026,081,
流行豆芽譜,離別酒,張鎬哲,026,081,電視劇(小魚兒與花無缺)主題曲
最新排行(簡譜)：最新單曲,我很Blue,徐若瑄,026,083,
最新排行(簡譜)：最新單曲,沒時間,莫文蔚,026,085,
流行豆芽譜,星空下,周傳雄,026,085,
最新排行(簡譜)：最新單曲,那首歌,趙詠華,026,087,
最新排行(簡譜)：最新單曲,很高興,梁詠琪,026,089,
最新排行(簡譜)：最新單曲,兩個人的回憶一個人過,莊心妍,143,100,
最新排行(簡譜)：最新單曲,"我多喜歡你,你會知道",王俊琪,143,102,網劇《致我們單純的小美好》推廣曲
最新排行(簡譜)：最新單曲,我怎麼可能與妳無關,邱勝翊,143,104,
最新排行(簡譜)：最新單曲,我不想改變世界我只想不被世界改變,八三夭,143,106,
最新排行(簡譜)：最新單曲,蹦孔,伍佰,142,012,
最新排行(簡譜)：最新單曲,三步情,林俊吉/戴梅君,142,016,
最新排行(簡譜)：最新單曲,女人夢,郭婷筠,142,018,
最新排行(簡譜)：最新單曲,唱未刷,吳申梅,142,020,
最新排行(簡譜)：最新單曲,就是我,荒山亮,142,022,電視劇《雨後驕陽》片尾曲
最新排行(簡譜)：最新單曲,歡喜酒,陳百潭,142,024,電視劇《一家人》片頭曲
最新排行(簡譜)：最新單曲,真心真愛,王中平/一綾,142,026,電視劇《一家人》片頭曲
最新排行(簡譜)：最新單曲,愛已過站,邱賢桂,142,028,
最新排行(簡譜)：最新單曲,原來的幸福,郭婷筠,142,030,電視劇《幸福來了》片頭曲
最新排行(簡譜)：最新單曲,夢中的玫瑰,林俊吉,142,032,
最新排行(簡譜)：最新單曲,夢中的蝴蝶,江志豐/吳申梅,142,034,電視劇《甘味人生》主題曲
最新排行(簡譜)：最新單曲,今世情再世緣,郭婷筠/蔡佳麟,142,036,
最新排行(簡譜)：最新單曲,阿母的白頭鬃,王中平,142,038,
最新排行(簡譜)：最新單曲,樣Young,TFBOYS,142,040,
最新排行(簡譜)：最新單曲,一半,薛之謙,142,042,
最新排行(簡譜)：最新單曲,不放,周湯豪,142,044,電視劇《鐘樓愛人》片頭曲
最新排行(簡譜)：最新單曲,未至,郁可唯,142,046,電視劇《夏至未至》插曲
最新排行(簡譜)：最新單曲,年輪,張碧晨,142,050,電視劇《花千骨》插曲
最新排行(簡譜)：最新單曲,偏愛,曾沛慈,142,052,韓劇《大力女都奉順》片尾曲
最新排行(簡譜)：最新單曲,紳士,薛之謙,142,054,
最新排行(簡譜)：最新單曲,魚仔,盧廣仲,142,056,電視劇《花甲男孩轉大人》主題曲
最新排行(簡譜)：最新單曲,一個人,韓紅,142,058,
最新排行(簡譜)：最新單曲,下雨了,薛之謙,142,060,
最新排行(簡譜)：最新單曲,快魚仔,盧廣仲,142,063,電視劇《花甲男孩轉大人》主題曲
最新排行(簡譜)：最新單曲,有沒有,薛之謙,142,066,
最新排行(簡譜)：最新單曲,桃花諾,鄧紫棋,142,068,電視劇《上古情歌》片尾曲
最新排行(簡譜)：最新單曲,猜猜看,曾之喬,142,070,電視劇《稍息立正我愛你》片尾曲
最新排行(簡譜)：最新單曲,就這樣,李榮浩,142,072,
最新排行(簡譜)：最新單曲,路人甲,呂薔,142,074,電視劇《我的未來男友》片尾曲
最新排行(簡譜)：最新單曲,擊敗人,黃明志,142,076,
最新排行(簡譜)：最新單曲,小小天涯,郁可唯,142,078,電視劇《上古情歌》劇情版插曲
最新排行(簡譜)：最新單曲,光線背後,蕭敬騰,142,080,電視劇《深夜食堂》片頭曲
最新排行(簡譜)：最新單曲,我說寶貝,阿達/黃路梓茵,142,082,
最新排行(簡譜)：最新單曲,夏至未至,胡夏,142,084,電視劇《夏至未至》主題曲
最新排行(簡譜)：最新單曲,等我回家,薛之謙,142,086,
最新排行(簡譜)：最新單曲,你還要我怎樣,薛之謙,142,089,
最新排行(簡譜)：最新單曲,還能擁抱,潘嘉麗,142,092,電視劇《鐘樓愛人》插曲
最新排行(簡譜)：最新單曲,我們的總和,艾怡良,142,094,
最新排行(簡譜)：最新單曲,很晚的晚安,孫盛希,142,096,三立華劇《浮士德的微笑》插曲
最新排行(簡譜)：最新單曲,剛好遇見你,李玉剛,142,098,
最新排行(簡譜)：最新單曲,都是我的錯,玖壹壹,142,100,
最新排行(簡譜)：最新單曲,最初的記憶,徐佳瑩,142,102,電視劇《夏至未至》片尾曲
最新排行(簡譜)：最新單曲,誰來剪月光,陳奕迅,142,104,
最新排行(簡譜)：最新單曲,你離開他了嗎,曾沛慈,142,106,韓劇 《燦爛的守護神-鬼怪》片尾曲
最新排行(簡譜)：最新單曲,牽手,蔡佳麟/曹雅雯,141,012,
最新排行(簡譜)：最新單曲,想家,蔡茗淇,141,014,
流行豆芽譜,一比一,范瑋琪,026,089,電視劇(巴黎戀人)片頭曲
最新排行(簡譜)：最新單曲,相思湯,鄭中基,026,091,
最新排行(簡譜)：最新單曲,真的嗎,莫文蔚,026,093,
最新排行(簡譜)：最新單曲,膽小鬼,梁詠琪,026,095,
流行豆芽譜,不得不愛,潘瑋柏/弦子,026,095,
最新排行(簡譜)：最新單曲,甲乙丙丁,許志安/張學友/鄭中基,026,097,
最新排行(簡譜)：最新單曲,你不一樣,陳慧琳,026,099,
最新排行(簡譜)：最新單曲,我是女生,徐懷鈺,026,101,
流行豆芽譜,夏天的風,元衛覺醒,026,101,
最新排行(簡譜)：最新單曲,相思如麻,邰正宵,026,103,
最新排行(簡譜)：最新單曲,氣象報告,梁詠琪,026,105,
最新排行(簡譜)：最新單曲,欲哭無淚,許茹芸,026,107,
流行豆芽譜,寂寞邊界,張棟樑,026,107,韓劇(玻璃畫&愛在哈佛)片尾曲
最新排行(簡譜)：最新單曲,愛不釋手,李翊君,026,109,
最新排行(簡譜)：最新單曲,數字戀愛,范曉萱,026,111,
流行豆芽譜,好久不見,5566,026,112,
最新排行(簡譜)：最新單曲,談何容易,鄭中基,026,113,
最新排行(簡譜)：最新單曲,頭髮亂了,張學友,026,115,
最新排行(簡譜)：最新單曲,不許人佔有,鄭中基,026,117,
流行豆芽譜,寂寞沙洲冷,周傳雄,026,118,
最新排行(簡譜)：最新單曲,月光的祈禱,許茹芸,026,119,
最新排行(簡譜)：最新單曲,台北下了雪,徐若瑄,026,121,
最新排行(簡譜)：最新單曲,用可樂乾杯,徐若瑄,026,123,
流行豆芽譜,愛的號碼牌,Sweety,026,123,
最新排行(簡譜)：最新單曲,你還記得嗎,徐懷鈺,026,125,
最新排行(簡譜)：最新單曲,我依然愛你,許茹芸,026,127,
最新排行(簡譜)：最新單曲,我們都寂寞,許茹芸,026,129,
流行豆芽譜,六個月後那年夏天,張善為,026,129,
最新排行(簡譜)：最新單曲,真想見到你,李玟,026,131,
最新排行(簡譜)：最新單曲,堅強的理由,莫文蔚/伍佰,026,133,
流行豆芽譜,白色花漾,5566,026,134,
最新排行(簡譜)：最新單曲,情人的畫像,許茹芸,026,135,
最新排行(簡譜)：最新單曲,情比姊妹深,錦繡二重唱,026,137,
最新排行(簡譜)：最新單曲,不愛我放了我,許茹芸,026,139,
流行豆芽譜,當你孤單你會想起誰,張棟樑,026,139,
最新排行(簡譜)：最新單曲,別這樣離開我,趙詠華,026,141,
最新排行(簡譜)：最新單曲,開水與白麵包,莫文蔚,026,143,
最新排行(簡譜)：最新單曲,愛失去了也好,錦繡二重唱,026,145,
流行豆芽譜,閉上眼默唸3遍,183 Club+7朵花,026,145,電視劇(王子變青蛙)插曲
最新排行(簡譜)：最新單曲,愛要有你才完美,那英,026,147,
最新排行(簡譜)：最新單曲,從不喜歡孤單一個,蘇永康/李樂詩,026,149,
最新排行(簡譜)：最新單曲,你讓我的淚流進耳朵,兆邦,026,151,
流行豆芽譜,再說一次我愛你,劉德華,026,151,電影(再說一次我愛你)主題曲
最新排行(簡譜)：最新單曲,我記得你眼裡的依戀,萬芳,026,153,
最新排行(簡譜)：最新單曲,思念,高瑞屏,025,001,
流行豆芽譜,Open Arms,5 5 6 6,025,001,電視劇(格鬥天王)插曲
流行伴奏譜,夢遊,孫燕姿,025,001,
Band態(團譜),原來的我,齊秦,025,001,試聽檔下載
Band態(團譜),死了都要愛,信樂團,025,002,試聽檔下載
Band態(團譜),認輸,張震嶽,025,003,試聽檔下載
最新排行(簡譜)：最新單曲,情債,孫永慈,025,003,
Band態(團譜),用力活著,張茜,025,004,試聽檔下載
Band態(團譜),"너에게 난, 나에게 넌I (緣起不滅插曲)",遊車河,025,005,試聽檔下載
最新排行(簡譜)：最新單曲,情路,龍千玉,025,005,
流行豆芽譜,趁早,張宇,025,006,
Band態(團譜),沒有理想的人不傷心,新褲子,025,006,試聽檔下載
流行伴奏譜,缺氧,楊丞琳,025,006,偶像劇【換換愛】片尾曲
Band態(團譜),你要跳舞嗎,新褲子,025,007,試聽檔下載
最新排行(簡譜)：最新單曲,機會,蔡秋鳳,025,007,
Band態(團譜),一萬次悲傷,逃跑計畫,025,008,試聽檔下載
Band態(團譜),土坡上的狗尾草,盧潤澤,025,009,試聽檔下載
最新排行(簡譜)：最新單曲,七夕情,詹雅雯,025,009,
Band態(團譜),出現又離開,梁博,025,010,試聽檔下載
Band態(團譜),阿刁,張韶涵,025,011,試聽檔下載
最新排行(簡譜)：最新單曲,真心話,孫永慈,025,011,
流行豆芽譜,真愛,183 Club,025,011,電視劇(王子變青蛙)片尾曲
Band態(團譜),Don't Skip the Interlude(不要跳過間奏),俞世潤(Yoo Se Yoon),025,012,試聽檔下載
流行伴奏譜,崇拜,梁靜茹,025,012,韓劇【黃貞伊】片尾曲
Band態(團譜),未出現傳聞,Bao小易,025,013,試聽檔下載
最新排行(簡譜)：最新單曲,夢中人,龍千玉,025,013,
Band態(團譜),你看你看月亮的臉,大頭針,025,014,試聽檔下載
最新排行(簡譜)：最新單曲,阮的一生,吳淑敏,025,015,
最新排行(簡譜)：最新單曲,來去山頂,沈文程,025,017,
流行豆芽譜,偏  見,梁詠琪,025,017,
流行伴奏譜,彩虹,周杰倫,025,017,
最新排行(簡譜)：最新單曲,往事如煙,孫永慈,025,019,
最新排行(簡譜)：最新單曲,期待有緣,張秀卿/蔡小虎,025,021,
流行豆芽譜,雪花,中島美嘉,025,021,偶像劇(求婚事務所)插曲
流行伴奏譜,傻瓜,溫嵐,025,022,
最新排行(簡譜)：最新單曲,飲者之歌,王識賢,025,023,
最新排行(簡譜)：最新單曲,心愛不是我,謝金燕,025,025,
流行豆芽譜,刺鳥,F.I.R.,025,026,
最新排行(簡譜)：最新單曲,月娘的心肝,謝金燕,025,027,
流行伴奏譜,一個人,蔡依林,025,027,
最新排行(簡譜)：最新單曲,只要你越頭,王識賢,025,029,
最新排行(簡譜)：最新單曲,冷冷的棉被,張秀卿,025,031,
流行豆芽譜,嫁給我,杜德偉,025,031,
最新排行(簡譜)：最新單曲,故鄉的草埔,高瑞屏/蕭玉芬,025,033,
流行伴奏譜,日不落,蔡依林,025,033,
最新排行(簡譜)：最新單曲,若是心相換,孫永慈,025,035,
最新排行(簡譜)：最新單曲,笑笑看一切,謝金燕,025,037,
流行豆芽譜,順時針,梁詠琪,025,037,
最新排行(簡譜)：最新單曲,等你倒返來,王識賢,025,039,
流行伴奏譜,月牙灣,F.I.R.,025,040,
最新排行(簡譜)：最新單曲,放袂落彼個人,詹雅雯,025,041,
流行豆芽譜,狠狠愛,徐若瑄,025,041,碧兒泉(Hang Ten 2005年)廣告主題曲
最新排行(簡譜)：最新單曲,五月十一彼下埔,沈文程,025,043,
最新排行(簡譜)：最新單曲,用胭脂寫你的名,謝金燕/徐嘉良,025,045,
最新排行(簡譜)：最新單曲,甲己的心甲己疼,孫永慈,025,047,
流行伴奏譜,我不配,周杰倫,025,047,
流行豆芽譜,謝謝你,蜜雪薇琪,025,048,
最新排行(簡譜)：最新單曲,媽媽請您不通痛,賀一航,025,049,
最新排行(簡譜)：最新單曲,別戀,堂娜,025,051,
最新排行(簡譜)：最新單曲,困砂,方文琳,025,053,
流行豆芽譜,六色彩虹,歐得洋,025,053,
流行伴奏譜,非賣品,蔡依林,025,053,
最新排行(簡譜)：最新單曲,往事,沈文程,025,055,
最新排行(簡譜)：最新單曲,征服,那英,025,057,
流行豆芽譜,愛回溫,溫嵐,025,058,
最新排行(簡譜)：最新單曲,放手,那英,025,059,
流行伴奏譜,青花瓷,周杰倫,025,059,
最新排行(簡譜)：最新單曲,缺氧,裘海正,025,061,
最新排行(簡譜)：最新單曲,想你,鄭中基,025,063,
流行豆芽譜,見習愛神,Twins,025,063,OK WAP手機廣告曲
流行伴奏譜,是非題,范瑋琪,025,064,
最新排行(簡譜)：最新單曲,煙火,四大天王,025,065,
最新排行(簡譜)：最新單曲,隔夜,堂娜,025,067,
最新排行(簡譜)：最新單曲,蝴蝶,堂娜,025,069,
流行豆芽譜,無敵超人,Twins,025,069,
流行伴奏譜,特務J,蔡依林,025,070,
最新排行(簡譜)：最新單曲,朦朧,齊秦,025,071,
最新排行(簡譜)：最新單曲,觸電,陳譯賢,025,073,
最新排行(簡譜)：最新單曲,體貼,阿福,025,075,
流行豆芽譜,反覆記號,蔡依林,025,075,
流行伴奏譜,陽光宅男,周杰倫,025,076,
最新排行(簡譜)：最新單曲,妙妙妙,徐懷鈺,025,077,
最新排行(簡譜)：最新單曲,兩個人,陳慧琳,025,079,
流行豆芽譜,彩虹眼淚,Sweety,025,079,
最新排行(簡譜)：最新單曲,飛起來,徐懷鈺,025,081,
最新排行(簡譜)：最新單曲,健康歌,范曉萱/楊峻榮,025,083,
流行伴奏譜,甜甜的,周杰倫,025,083,
最新排行(簡譜)：最新單曲,夢不醒,關德輝,025,085,
流行豆芽譜,依然是朋友,宇恆,025,085,
最新排行(簡譜)：最新單曲,夢醒了,那英,025,087,
流行豆芽譜,手機留言,光良,025,088,
最新排行(簡譜)：最新單曲,擁抱我,柯以敏,025,089,
流行伴奏譜,三吋日光,梁靜茹,025,089,
最新排行(簡譜)：最新單曲,小河之歌,沈文程,025,091,
流行豆芽譜,獨佔神話,蔡依林,025,092,
最新排行(簡譜)：最新單曲,心不設防,陳慧琳,025,093,
最新排行(簡譜)：最新單曲,生日快樂,伍思凱,025,095,
流行伴奏譜,不會分離,光良,025,095,
流行豆芽譜,離不開他,溫嵐,025,096,
最新排行(簡譜)：最新單曲,有借有還,孫耀威,025,097,
最新排行(簡譜)：最新單曲,我不知道,動力火車,025,099,
流行豆芽譜,如果的事,范瑋琪/張韶涵,025,100,電視劇(巴黎戀人)片頭曲
最新排行(簡譜)：最新單曲,阿福正傳,阿福,025,101,
流行伴奏譜,會呼吸的痛,梁靜茹,025,101,
最新排行(簡譜)：最新單曲,最後探戈,堂娜,025,103,
最新排行(簡譜)：最新單曲,單程車票,動力火車,025,105,
流行豆芽譜,我心似海洋,江美琪,025,105,歌舞劇(跑路天使)插曲
最新排行(簡譜)：最新單曲,愛了再說,中堅份子,025,107,
流行伴奏譜,每天第一件事,梁靜茹,025,107,
最新排行(簡譜)：最新單曲,愛人好累,中堅份子,025,109,
最新排行(簡譜)：最新單曲,愛是懲罰,裘海正,025,111,
流行豆芽譜,那年的情書,江美琪,025,111,電視劇(巴黎戀人)片尾曲
最新排行(簡譜)：最新單曲,落花流水,堂娜,025,113,
流行伴奏譜,不能跟情人說的話,范瑋琪/劉若英,025,113,
最新排行(簡譜)：最新單曲,與世隔絕,王祖賢,025,115,
最新排行(簡譜)：最新單曲,魂縈舊夢,堂娜,025,117,
流行豆芽譜,沒那麼愛他,范瑋琪,025,117,電視劇(小魚兒與花無缺)片尾曲
最新排行(簡譜)：最新單曲,不管有多苦,那英,025,119,
最新排行(簡譜)：最新單曲,母親我愛您,MIB,025,121,
流行豆芽譜,櫻花紛飛時,中島美嘉,025,121,
最新排行(簡譜)：最新單曲,你是我的人,那英,025,123,
最新排行(簡譜)：最新單曲,永遠的微笑,堂娜,025,125,
最新排行(簡譜)：最新單曲,別讓我心疼,鄭中基,025,127,
流行豆芽譜,那女孩對我說,黃義達,025,128,電視劇(想結婚的女子)片尾曲
最新排行(簡譜)：最新單曲,送你到門口,中堅份子,025,129,
最新排行(簡譜)：最新單曲,除非你要我,鄭中基,025,131,
最新排行(簡譜)：最新單曲,想對妳更好,中堅份子,025,133,
流行豆芽譜,愛笑的眼睛,徐若瑄,025,133,
最新排行(簡譜)：最新單曲,愛妳我認了,兆邦,025,135,
最新排行(簡譜)：最新單曲,愛情釀的酒,裘海正,025,137,
流行豆芽譜,說不出的告別,林志炫,025,138,
最新排行(簡譜)：最新單曲,跟影子賽跑,中堅份子,025,139,
最新排行(簡譜)：最新單曲,我拿什麼愛妳,齊秦,025,141,
最新排行(簡譜)：最新單曲,稍息立正站好,范曉萱,025,143,
流行豆芽譜,睜一隻眼閉一隻眼,蔡依林,025,143,
最新排行(簡譜)：最新單曲,愛像一場重感冒,徐懷鈺,025,145,
最新排行(簡譜)：最新單曲,讓懂妳的人愛妳,蘇永康,025,147,
最新排行(簡譜)：最新單曲,明天的明天的明天,動力火車,025,149,
流行豆芽譜,許願池的希臘少女,蔡依林,025,149,
最新排行(簡譜)：最新單曲,孤單的夜裡我不孤單,陳曉東,025,151,
最新排行(簡譜)：最新單曲,就算我們真的合不來,蘇永康,025,153,
最新排行(簡譜)：最新單曲,想一天就可以想你到永遠,阿福,025,155,
最新排行(簡譜)：最新單曲,空殼,尤姿涵,024,001,
流行豆芽譜,Kolibre,邁可森,024,001,
流行伴奏譜,最愛,周蕙,024,001,韓劇【綠薔薇】片尾曲
Band態(團譜),APT.,ROSE/Bruno Mars,024,001,試聽檔下載
Band態(團譜),心太軟,任賢齊,024,002,試聽檔下載
Band態(團譜),天地龍鱗,王力宏,024,003,試聽檔下載
最新排行(簡譜)：最新單曲,漂浪,伍佰,024,003,
Band態(團譜),追夢人,鳳飛飛,024,004,試聽檔下載
Band態(團譜),愛我還是他,李榮浩,024,005,試聽檔下載
最新排行(簡譜)：最新單曲,認份,曾心梅,024,005,
Band態(團譜),運轉人生,邱軍,024,006,試聽檔下載
Band態(團譜),電台情歌,莫文蔚,024,007,試聽檔下載
流行伴奏譜,甘願,星光幫潘裕文(原唱彭佳慧),024,007,
最新排行(簡譜)：最新單曲,變心,曾心梅,024,007,
Band態(團譜),鮮花,回春丹,024,008,試聽檔下載
Band態(團譜),太多,陳冠蒲,024,009,試聽檔下載
最新排行(簡譜)：最新單曲,攬雲,曾心梅,024,009,
流行豆芽譜,愛錯,王力宏,024,009,
Band態(團譜),刀劍如夢,周華健,024,010,試聽檔下載
Band態(團譜),往事隨風,齊秦,024,011,試聽檔下載
最新排行(簡譜)：最新單曲,非常女,黃妃,024,011,
Band態(團譜),黃昏,周傳雄,024,012,試聽檔下載
Band態(團譜),星星點燈,鄭智化,024,013,試聽檔下載
流行伴奏譜,殺手,林俊傑,024,013,2007新加坡【Samsung Wog】活動主題曲
最新排行(簡譜)：最新單曲,思念你,吳欣達,024,013,
流行豆芽譜,Only One,順子,024,014,電視劇(101次求婚)主題曲
Band態(團譜),任性,五月天,024,014,試聽檔下載
Band態(團譜),有多少愛可以種來,迪克牛仔,024,015,試聽檔下載
最新排行(簡譜)：最新單曲,甭擱憨,蔡振南,024,015,
Band態(團譜),像晴天像雨天,汪蘇瀧,024,016,試聽檔下載
Band態(團譜),僕が死のうと思ったのは(曾經我也過想一了百了),中島美嘉,024,017,試聽檔下載
最新排行(簡譜)：最新單曲,盼夢圓,阿輪,024,017,
Band態(團譜),僕が死のうと思ったのは(曾經我也過想一了百了),虛無病,024,018,試聽檔下載
流行伴奏譜,西界,林俊傑,024,018,
Band態(團譜),First Love,宇多田光,024,019,試聽檔下載
最新排行(簡譜)：最新單曲,浪子淚,黃西田,024,019,
流行豆芽譜,少年,光良/曹格,024,019,
Band態(團譜),夢醒時分,伍佰,024,020,試聽檔下載
最新排行(簡譜)：最新單曲,煞到妳,伍佰,024,021,
最新排行(簡譜)：最新單曲,錢歹賺,咻比嘟嘩,024,023,
最新排行(簡譜)：最新單曲,斷腸詩,伍佰,024,025,
流行豆芽譜,天空,蔡依林,024,025,
流行伴奏譜,蝴蝶,王心凌,024,025,
最新排行(簡譜)：最新單曲,坐檯小姐,小辣椒,024,027,
最新排行(簡譜)：最新單曲,返去故鄉,伍佰,024,029,
流行豆芽譜,唯有你,曹成模,024,029,電視劇(巴黎戀人)插曲
最新排行(簡譜)：最新單曲,青春亂夢,南台灣小姑娘,024,031,
流行伴奏譜,甜甜圈,小薰/阿本,024,031,偶像劇【十八禁不禁】片尾曲
最新排行(簡譜)：最新單曲,等你來疼,陳雅珍,024,033,
最新排行(簡譜)：最新單曲,傷心的酒,傅振輝/黃思婷,024,035,
流行豆芽譜,瓶中沙,Twins,024,035,
最新排行(簡譜)：最新單曲,樹枝孤鳥,伍佰,024,037,
流行伴奏譜,離開了,康康,024,037,
最新排行(簡譜)：最新單曲,心愛等一下,南台灣小姑娘,024,039,
最新排行(簡譜)：最新單曲,有誰人來陪,曾心梅,024,041,
流行豆芽譜,好想你,徐若瑄,024,041,廣告(觀月清酒)主題曲/電影(現在很想見你)中文主題曲
最新排行(簡譜)：最新單曲,感情用一半,曾心梅,024,043,
流行伴奏譜,仨人,郭靜/范瑋琪/張韶涵,024,044,
最新排行(簡譜)：最新單曲,愛阮免排隊,南台灣小姑娘,024,045,
流行豆芽譜,往前飛,戴佩妮,024,046,
最新排行(簡譜)：最新單曲,愛阮袂變天,王秀琪,024,047,
最新排行(簡譜)：最新單曲,一個西一個東,孫淑媚,024,049,
流行豆芽譜,木乃伊,林俊傑,024,050,
流行伴奏譜,你的香氣,郭靜,024,050,偶像劇【海豚愛上貓】片尾曲
最新排行(簡譜)：最新單曲,心愛的再會啦,伍佰,024,051,
最新排行(簡譜)：最新單曲,傷心的巷仔口,高瑞屏,024,053,
流行豆芽譜,愛瘋了,戴佩妮,024,054,
最新排行(簡譜)：最新單曲,飛在風中的小雨,伍佰,024,055,
流行伴奏譜,你愛我嗎,櫻桃幫,024,055,
最新排行(簡譜)：最新單曲,My Heart Will Go On,CelineDion,024,057,
流行豆芽譜,把愛放開,F.I.R.,024,058,
最新排行(簡譜)：最新單曲,Di Da Di,李玟,024,059,
最新排行(簡譜)：最新單曲,Miss Mama,林志炫,024,061,
最新排行(簡譜)：最新單曲,Your Make Me Free,張惠妹,024,063,
流行豆芽譜,千年之戀,F.I.R.,024,063,
流行伴奏譜,我愛的人,陳小春,024,063,
最新排行(簡譜)：最新單曲,包容,陳曉東,024,065,
最新排行(簡譜)：最新單曲,別哭,鄭中基,024,067,
流行豆芽譜,就是愛你,陶吉吉,024,067,
最新排行(簡譜)：最新單曲,勇氣,阮丹青,024,069,
流行伴奏譜,落葉歸根,王力宏,024,069,【SonyEricsson W880i手機】廣告主題曲
最新排行(簡譜)：最新單曲,指紋,黃名偉,024,071,
流行豆芽譜,簡簡單單,林俊傑,024,072,電視劇(真愛宣言)片頭曲
最新排行(簡譜)：最新單曲,流沙,陶吉吉,024,073,
最新排行(簡譜)：最新單曲,情海,陳德容,024,075,
流行伴奏譜,晚安寶貝,張棟樑,024,075,
最新排行(簡譜)：最新單曲,貼心,陳曉東,024,077,
流行豆芽譜,老鼠愛大米,王啟文,024,077,
最新排行(簡譜)：最新單曲,暗示,李玟,024,079,
最新排行(簡譜)：最新單曲,跟蹤,阮丹青,024,081,
流行伴奏譜,可以不可以,丁噹,024,081,
最新排行(簡譜)：最新單曲,擺脫,林玉婷,024,083,
流行豆芽譜,一千年以後,林俊傑,024,083,
最新排行(簡譜)：最新單曲,懲罰,陳淑樺,024,085,
最新排行(簡譜)：最新單曲,釋放,張衛健,024,087,
流行豆芽譜,聽!是誰在唱歌,劉若英/黃韻玲,024,087,電視劇(候鳥E人)主題曲
流行伴奏譜,你是我的眼,蕭煌奇,024,087,
最新排行(簡譜)：最新單曲,失樂園,陳淑樺,024,089,
最新排行(簡譜)：最新單曲,我怕黑,陳德容,024,091,
流行豆芽譜,莫斯科沒有眼淚,Twins,024,091,
最新排行(簡譜)：最新單曲,眼淚說,張衛健,024,093,
流行伴奏譜,因為我相信,星光幫,024,093,
最新排行(簡譜)：最新單曲,愛來時,陳淑樺,024,095,
流行豆芽譜,星光遊樂園,Twins,024,096,
最新排行(簡譜)：最新單曲,心碎時分,黃名偉,024,097,
流行伴奏譜,不能說的秘密,周杰倫,024,098,電影【不能說的祕密】主題曲
最新排行(簡譜)：最新單曲,我無所謂,張惠妹,024,099,
最新排行(簡譜)：最新單曲,妳愛他嗎,鍾漢良,024,101,
流行豆芽譜,失戀歌迷黨,王心凌,024,102,
最新排行(簡譜)：最新單曲,拒絕不了,林玉婷,024,103,
流行伴奏譜,如果你也聽說,張惠妹,024,104,
最新排行(簡譜)：最新單曲,溫柔哭了,張衛健,024,105,
最新排行(簡譜)：最新單曲,過完冬季,李玟,024,107,
流行豆芽譜,不顧一切的愛,李聖傑,024,108,
最新排行(簡譜)：最新單曲,一天一萬年,游鴻明,024,109,
最新排行(簡譜)：最新單曲,心酸的情歌,彭佳慧,024,111,
流行伴奏譜,我不想忘記你,郭靜,024,111,偶像劇【偷天換日】主題曲
流行豆芽譜,你們要快樂,李聖傑,024,112,
最新排行(簡譜)：最新單曲,如果你願意,光良,024,113,
最新排行(簡譜)：最新單曲,哭泣的駱駝,齊豫,024,115,
最新排行(簡譜)：最新單曲,站在高崗上,張惠妹,024,117,
流行豆芽譜,陪在你身邊,曹成模,024,117,電視劇(巴黎戀人)插曲
流行伴奏譜,你是我心內的一首歌,王力宏/Selina,024,117,
最新排行(簡譜)：最新單曲,追到外太空,陳曉東,024,119,
最新排行(簡譜)：最新單曲,第九十九夜,阮丹青,024,121,
最新排行(簡譜)：最新單曲,聚散不由我,陳德容,024,123,
最新排行(簡譜)：最新單曲,心傷心痛不痛,陳曉東,024,125,
最新排行(簡譜)：最新單曲,我只能相信你,阮丹青,024,127,
最新排行(簡譜)：最新單曲,每一天都想念,陳曉東,024,129,
最新排行(簡譜)：最新單曲,愛是寂寞的風,無印良品,024,131,
最新排行(簡譜)：最新單曲,不要被愛情傷了,藍心湄,024,133,
最新排行(簡譜)：最新單曲,永不結束的故事,阮丹青/許茹芸,024,135,
最新排行(簡譜)：最新單曲,有夢就會有天堂,黃名偉,024,137,
最新排行(簡譜)：最新單曲,我找你找了好久,無印良品,024,139,
最新排行(簡譜)：最新單曲,要知道你的感覺,陳曉東,024,141,
最新排行(簡譜)：最新單曲,想好好說聲再見,張衛健,024,143,
最新排行(簡譜)：最新單曲,蒙娜麗莎的眼淚,林志炫,024,145,
最新排行(簡譜)：最新單曲,聽到你一聲再會,彭佳慧,024,147,
最新排行(簡譜)：最新單曲,我的愛情被你燒成灰,游鴻明,024,149,
最新排行(簡譜)：最新單曲,總是在黑暗中看著你,黃名偉,024,151,
最新排行(簡譜)：最新單曲,如果妳和我一樣愛上他,M2,024,153,
最新排行(簡譜)：最新單曲,心聲,吳欣達,023,001,
流行豆芽譜,Merry Christmas Mr. Lawrence,邁可森,023,001,電影「俘虜」主題曲
流行伴奏譜,老婆,S.H.E,023,001,
Band態(團譜),離別開出花,就是南方凱,023,001,試聽檔下載
Band態(團譜),南方姑娘,趙雷,023,002,試聽檔下載
Band態(團譜),眉飛色舞PLUS,八三夭+鄭秀文,023,003,試聽檔下載
最新排行(簡譜)：最新單曲,火車頭,楊宗憲,023,003,
Band態(團譜),程艾影,趙雷,023,004,試聽檔下載
Band態(團譜),一樣的月光,蘇芮,023,005,試聽檔下載
最新排行(簡譜)：最新單曲,雨傘情,黃乙玲,023,005,
Band態(團譜),說好的幸福呢,浪花兄弟,023,006,試聽檔下載
Band態(團譜),命運的深淵,齊秦,023,007,試聽檔下載
流行伴奏譜,承諾,辛曉琪,023,007,三商美邦人壽【企業精神】主題曲
最新排行(簡譜)：最新單曲,感謝你,黃乙玲,023,007,
流行豆芽譜,In my dream,韓劇「巴黎戀人」插曲,023,008,韓劇「巴黎戀人」插曲
Band態(團譜),三萬英尺,迪克牛仔,023,008,試聽檔下載
Band態(團譜),我對自己開了一槍,戴佩妮,023,009,試聽檔下載
最新排行(簡譜)：最新單曲,三更半暝,黃乙玲,023,009,
Band態(團譜),我們的時光,趙雷,023,010,試聽檔下載
Band態(團譜),良心,亂彈,023,011,試聽檔下載
最新排行(簡譜)：最新單曲,正確的路,詹雅雯,023,011,
Band態(團譜),若月亮沒來,王宇宙Leto/喬浚丞,023,012,試聽檔下載
Band態(團譜),突然的自我,伍佰,023,013,試聽檔下載
最新排行(簡譜)：最新單曲,他鄉的雨,楊宗憲,023,013,
流行豆芽譜,Happy Day,宇恆,023,013,「台新銀行」廣告曲
Band態(團譜),淒美地,郭頂,023,014,試聽檔下載
流行伴奏譜,好聽,許茹芸,023,014,
Band態(團譜),青花,周傳雄,023,015,試聽檔下載
最新排行(簡譜)：最新單曲,咱的故鄉,鄭進一,023,015,
Band態(團譜),Smoke On The Water,Deep Purple,023,016,試聽檔下載
Band態(團譜),預言,打擾一下,023,017,試聽檔下載
最新排行(簡譜)：最新單曲,不甘放你去,吳欣達,023,017,
Band態(團譜),不要慌太陽下山有月光,GooGoo,023,018,試聽檔下載
Band態(團譜),溫柔,五月天,023,019,試聽檔下載
最新排行(簡譜)：最新單曲,世界第一等,劉德華,023,019,
流行豆芽譜,飛吧,王心凌,023,019,
Band態(團譜),手機錢包鑰匙菸,美秀集團/盧廣仲,023,020,試聽檔下載
流行伴奏譜,淘汰,陳奕迅,023,020,
最新排行(簡譜)：最新單曲,走到情攏散,伍浩哲,023,021,
最新排行(簡譜)：最新單曲,無什麼代誌,楊宗憲,023,023,
流行豆芽譜,超人,五月天,023,023,
最新排行(簡譜)：最新單曲,愛到才知痛,黃乙玲,023,025,
流行伴奏譜,約定,王心凌,023,025,
最新排行(簡譜)：最新單曲,愛情這呢苦,羅時豐/林孟婕,023,027,
流行豆芽譜,童話,光良,023,028,
最新排行(簡譜)：最新單曲,心已經醉已經碎,吳欣達,023,029,
最新排行(簡譜)：最新單曲,不倘擱傷我的心,楊宗憲,023,031,
流行伴奏譜,背叛,曹格,023,031,超級星光大道-票選排行冠軍曲
流行豆芽譜,天堂,光良,023,032,
最新排行(簡譜)：最新單曲,無情的十字路燈,詹雅雯,023,033,
最新排行(簡譜)：最新單曲,夢,許志安,023,035,
流行豆芽譜,翅膀,王心凌,023,036,
最新排行(簡譜)：最新單曲,小指,古巨基,023,037,
流行伴奏譜,笨蛋,金莎,023,038,
最新排行(簡譜)：最新單曲,冰雨,劉德華,023,039,
最新排行(簡譜)：最新單曲,回家,順子,023,041,
流行豆芽譜,兩極,任賢齊,023,041,電視劇「風雲2」主題曲
最新排行(簡譜)：最新單曲,沙灘,陶吉吉,023,043,
流行伴奏譜,旋律,林宇中,023,043,
最新排行(簡譜)：最新單曲,直覺,張信哲,023,045,
流行豆芽譜,原點,蔡健雅/孫燕姿,023,046,
最新排行(簡譜)：最新單曲,飛蛾,黃中原,023,047,
最新排行(簡譜)：最新單曲,祕密,張震嶽,023,049,
流行伴奏譜,錯過,蔡詩蕓,023,049,
最新排行(簡譜)：最新單曲,迷路,溫兆倫,023,051,
流行豆芽譜,挑釁,信樂團,023,051,
最新排行(簡譜)：最新單曲,情結,溫兆倫,023,053,
最新排行(簡譜)：最新單曲,單數,許美靜,023,055,
流行伴奏譜,中國話,S.H.E,023,055,
流行豆芽譜,愛盛開,徐捷兒,023,056,電視劇「火線任務」插曲
最新排行(簡譜)：最新單曲,罪過,劉嘉玲,023,057,
最新排行(簡譜)：最新單曲,預感,陳弈迅,023,059,
流行豆芽譜,雪花飄,張玉華,023,060,華視電視劇「升空高飛」片頭曲
最新排行(簡譜)：最新單曲,塵埃,鄭嘉穎,023,061,
流行伴奏譜,五月天,S.H.E,023,062,
最新排行(簡譜)：最新單曲,漩渦,許美靜,023,063,
流行豆芽譜,猜不透,張韶涵,023,064,韓劇「巴黎戀人」片頭曲
最新排行(簡譜)：最新單曲,撩動,林景瀅,023,065,
最新排行(簡譜)：最新單曲,蔓延,許美靜,023,067,
流行伴奏譜,現在的你,庭竹,023,067,韓劇【朱蒙】片頭曲
最新排行(簡譜)：最新單曲,醞釀,陳弈迅,023,069,
流行豆芽譜,我懂了她,李聖傑,023,069,
最新排行(簡譜)：最新單曲,斷念,黃中原,023,071,
最新排行(簡譜)：最新單曲,關心,葉蒨文,023,073,
流行伴奏譜,愛情轉移,陳奕迅,023,073,電影【愛情呼叫轉移】主題曲
最新排行(簡譜)：最新單曲,女人心,溫兆倫,023,075,
流行豆芽譜,終於明白,動力火車,023,075,電視劇「仙劍奇俠傳」片尾曲
最新排行(簡譜)：最新單曲,女人緣,張清芳,023,077,
流行伴奏譜,好久不見,陳奕迅,023,078,
最新排行(簡譜)：最新單曲,老夫妻,劉德華,023,079,
最新排行(簡譜)：最新單曲,戒情人,鄭中基,023,081,
流行豆芽譜,寂寞在唱歌,阿桑,023,081,
最新排行(簡譜)：最新單曲,我不睡,古巨基,023,083,
流行伴奏譜,愛的回答,辛曉琪,023,083,宮崎駿動畫電影【地海戰記】中文主題曲
最新排行(簡譜)：最新單曲,我相信,張信哲,023,085,
最新排行(簡譜)：最新單曲,花雨夜,張清芳,023,087,
流行豆芽譜,聽愛情走過,張玉華,023,087,華視電視劇「升空高飛」片頭曲
流行伴奏譜,說你愛我,S.H.E,023,088,
最新排行(簡譜)：最新單曲,妳說謊,許志安,023,089,
最新排行(簡譜)：最新單曲,孤星淚,劉德華,023,091,
流行豆芽譜,風中的蠟燭,江蕙,023,092,
最新排行(簡譜)：最新單曲,很受傷,任賢齊,023,093,
最新排行(簡譜)：最新單曲,看清楚,許志安,023,095,
流行伴奏譜,愛的天靈靈,王心凌,023,095,
流行豆芽譜,金鐘照鐵布衫,S.H.E,023,096,
最新排行(簡譜)：最新單曲,異鄉夢,溫兆倫,023,097,
最新排行(簡譜)：最新單曲,心情卡片,張信哲,023,099,
最新排行(簡譜)：最新單曲,世事無常,張清芳,023,101,
流行伴奏譜,那年夏天寧靜的海,王心凌,023,101,
流行豆芽譜,雙棲動物,蔡健雅,023,102,
最新排行(簡譜)：最新單曲,只有為你,庾澄慶,023,103,
最新排行(簡譜)：最新單曲,永遠等待,順子,023,105,
流行伴奏譜,原來這才是真的你,王心凌,023,105,
最新排行(簡譜)：最新單曲,灰色雨滴,趙詠華,023,107,
流行豆芽譜,愛我還是他,陶吉吉,023,107,
最新排行(簡譜)：最新單曲,查無此人,郭富城,023,109,
最新排行(簡譜)：最新單曲,愛到這樣,張宇,023,111,
流行伴奏譜,謝謝你的溫柔,S.H.E/飛輪海,023,111,
最新排行(簡譜)：最新單曲,愛很簡單,陶吉吉,023,113,
流行豆芽譜,一首簡單的歌,王力宏,023,113,韓劇「巴黎戀人」片尾曲
最新排行(簡譜)：最新單曲,愛情電影,許茹芸/熊天平,023,115,
最新排行(簡譜)：最新單曲,請你放心,趙詠華,023,117,
流行豆芽譜,青春考券,王心凌,023,118,
流行伴奏譜,心中的遺憾,徐懷鈺,023,118,
最新排行(簡譜)：最新單曲,聽你聽我,張惠妹,023,119,
最新排行(簡譜)：最新單曲,不要失去你,溫兆倫,023,121,
最新排行(簡譜)：最新單曲,台北的機場,溫兆倫,023,123,
最新排行(簡譜)：最新單曲,永遠的微笑,張清芳,023,125,
最新排行(簡譜)：最新單曲,因為愛上你,鄭嘉穎,023,127,
最新排行(簡譜)：最新單曲,別說愛情苦,劉德華/梅艷芳,023,129,
最新排行(簡譜)：最新單曲,我是你的誰,陳慧琳,023,131,
最新排行(簡譜)：最新單曲,我說不出來,張清芳,023,133,
最新排行(簡譜)：最新單曲,城裡的月光,許美靜,023,135,
最新排行(簡譜)：最新單曲,愛的初體驗,張震嶽,023,137,
最新排行(簡譜)：最新單曲,夢裡沒有你,李李仁,023,139,
最新排行(簡譜)：最新單曲,還隱隱作痛,動力火車,023,141,
最新排行(簡譜)：最新單曲,藍色計程車,黃品源,023,143,
最新排行(簡譜)：最新單曲,忘了時間的鐘,古巨基,023,145,
最新排行(簡譜)：最新單曲,卸不下的行李,鄭中基,023,147,
最新排行(簡譜)：最新單曲,為什麼想念你,劉嘉玲/楊采妮,023,149,
最新排行(簡譜)：最新單曲,聽那星光歌唱,許美靜,023,151,
最新排行(簡譜)：最新單曲,給你們的一封信,劉德華,023,153,
最新排行(簡譜)：最新單曲,想你醒在0:03,庾澄慶,023,155,
最新排行(簡譜)：最新單曲,愛怎麼會是這樣,任賢齊/小蟲,023,157,
最新排行(簡譜)：最新單曲,一個人的天荒地老,張宇,023,159,
最新排行(簡譜)：最新單曲,你是我心中最愛的人,郭富城,023,161,
最新排行(簡譜)：最新單曲,I Just Play My Guitar,孫協志,022,001,
流行豆芽譜,APNA,韓劇大長今,022,001,韓劇「大長今」插曲
流行伴奏譜,Super No.1,卓文萱,022,001,
Band態(團譜),給你一瓶魔法藥水,告五人,022,001,試聽檔下載
Band態(團譜),帶我去找夜生活,告五人,022,002,試聽檔下載
Band態(團譜),超跑情人夢,卜學亮,022,003,試聽檔下載
最新排行(簡譜)：最新單曲,I'm Sorry 安鎖咧,陳雷,022,003,
Band態(團譜),黑桃A,DJ小魚兒,022,004,試聽檔下載
Band態(團譜),烏梅子醬,李榮浩,022,005,試聽檔下載
最新排行(簡譜)：最新單曲,約束,孫淑媚,022,005,
流行豆芽譜,Olympic Dream(奧林匹克之夢),邁可森,022,005,
Band態(團譜),面會菜(演奏曲-改編),林生祥,022,006,試聽檔下載
Band態(團譜),大約在冬季,齊秦,022,007,試聽檔下載
最新排行(簡譜)：最新單曲,惜福,陳雷,022,007,
Band態(團譜),小城夏天,LBI利比,022,008,試聽檔下載
Band態(團譜),#1090(千夢一夜),松本孝弘,022,009,試聽檔下載
流行伴奏譜,搬家,梁詠琪,022,009,
最新排行(簡譜)：最新單曲,補破夢,王瑞霞,022,009,
Band態(團譜),戀歌,松本孝弘,022,010,試聽檔下載
Band態(團譜),華,松本孝弘,022,011,試聽檔下載
最新排行(簡譜)：最新單曲,天公伯啊,王瑞霞,022,011,
流行豆芽譜,Best Friend,理查克萊德門,022,012,日本電視劇 「美姑娘」主題曲
Band態(團譜),這幾年,美秀集團,022,012,試聽檔下載
Band態(團譜),一笑江湖/科目三.DJ彈鼓版,聞人聽書,022,013,試聽檔下載
最新排行(簡譜)：最新單曲,探戈悲歌,阿吉仔,022,013,
Band態(團譜),聖誕星,周杰倫,022,014,試聽檔下載
Band態(團譜),紅色高跟鞋,蔡健雅,022,015,試聽檔下載
最新排行(簡譜)：最新單曲,痴心,蔡麗津,141,016,
最新排行(簡譜)：最新單曲,選擇,曾瑋中/樓心潼,141,018,
最新排行(簡譜)：最新單曲,瓊花,葉啟田,141,020,
最新排行(簡譜)：最新單曲,七里香,洪榮宏/林為音,141,022,
最新排行(簡譜)：最新單曲,水姑娘,陳夏蓮,141,024,電視劇《甘味人生》片頭曲
最新排行(簡譜)：最新單曲,長途夜車,滅火器,141,026,
最新排行(簡譜)：最新單曲,人生看頭前,葉啟田,141,028,
最新排行(簡譜)：最新單曲,猶原愛著你,蔡佳麟,141,030,
最新排行(簡譜)：最新單曲,十五暝的月台,葉啟田,141,032,
最新排行(簡譜)：最新單曲,秋風秋雨秋夜情,洪榮宏,141,034,電視劇《甘味人生》片尾曲
最新排行(簡譜)：最新單曲,魂是英雄錢是膽,詹雅雯,141,036,
最新排行(簡譜)：最新單曲,Hush,Lasse Lindh,141,038,電視劇《孤單又燦爛的神-鬼怪》OST
最新排行(簡譜)：最新單曲,You're My Garden,鄭恩地,141,040,電視劇《大力女子都奉順》OST
最新排行(簡譜)：最新單曲,為了你(너를 위해),EXO CHEN/伯賢/XIUMIN,141,042,電視劇《月之戀人－步步驚心：麗》OST
最新排行(簡譜)：最新單曲,就像初雪我會走向你,Ailee,141,044,電視劇《孤單又燦爛的神-鬼怪》OST
最新排行(簡譜)：最新單曲,千古,阿蘭,141,046,電視劇《花千骨》片頭曲
最新排行(簡譜)：最新單曲,安儷,聖結石/Saint,141,050,
最新排行(簡譜)：最新單曲,看透,家家,141,052,
最新排行(簡譜)：最新單曲,倒流,郁可唯,141,056,電視劇《浮士德的微笑》插曲
最新排行(簡譜)：最新單曲,曖昧,薛之謙,141,058,
最新排行(簡譜)：最新單曲,凡人歌,五月天/蕭敬騰,141,061,
最新排行(簡譜)：最新單曲,夫妻臉,胖虎老田/蕭小M,141,064,
最新排行(簡譜)：最新單曲,家家酒,家家,141,066,電視劇《極品絕配》片尾曲
最新排行(簡譜)：最新單曲,啪啪啪,黃明志,141,068,
最新排行(簡譜)：最新單曲,醜八怪,薛之謙,141,070,
最新排行(簡譜)：最新單曲,一吻之間,張碧晨,141,072,電視劇《青年醫生》插曲
最新排行(簡譜)：最新單曲,不想上班,黃明志/肖央,141,074,
最新排行(簡譜)：最新單曲,成名在望,五月天,141,077,
最新排行(簡譜)：最新單曲,我的皇后,羅志祥,141,080,獅子吼之舞魂再現《冠軍ENCORE版》加贈全新單曲
最新排行(簡譜)：最新單曲,愛戀魔法,畢書盡(Bii),141,082,
最新排行(簡譜)：最新單曲,漂向北方,黃明志/王力宏,141,085,
最新排行(簡譜)：最新單曲,認真的雪,薛之謙,141,088,
最新排行(簡譜)：最新單曲,一直想著他,莊心妍,141,090,
最新排行(簡譜)：最新單曲,不曾回來過,李千娜,141,092,電視劇《通靈少女》插曲
最新排行(簡譜)：最新單曲,我還想念你,畢書盡(Bii),141,094,
最新排行(簡譜)：最新單曲,美女與野獸,田馥甄/井柏然,141,096,電影《美女與野獸》中文主題曲
最新排行(簡譜)：最新單曲,真的不想嘴,聖結石Saint/聖嫂Dodo,141,098,
最新排行(簡譜)：最新單曲,永不失聯的愛,周興哲,141,100,
最新排行(簡譜)：最新單曲,流著淚說分手,莊心妍,141,102,
最新排行(簡譜)：最新單曲,唱不完的副歌,信,141,104,
最新排行(簡譜)：最新單曲,分開不是誰不好,郭靜,141,106,
最新排行(簡譜)：最新單曲,一百種孤獨的理由,郭美美,141,108,
最新排行(簡譜)：最新單曲,你明明就很在乎我,莊心妍,141,110,
最新排行(簡譜)：最新單曲,別把疼你的人弄丟了,雨宗林,141,112,
最新排行(簡譜)：最新單曲,向前衝,袁小迪,140,014,
最新排行(簡譜)：最新單曲,回頭路,袁小迪/陳凱欣,140,016,
最新排行(簡譜)：最新單曲,思念的歌,曹雅雯,140,018,電視劇《春花望露》片頭曲
最新排行(簡譜)：最新單曲,逗陣兄弟,袁小迪/郭東聖,140,020,
最新排行(簡譜)：最新單曲,伊是阮老爸,賴銘偉,140,022,
最新排行(簡譜)：最新單曲,無限的日期,袁小迪,140,026,
最新排行(簡譜)：最新單曲,悲傷電影,陳雷,022,015,
Band態(團譜),我記得,趙雷,022,016,試聽檔下載
流行伴奏譜,逆光,孫燕姿,022,016,
Band態(團譜),Letting go,蔡健雅,022,017,試聽檔下載
最新排行(簡譜)：最新單曲,無名的歌,阿吉仔,022,017,
流行豆芽譜,Forever Love,王力宏,022,017,【I Win」銀飾廣告曲】
Band態(團譜),晴天,周杰倫,022,018,試聽檔下載
Band態(團譜),花,花兒樂隊,022,019,試聽檔下載
最新排行(簡譜)：最新單曲,傷心無話,孫協志,022,019,
Band態(團譜),愛丫愛丫,BY2,022,020,試聽檔下載
最新排行(簡譜)：最新單曲,癡情男兒,陳雷,022,021,
流行豆芽譜,祝福,江蕙,022,022,
最新排行(簡譜)：最新單曲,月圓心缺角,阿吉仔,022,023,
流行伴奏譜,擁抱,何耀珊,022,024,
最新排行(簡譜)：最新單曲,永遠不放棄,孫協志,022,025,
流行豆芽譜,浮雲,張韶涵,022,026,
最新排行(簡譜)：最新單曲,伸手亦越頭,陳雷,022,027,
最新排行(簡譜)：最新單曲,雨水滴心肝,王瑞霞,022,029,
最新排行(簡譜)：最新單曲,染色的頭鬃,陳雷,022,031,
流行豆芽譜,假如,信樂團,022,031,線上遊戲「金庸群俠傳Online20」主題曲
流行伴奏譜,我好了,元若藍,022,031,
最新排行(簡譜)：最新單曲,爽就免歹勢,阿吉仔,022,033,
最新排行(簡譜)：最新單曲,等你腳步聲,林晏如,022,035,
最新排行(簡譜)：最新單曲,愛的猶原是妳,阿吉仔,022,037,
流行豆芽譜,火星,林冠吟,022,037,
流行伴奏譜,天天想念,許嘉凌,022,037,偶像劇【國光異校】片尾曲
最新排行(簡譜)：最新單曲,愛情那會這呢難,孫淑媚,022,039,
最新排行(簡譜)：最新單曲,聲聲攏是你的名,王瑞霞,022,041,
流行豆芽譜,小丑魚,羅志祥,022,042,
最新排行(簡譜)：最新單曲,有情的人愛著無緣的人,林晏如,022,043,
最新排行(簡譜)：最新單曲,Mr.Moon,熊天平,022,045,
流行伴奏譜,我懷念的,孫燕姿,022,045,韓劇【綠薔薇】片頭曲
最新排行(簡譜)：最新單曲,悶,王菲,022,047,
流行豆芽譜,我愛你,S.H.E,022,047,
最新排行(簡譜)：最新單曲,演,張學友,022,049,
最新排行(簡譜)：最新單曲,人間,王菲,022,051,
流行伴奏譜,完美世界,楊培安,022,052,線上遊戲【完美世界】主題曲
最新排行(簡譜)：最新單曲,不走,杜德偉,022,053,
流行豆芽譜,何茫然,韓劇大長今,022,053,韓劇「大長今」插曲
最新排行(簡譜)：最新單曲,火花,張學友,022,055,
最新排行(簡譜)：最新單曲,完美,杜德偉,022,057,
流行豆芽譜,茉莉花,梁靜茹,022,057,
最新排行(簡譜)：最新單曲,戒指,梁詠琪,022,059,
流行伴奏譜,不可思議,金莎,022,059,
最新排行(簡譜)：最新單曲,明瞭,黃鶯鶯/陳小霞,022,061,
流行豆芽譜,手放開,李聖傑,022,062,
最新排行(簡譜)：最新單曲,洗臉,梁詠琪,022,063,
最新排行(簡譜)：最新單曲,麻醉,王菲,022,065,
流行伴奏譜,你不知道,楊韻禾,022,065,
流行豆芽譜,歐若拉,張韶涵,022,066,
最新排行(簡譜)：最新單曲,酸甜,黃鶯鶯,022,067,
最新排行(簡譜)：最新單曲,撲火,王菲,022,069,
最新排行(簡譜)：最新單曲,隨你,張雨生,022,071,
流行豆芽譜,毀滅愛情,林冠吟,022,071,
流行伴奏譜,愛的主旋律,卓文萱/黃鴻升,022,071,
最新排行(簡譜)：最新單曲,療傷,堂娜,022,073,
最新排行(簡譜)：最新單曲,懷念,王菲,022,075,
最新排行(簡譜)：最新單曲,體會,陳慧琳,022,077,
流行豆芽譜,灰色空間,羅志祥,022,077,電視劇「鬥魚2」片頭曲
流行伴奏譜,咕嘰咕嘰,孫燕姿,022,078,
最新排行(簡譜)：最新單曲,小小孩,陳譯賢,022,079,
最新排行(簡譜)：最新單曲,有時候,梁詠琪,022,081,
最新排行(簡譜)：最新單曲,枕邊書,洪敬堯,022,083,
流行豆芽譜,愛情程式,范逸臣,022,083,
最新排行(簡譜)：最新單曲,雪候鳥,熊天平,022,085,
流行伴奏譜,做你的公主,何耀珊,022,085,華視【至尊玻璃鞋】片尾曲
最新排行(簡譜)：最新單曲,舞月光,伍思凱,022,087,
最新排行(簡譜)：最新單曲,三天兩夜,張學友,022,089,
流行豆芽譜,輕閉雙眼,平井堅,022,089,電影「在世界的中心呼喊愛情」主題曲
最新排行(簡譜)：最新單曲,口是心非,張雨生,022,091,
流行伴奏譜,我們的紀念,李雅微,022,091,偶像劇【放羊的星星】插曲
最新排行(簡譜)：最新單曲,心有靈犀,熊天平,022,093,
最新排行(簡譜)：最新單曲,月亮森林,熊天平,022,095,
流行豆芽譜,遠走高飛,李聖傑,022,095,
最新排行(簡譜)：最新單曲,他不愛我,莫文蔚,022,097,
流行伴奏譜,其實還愛你,阿沁,022,097,
最新排行(簡譜)：最新單曲,你讓我忘,黎明,022,099,
最新排行(簡譜)：最新單曲,妳懂就好,陳曉東,022,101,
流行豆芽譜,別說對不起,S.H.E,022,101,
最新排行(簡譜)：最新單曲,甚麼世界,張學友,022,103,
流行伴奏譜,你聽見了嗎,何耀珊,022,104,衛視【七劍下天山】片尾曲
最新排行(簡譜)：最新單曲,捨不得你,鄭秀文,022,105,
最新排行(簡譜)：最新單曲,就是寂寞,堂娜,022,107,
流行豆芽譜,心中的日月,王力宏,022,107,
最新排行(簡譜)：最新單曲,黃色月亮,蘇慧倫,022,109,
流行伴奏譜,痛也不說出口的我,楊培安,022,110,中視金庸八點大戲【碧血劍】片尾曲
最新排行(簡譜)：最新單曲,製造浪漫,陳慧琳/鄭中基,022,111,
流行豆芽譜,男人.海洋,周傳雄,022,112,
最新排行(簡譜)：最新單曲,廣島之戀,莫文蔚/張洪量,022,113,
最新排行(簡譜)：最新單曲,隱形眼鏡,張學友,022,115,
流行豆芽譜,手心的太陽,張韶涵,022,116,
最新排行(簡譜)：最新單曲,一個人生活,范文芳,022,117,
流行伴奏譜,愛上愛的味道,張韶涵,022,117,
最新排行(簡譜)：最新單曲,什麼都別說,蔡幸娟,022,119,
最新排行(簡譜)：最新單曲,在秋天醒來,柯以敏,022,121,
最新排行(簡譜)：最新單曲,別讓情兩難,范文芳/張信哲,022,123,
最新排行(簡譜)：最新單曲,星星堆滿天,楊乃文,022,125,
最新排行(簡譜)：最新單曲,無情的情書,動力火車,022,127,
最新排行(簡譜)：最新單曲,想一個男生,莫文蔚,022,129,
最新排行(簡譜)：最新單曲,鄰居的耳朵,柯以敏,022,131,
最新排行(簡譜)：最新單曲,愛妳無目地,伍佰/China Blue,140,028,
最新排行(簡譜)：最新單曲,何年何月再相逢,詹雅雯,140,030,
最新排行(簡譜)：最新單曲,巴兩個啊乎我清醒,黃妃,140,032,
最新排行(簡譜)：最新單曲,Beautiful,Crush,140,034,電視劇《孤獨又燦爛的神-鬼怪》OST
最新排行(簡譜)：最新單曲,I Miss You,Soyou,140,036,電視劇《孤獨又燦爛的神-鬼怪》OST
最新排行(簡譜)：最新單曲,Love Story,LYn,140,038,電視劇《藍色海洋的傳說》OST
最新排行(簡譜)：最新單曲,Somewhere Someday(어디선가 언젠가),成始璄,140,040,電視劇《藍色海洋的傳說》OST
最新排行(簡譜)：最新單曲,忘記你這件事,Davichi,140,042,電視劇《月之戀人-步步驚心：麗》OST
最新排行(簡譜)：最新單曲,I Will Miss You,畢書盡(Bii),140,044,偶像劇《狼王子》插曲
最新排行(簡譜)：最新單曲,涼涼,楊宗緯/張碧晨,140,047,電視劇《三生三世十里桃花》片尾曲
最新排行(簡譜)：最新單曲,妮妮,黃宇哲,140,050,
最新排行(簡譜)：最新單曲,陪你,范瑋琪,140,052,電影《令伯特煩惱》主題曲
最新排行(簡譜)：最新單曲,當你,田馥甄,140,054,
最新排行(簡譜)：最新單曲,演員,薛之謙,140,056,
最新排行(簡譜)：最新單曲,小心肝,八三夭,140,059,
最新排行(簡譜)：最新單曲,好想你,四葉草,140,062,
最新排行(簡譜)：最新單曲,我賴你,蘇打綠,140,064,
最新排行(簡譜)：最新單曲,剛剛好,薛之謙,140,068,
最新排行(簡譜)：最新單曲,翻白眼,八三夭,140,070,電視劇《獨家保鑣》片頭曲
最新排行(簡譜)：最新單曲,光年之外,鄧紫棋,140,072,電影《Passengers》中國區主題曲
最新排行(簡譜)：最新單曲,是他不配,孫盛希,140,074,電視劇《浮士德的微笑》片頭曲
最新排行(簡譜)：最新單曲,時間有淚,張學友,140,076,
最新排行(簡譜)：最新單曲,純愛遊戲,阿沁/陳曼青,140,078,
最新排行(簡譜)：最新單曲,乾啦乾啦,八三夭/任賢齊/五月天/阿信,140,080,
最新排行(簡譜)：最新單曲,脫胎換骨,譚詠麟/五月天,140,082,
最新排行(簡譜)：最新單曲,微笑帶過,孫盛希,140,084,
最新排行(簡譜)：最新單曲,愛在身邊,周興哲,140,086,電視劇《愛在你聲邊》主題曲
最新排行(簡譜)：最新單曲,需要你的美,周湯豪,140,089,電視劇《真愛配方》主題曲
最新排行(簡譜)：最新單曲,難得孤寂,A-Lin,140,092,電視劇《鋼鐵之心》片尾曲
最新排行(簡譜)：最新單曲,聽說聽說,藍又時,140,094,
最新排行(簡譜)：最新單曲,靈魂伴侶,田馥甄,140,096,
最新排行(簡譜)：最新單曲,不關你的事,八三夭,140,098,電視劇《浮士德的微笑》片尾曲
最新排行(簡譜)：最新單曲,風景舊曾諳,韋禮安/郭靜,140,100,電視劇《孤芳不自賞》插曲
最新排行(簡譜)：最新單曲,該忘的日子,郭靜,140,102,電視劇《雲畫的月光》片尾曲/《步步驚心》片頭曲
最新排行(簡譜)：最新單曲,只願和你相愛,動力火車/閻奕格,140,104,
最新排行(簡譜)：最新單曲,很愛過一個人,丁噹,140,106,電視劇《奇星記之鮮衣怒馬少年時》片尾曲
最新排行(簡譜)：最新單曲,最後的831,八三夭樂團,140,108,
最新排行(簡譜)：最新單曲,說了再見以後,蘇打綠,140,110,
最新排行(簡譜)：最新單曲,孤獨是會上癮的,吳克群,140,112,
最新排行(簡譜)：最新單曲,最美不過初相見,孫子涵,140,114,
最新排行(簡譜)：最新單曲,來自天堂的魔鬼 AWAY,鄧紫棋,140,116,
最新排行(簡譜)：最新單曲,望川,林俊吉/葉諾帆,139,012,
最新排行(簡譜)：最新單曲,酸酸,詹雅雯,139,014,
最新排行(簡譜)：最新單曲,釋懷,郭婷筠/曹雅雯,139,016,
最新排行(簡譜)：最新單曲,一夜香,徐紫淇,139,018,電視劇《甘味人生》片頭曲
最新排行(簡譜)：最新單曲,乎你飛,蔡茗淇,139,020,
最新排行(簡譜)：最新單曲,紅豆湯,詹雅雯,139,022,
最新排行(簡譜)：最新單曲,等無愛,許富凱,139,024,電視劇《春花望露》片頭曲
最新排行(簡譜)：最新單曲,醉鴛鴦,蔡秋鳳/袁小迪,139,026,
最新排行(簡譜)：最新單曲,一心二葉,林俊吉/鳳娘,139,028,
